-- phpMyAdmin SQL Dump
-- version 5.1.1
-- https://www.phpmyadmin.net/
--
-- Host: 127.0.0.1
-- Generation Time: May 28, 2022 at 06:24 AM
-- Server version: 10.4.21-MariaDB
-- PHP Version: 7.4.23

SET SQL_MODE = "NO_AUTO_VALUE_ON_ZERO";
START TRANSACTION;
SET time_zone = "+00:00";


/*!40101 SET @OLD_CHARACTER_SET_CLIENT=@@CHARACTER_SET_CLIENT */;
/*!40101 SET @OLD_CHARACTER_SET_RESULTS=@@CHARACTER_SET_RESULTS */;
/*!40101 SET @OLD_COLLATION_CONNECTION=@@COLLATION_CONNECTION */;
/*!40101 SET NAMES utf8mb4 */;

--
-- Database: `requisitionapp`
--

-- --------------------------------------------------------

--
-- Table structure for table `claims_category`
--

CREATE TABLE `claims_category` (
  `id` int(11) NOT NULL,
  `name` varchar(36) DEFAULT NULL,
  `description` text NOT NULL,
  `created_at` date NOT NULL DEFAULT current_timestamp(),
  `createdby` varchar(36) NOT NULL
) ENGINE=InnoDB DEFAULT CHARSET=utf8mb4;

--
-- Dumping data for table `claims_category`
--

INSERT INTO `claims_category` (`id`, `name`, `description`, `created_at`, `createdby`) VALUES
(8, 'Drugs', 'Drugs', '2022-05-05', 'it@isalu.com'),
(9, 'Test', 'Test', '2022-05-05', 'it@isalu.com'),
(10, 'Immunization', 'Immunization', '2022-05-05', 'it@isalu.com'),
(11, 'Generator & Lubricants', 'Generator & Lubricants', '2022-05-05', 'it@isalu.com'),
(12, 'Laboratory Reagents', 'Laboratory Reagents', '2022-05-05', 'it@isalu.com'),
(13, 'X-ray & Scan', 'X-ray & Scan', '2022-05-05', 'it@isalu.com'),
(14, 'Kitchen / Canteen Items', 'Kitchen / Canteen Items', '2022-05-05', 'it@isalu.com'),
(15, 'Household items', 'Household items', '2022-05-05', 'it@isalu.com'),
(16, 'Consultation', 'Consultation', '2022-05-05', 'it@isalu.com'),
(17, 'Directors\' Emolument', 'Directors\' Emolument', '2022-05-05', 'it@isalu.com'),
(18, 'Directors\' Fees', 'Directors\' Fees', '2022-05-06', 'it@isalu.com'),
(19, 'Salaries / Wages', 'Salaries / Wages', '2022-05-06', 'it@isalu.com'),
(20, 'Allowances', 'Allowances', '2022-05-06', 'it@isalu.com'),
(21, 'Staff Medical & Welfare', 'Staff Medical & Welfare', '2022-05-06', 'it@isalu.com'),
(22, 'Pension', 'Pension', '2022-05-06', 'it@isalu.com'),
(23, 'Training & Development', 'Training & Development', '2022-05-06', 'it@isalu.com'),
(24, 'PAYE', 'PAYE', '2022-05-06', 'it@isalu.com'),
(25, 'Commission: on referral', 'Commission: on referral', '2022-05-06', 'it@isalu.com'),
(26, 'Commission: on debt Recovery', 'Commission: on debt Recovery', '2022-05-06', 'it@isalu.com'),
(27, 'Performance Bonus', 'Performance Bonus', '2022-05-06', 'it@isalu.com'),
(28, 'Overtime', 'Overtime', '2022-05-06', 'it@isalu.com'),
(29, 'Payment in lieu of Leave ', 'Payment in lieu of Leave ', '2022-05-06', 'it@isalu.com'),
(30, 'A/C Repair and Maintenance', 'A/C Repair and Maintenance', '2022-05-06', 'it@isalu.com'),
(31, 'Ambulance Ford Repair and Maintenanc', 'Ambulance Ford Repair and Maintenance', '2022-05-06', 'it@isalu.com'),
(32, 'Ambulance Volkswagen Repair and Main', 'Ambulance Volkswagen Repair and Maintenance', '2022-05-06', 'it@isalu.com'),
(33, 'Bank Charges', 'Bank Charges', '2022-05-06', 'it@isalu.com'),
(34, 'Bank Interest', 'Bank Interest', '2022-05-06', 'it@isalu.com'),
(35, 'Big Gen Repair / maintenance', 'Big Gen Repair / maintenance', '2022-05-06', 'it@isalu.com'),
(36, 'Camry 2008 (GM 2) Repair and Mainten', 'Camry 2008 (GM 2) Repair and Maintenance', '2022-05-06', 'it@isalu.com'),
(37, 'Computer & Accessory', 'Computer & Accessory', '2022-05-06', 'it@isalu.com'),
(38, 'Electrical Maintenance', 'Electrical Maintenance', '2022-05-06', 'it@isalu.com'),
(39, 'Electrical Maintenance @ANNEX 1', 'Electrical Maintenance @ANNEX 1', '2022-05-06', 'it@isalu.com'),
(40, 'Electrical Maintenance @ANNEX 2', 'Electrical Maintenance @ANNEX 2', '2022-05-06', 'it@isalu.com'),
(41, 'Electrical Maintenance @ AY', 'Electrical Maintenance @ AY', '2022-05-06', 'it@isalu.com'),
(42, 'Equipment Maintenance', 'Equipment Maintenance', '2022-05-06', 'it@isalu.com'),
(43, 'Ford Edge (GM 3) Repair and Maintena', 'Ford Edge (GM 3) Repair and Maintenance', '2022-05-06', 'it@isalu.com'),
(44, 'Fueling - Ambulance Ford', 'Fueling - Ambulance Ford', '2022-05-06', 'it@isalu.com'),
(45, 'Fueling - Ambulance Volkswagen', 'Fueling - Ambulance Volkswagen', '2022-05-06', 'it@isalu.com'),
(46, 'Fueling - Big Gen', 'Fueling - Big Gen', '2022-05-06', 'it@isalu.com'),
(47, 'Fueling - Camry 2008 (GM 2)', 'Fueling - Camry 2008 (GM 2)', '2022-05-06', 'it@isalu.com'),
(48, 'Fueling - Ford Edge (GM3)', 'Fueling - Ford Edge (GM3)', '2022-05-06', 'it@isalu.com'),
(49, 'Fueling - Hilux', 'Fueling - Hilux', '2022-05-06', 'it@isalu.com'),
(50, 'Fueling - Toyota Highlander (CEO)', 'Fueling - Toyota Highlander (CEO)', '2022-05-06', 'it@isalu.com'),
(51, 'Fueling - Toyota Highlander (GM 1)', 'Fueling - Toyota Highlander (GM 1)', '2022-05-06', 'it@isalu.com'),
(52, 'Fueling - Toyota Sienna', 'Fueling - Toyota Sienna', '2022-05-06', 'it@isalu.com'),
(53, 'Fueling - tricycle', 'Fueling - tricycle', '2022-05-06', 'it@isalu.com'),
(54, 'Gen Repair / Maintenance', 'Gen Repair / Maintenance', '2022-05-06', 'it@isalu.com'),
(55, 'Gen Repair / Maintenance @ Annex 2 -', 'Gen Repair / Maintenance @ Annex 2 - 100KVA', '2022-05-06', 'it@isalu.com'),
(56, 'Gen Repair / Maintenance @ Annex 2 -', 'Gen Repair / Maintenance @ Annex 2 - 60KVA', '2022-05-06', 'it@isalu.com'),
(57, 'Gen Repair / Maintenance @ AY - 135K', 'Gen Repair / Maintenance @ AY - 135KVA', '2022-05-06', 'it@isalu.com'),
(58, 'Gen Repair / Maintenance @ AY - 350K', 'Gen Repair / Maintenance @ AY - 350KVA', '2022-05-06', 'it@isalu.com'),
(59, 'Gen Repair / Maintenance @ CEO - 5KV', 'Gen Repair / Maintenance @ CEO - 5KVA', '2022-05-06', 'it@isalu.com'),
(60, 'General Maintenance', 'General Maintenance', '2022-05-06', 'it@isalu.com'),
(61, 'Hilux Repair and maintenance ', 'Hilux Repair and maintenance ', '2022-05-06', 'it@isalu.com'),
(62, 'Housekeeping ', 'Housekeeping', '2022-05-06', 'it@isalu.com'),
(63, 'Insurance / Pension', 'Insurance / Pension', '2022-05-06', 'it@isalu.com'),
(64, 'License Renewal Charges', 'License Renewal Charges', '2022-05-06', 'it@isalu.com'),
(65, 'Light & Heat (PHCN)', 'Light & Heat (PHCN)', '2022-05-06', 'it@isalu.com'),
(66, 'Electricity Bill @ ANNEX 2', 'Electricity Bill @ ANNEX 2', '2022-05-06', 'it@isalu.com'),
(67, 'Electricity Bill @ AY', 'Electricity Bill @ AY', '2022-05-06', 'it@isalu.com'),
(68, 'MD Domestic / Med. Exps', 'MD Domestic / Med. Exps', '2022-05-06', 'it@isalu.com'),
(69, 'Office & Utility Expenses', 'Office & Utility Expenses', '2022-05-06', 'it@isalu.com'),
(70, 'Postage ', 'Postage', '2022-05-06', 'it@isalu.com'),
(71, 'Telephone', 'Telephone', '2022-05-06', 'it@isalu.com'),
(72, 'Newspaper & Periodicals', 'Newspaper & Periodicals', '2022-05-06', 'it@isalu.com'),
(73, 'PR / Entertainment', 'PR / Entertainment', '2022-05-06', 'it@isalu.com'),
(74, 'Printing', 'Printing', '2022-05-06', 'it@isalu.com'),
(75, 'Stationery ', 'Stationery ', '2022-05-06', 'it@isalu.com'),
(76, 'Rent', 'Rent', '2022-05-06', 'it@isalu.com'),
(77, 'Rates', 'Rates', '2022-05-06', 'it@isalu.com'),
(78, 'Sales Commission', 'Sales Commission', '2022-05-06', 'it@isalu.com'),
(79, 'Sundry / Advertisement ', 'Sundry / Advertisement ', '2022-05-06', 'it@isalu.com'),
(80, 'Taxes ', 'Taxes', '2022-05-06', 'it@isalu.com'),
(81, 'Renovation', 'Renovation', '2022-05-06', 'it@isalu.com'),
(82, 'Tax Consultancy Fee', 'Tax Consultancy Fee', '2022-05-06', 'it@isalu.com'),
(83, 'Toyota Highlander (CEO) Repair and M', 'Toyota Highlander (CEO) Repair and Maintenance ', '2022-05-06', 'it@isalu.com'),
(84, 'Toyota Highlander (GM 1) Repair and ', 'Toyota Highlander (GM 1) Repair and Maintenance ', '2022-05-06', 'it@isalu.com'),
(85, 'Toyota Sienna Repair and Maintenance', 'Toyota Sienna Repair and Maintenance', '2022-05-06', 'it@isalu.com'),
(86, 'Transport / Travel', 'Transport / Travel', '2022-05-06', 'it@isalu.com'),
(87, 'Tricycle Repair and Maintenance', 'Tricycle Repair and Maintenance', '2022-05-06', 'it@isalu.com'),
(88, 'Security Expenses', 'Security Expenses', '2022-05-06', 'it@isalu.com'),
(89, 'Refund to Patients', 'Refund to Patients', '2022-05-06', 'it@isalu.com'),
(90, 'Audit Fees', 'Audit Fees', '2022-05-06', 'it@isalu.com'),
(91, 'Legal Charges', 'Legal Charges', '2022-05-06', 'it@isalu.com'),
(92, 'Other Professional Consultancy Fee', 'Other Professional Consultancy Fee', '2022-05-06', 'it@isalu.com'),
(93, 'Spectranet Subscription', 'Spectranet Subscription', '2022-05-09', 'it@isalu.com'),
(94, 'LAWMA', 'LAWMA CHARGES', '2022-05-11', 'it@isalu.com'),
(95, 'SITE WORKS', 'SITE WORK', '2022-05-11', 'it@isalu.com'),
(96, 'POWER PACK', 'POWER PACK', '2022-05-11', 'it@isalu.com'),
(97, 'INDUCTEE', 'INDUCTION', '2022-05-11', 'it@isalu.com'),
(98, 'REFRESHMENT ', 'REFRESHMENT', '2022-05-11', 'it@isalu.com'),
(99, 'Snacks', 'Snacks', '2022-05-11', 'it@isalu.com'),
(100, 'Drinks', 'Drinks', '2022-05-11', 'it@isalu.com'),
(101, 'Space', 'Space', '2022-05-11', 'it@isalu.com'),
(102, 'IT', 'IT', '2022-05-11', 'it@isalu.com'),
(103, 'Diesel', 'Diesel', '2022-05-11', 'it@isalu.com'),
(104, 'Building Materials', 'Building Materials', '2022-05-11', 'it@isalu.com'),
(105, 'physiotherapist', 'physiotherapist', '2022-05-11', 'it@isalu.com'),
(106, 'WEBSITE/BLOG', 'WEBSITE/BLOG', '2022-05-12', 'it@isalu.com'),
(107, 'Extra Duty', 'Extra Duty', '2022-05-13', 'it@isalu.com'),
(108, 'Prepaid Recharge (Annex 2)', 'Prepaid Recharge (Annex 2)', '2022-05-13', 'it@isalu.com'),
(109, 'EXTERNAL INVESTIGATION (LAB/RADIOLOG', 'EXTERNAL INVESTIGATION', '2022-05-13', 'it@isalu.com'),
(110, 'CUG subscription ', 'CUG subscription', '2022-05-13', 'it@isalu.com'),
(111, 'PANLA FISH', 'PANLA FISH', '2022-05-18', 'it@isalu.com'),
(112, 'oxygen purchase', 'oxygen purchase', '2022-05-20', 'it@isalu.com'),
(114, 'Plumbing materials', 'Plumbing materials', '2022-05-20', 'it@isalu.com');

-- --------------------------------------------------------

--
-- Table structure for table `claims_detail`
--

CREATE TABLE `claims_detail` (
  `id` int(11) NOT NULL,
  `claim_id` int(11) NOT NULL,
  `Amount` decimal(19,4) NOT NULL,
  `Description` text NOT NULL
) ENGINE=InnoDB DEFAULT CHARSET=utf8mb4;

--
-- Dumping data for table `claims_detail`
--

INSERT INTO `claims_detail` (`id`, `claim_id`, `Amount`, `Description`) VALUES
(25, 27, '20000.0000', 'For Spectranet Subscriptions (Annex 2 usage).'),
(31, 33, '1000.0000', '3 Pepsi  (N450), 1 buiscuit (N50), 3 coke (450),  one craker buiscuit (N50)'),
(32, 34, '51000.0000', 'PAYMENT FOR 3 PINTS OF BLOOD--INV NUB 05327.'),
(33, 34, '51000.0000', 'PAYMENT FOR 3 PINT OF BLOOD -----INV NUMB 05325'),
(35, 35, '68000.0000', ' PAYMENT FOR 4 PINT OF BLOOD----INV NUMB 05734'),
(36, 36, '34000.0000', 'PAYMENT FOR 2 PINTS OF BLOOD---INV NUM 02472'),
(37, 37, '750.0000', 'Samson Adekomaya   (Nursing)\nEzenwaka Chiamaka   (Nursing)\nDr Ogbonna         (Doctor)'),
(38, 38, '1750.0000', 'Refreshment for intending employee'),
(48, 44, '7750.0000', 'REPLACEMENT OF MICROWAVE ELEMENT '),
(49, 44, '1500.0000', 'TRANSPORTATION TO PURCHASE OF ELEMENT FOR MICROWAVE'),
(61, 51, '245857.0000', '2% commission on sales turnover'),
(62, 52, '1100.0000', 'PURCAHSE OF 2PCS OF BULB @ 300 AND 4 MINUTE GUM 500'),
(63, 53, '30000.0000', '2PCS OF HP 840 KEYBOARD 2 15000'),
(64, 54, '150000.0000', 'PLASTERING OF STAIRCASE STRINGERS AND SOFFIT '),
(65, 55, '90000.0000', '180AH DEEP CYCLE BATTERIES'),
(66, 55, '5000.0000', 'TRANSPORTATION'),
(67, 55, '7125.0000', 'VAT'),
(68, 56, '37600.0000', 'SERVICING OF 60KVA GEN. SET'),
(69, 56, '20000.0000', 'ELECTRICAL REPAIRS (LAPTOP DETECTION)'),
(70, 56, '4320.0000', 'VAT 7.5%'),
(71, 57, '10000.0000', 'REMOVAL OF SCALFOLDING CLIPS '),
(73, 60, '4500.0000', 'COMPLETE DOOR KEY @ NEW DOCTORS ROOM'),
(74, 60, '4440.0000', '12 YARDS OF SAND PAPER'),
(95, 62, '1679539.0000', 'APRIL NEPA BILL FOR 2022 IN ISALU HOSPITALS LIMITED'),
(97, 64, '1270000.0000', '2000LITRE OF DIESEL @ SITE @ 635'),
(98, 65, '4000.0000', 'WIRING WORK AT HMO AND DOCTORS ROOM IN AY'),
(99, 66, '90000.0000', '180AH DEEP CYCLE BATTERIES'),
(100, 66, '5000.0000', 'TRANSPROTATION'),
(101, 66, '6750.0000', 'VAT 0N COST 7.5%'),
(102, 67, '37600.0000', 'SERVICING OF 60KVA GEN. SET'),
(103, 67, '20000.0000', 'ELECTRICAL REPAIRS ON LAPTOP DETECTION'),
(104, 67, '4275.0000', 'VAT ON COST 7.5%'),
(105, 68, '5000.0000', 'DATA SUBSCRIPTION'),
(117, 70, '2500.0000', 'For local government vaccine.'),
(118, 71, '5000.0000', 'BALANCE PAYMENT FOR ROOFING WORK @ AY AND ANNEX 1 AND INITIAL PAYMENT WAS 12000 AND WE GAVE HIM 7000 BEFORE AND NOW 5000'),
(123, 75, '7500.0000', '1500*5 PACKS OF DRINKS FOR MOTHER-CRAFT'),
(124, 75, '16800.0000', '280*60PCS OF SNACKS FOR MOTHER-CRAFT'),
(125, 75, '25000.0000', 'AY SPACE FOR MOTHER-CRAFT LECTURE'),
(128, 77, '5000.0000', 'DATA SUBSCRIPTION FOR WEBSITE / BLOG '),
(129, 78, '81400.0000', '6pcs gall of white paints. (N9000 each), 1pc of white paints, (8500 each). 6pcs gallon of thiner (N300 each). 3pcs of filler (N3000 each) for painting of Doctors Rm, HMO, Rm 103, Rm 104 '),
(130, 79, '36000.0000', 'Additional paints for painting Doctors Rm, HMO, Rm 103 and Rm 104.\n4 gallons pitches @ N9000each\n'),
(131, 72, '1410000.0000', 'Site Annex\n6pcs of Midea split unit AC @N235,000 each.'),
(133, 81, '1410000.0000', 'PURCHASE OF 6PCS OF AIR CONDITION @ SITE ANNEX @ 235,000'),
(134, 82, '56545.0000', '65kva generator maintenance in Annex2. see invoice no: ISL/G/022/004'),
(135, 83, '500.0000', '3 cocacola (450) 1 biscuit  (50)'),
(137, 83, '500.0000', '3 pepsi (450) 1 cracker biscuite (50)'),
(139, 84, '1410000.0000', '6PCS OF AIR CONDITIONER @ 235,000 FOR ADMIN STAFF @ SITE ANNEX '),
(140, 85, '1750.0000', 'Refreshment for intending employees\n7 cokes  (1050)\n7 biscuits  (700)'),
(141, 86, '5000.0000', 'PURCHASE OF 2PCS OF PAN CONNECTOR @ 2500 IN NURSERY UNIT AND BALM GILEAD HOUSE BESIDE SITE ANNEX (IOU)'),
(142, 87, '8000.0000', 'change of fuel pump chamber  I.O.U'),
(143, 88, '1000.0000', 'Additional payment for furniture work at AY ( couch consulting room 6)'),
(148, 93, '85000.0000', 'Purchase of sharp sand for Site Annex. See Invoice 00025'),
(150, 95, '30000.0000', '2PCS OF WALL FAN @ 15000 FOR ADMIN STAFF IN SITE ANNEX'),
(151, 96, '30000.0000', '2PCS OF WALL FAN @15000 FOR ADMIN STAFF IN SITE ANNEX AS IOU'),
(152, 97, '18705.0000', 'BALANCE PAYMENT FOR VAT @ SITE ANNEX'),
(153, 98, '80000.0000', 'ESTIMATE OF GATE REPAIR'),
(155, 99, '5500.0000', 'BREAD'),
(156, 99, '200.0000', 'SCENT LEAF'),
(157, 99, '700.0000', 'UGU'),
(158, 99, '3000.0000', 'EFOR'),
(159, 99, '1000.0000', 'AGIDI'),
(160, 99, '3000.0000', 'EJA KIKA'),
(161, 99, '500.0000', 'EWEDU'),
(162, 99, '15000.0000', 'CAT FISH'),
(163, 99, '3000.0000', 'PLAINTAIN'),
(164, 99, '32000.0000', 'GAS'),
(167, 100, '800.0000', ' 1pcs of padlock to secure the fuel @ Annex 2'),
(168, 100, '3000.0000', '2pcs of chain @ 1500 to secure the fuel @ Annex 2 '),
(169, 100, '1000.0000', '1pcs of evostic gum to gum the carpet @ doctors room in Annex 1'),
(170, 101, '4000.0000', 'For Extra duty'),
(171, 102, '50000.0000', 'Subscription of  prepaid meter in ANX 2  '),
(172, 104, '293700.0000', 'STATIONERIES FOR THE MONTH OF MAY 2022 IN ISALU WITH THE INVOICE NUMBER OF (0011541 AND 0011542)'),
(173, 105, '50000.0000', 'Subscription of prepaid meter ANX 2 I.O.U'),
(178, 106, '34000.0000', 'PAYMENT FOR 2 PINTS OF BLOOD----INV NUMB 05735'),
(180, 107, '58000.0000', 'PAYMENT FOR 5 PINTS OF BLOOD --- INV NUMB 05334'),
(181, 108, '1600.0000', 'RENTAGE FOR CHAIR OF 2 DOZEN @ 800 FOR MOTHERCRAFT ON SATURDAYS 14/5/2022 IN ISALU'),
(182, 109, '1000.0000', 'PURCHASE OF BUSHING FOR FIXING OF NEW PUMP @ AY (IOU)'),
(183, 109, '1400.0000', 'PAN CONNECTOR IN STAFF TOILET (IOU)'),
(184, 109, '4000.0000', 'LONG NECK TAP @ AY KITCHEN SINK (IOU)'),
(186, 110, '38000.0000', 'SUPPLY OF 16BAGS OF TISSUE PAPER @2375 FROM BELIMPEX COMPANY'),
(187, 110, '205000.0000', 'SUPPLY OF 600PCS OF BAGS @ 341.67'),
(189, 114, '70560.0000', 'HYPARXIS INTEGRATED SOLUTIONS FOR THE MONTH OF APRIL'),
(190, 113, '38000.0000', 'SUPPLY OF 16BAGS OF TISSUE PAPER 2375 FROM BELIMPEX COMPANY TO ISALU '),
(191, 113, '205000.0000', 'SUPPLY OF 600PCS OF BAGS @ 341.67 FROM LAGOS ISLAND'),
(192, 113, '591200.0000', 'OTHERS ITEMS ARE TO BE PURCHASE FROM OPEN MARKET (IOU)'),
(193, 116, '23200.0000', '0.45M LONGSTANDING SHEET 8M @ 2900'),
(194, 115, '2000.0000', 'Being cost of changing Nursing station Annex 1 down and the Ward Managers CUG charging points'),
(195, 116, '1000.0000', 'NAIL'),
(196, 116, '3000.0000', 'TRANSPORTATION'),
(197, 116, '15000.0000', 'WORKMANSHIP'),
(198, 120, '38000.0000', 'SUPPLY OF 16BAGS OF TISSUE PAPER @ 2375 FROM BELIMPEX COMPANY (IOU)'),
(199, 120, '205000.0000', 'SUPPLY OF 600PCS OF BAGS @ 341.67 FROM LAGOS ISLAND'),
(200, 120, '591200.0000', 'OTHERS ITEM WILL BE BUY FROM OPEN MARKET (IOU)'),
(201, 121, '205000.0000', 'SUPPLY OF 600PCS OF BAGS @ 341.67 FROM LAGOS ISLAND (IOU)'),
(202, 121, '38000.0000', '16BAGS OF TISSUE PAPER @ 2375 FROM BELIMPEX COMPANY (IOU)'),
(203, 121, '591200.0000', 'OTHERS WILL BE PURCHASE FROM THE OPEN MARKET (IOU)'),
(204, 122, '6059.3000', 'AMAZON WEB SERVICE SUBSCRIPTION FOR THE MONTH OF APRIL ($10.27 at the rate of N590)'),
(205, 123, '25000.0000', 'PURCHASE OF TOKUNBO AUTOMATOR FOR GREEN HIGHLANDER'),
(206, 123, '3000.0000', 'WORKMANSHIP FOR REPAIR OF GREEN HIGHLANDER AUTOMATOR'),
(209, 124, '6000.0000', '3PCS OF 18WATT LED LIGHT @ 2000 FOR OLD DOCTORS ROOM'),
(211, 127, '71100.0000', 'Being payment for external investigation (BRAIN MRI) @ clinx '),
(212, 128, '25000.0000', 'PURCHASE OF TOKUNBO ALTERNATOR'),
(213, 128, '3000.0000', 'WORKMANSHIP FOR REPAIR OF GREEN HIGHLANDER ALTERNATOR FOR GM 1 OFFICIAL CAR'),
(214, 129, '80000.0000', 'Repair of site Annex Gate '),
(215, 130, '85000.0000', 'PAYMENT FOR 5PINTS OF BLOOD INV NUMB 05334 (CORRECTED ONE )'),
(217, 131, '2000.0000', 'BEING PAYMENT FOR THE OVERTIME DONE IN PLACE OF IKENA CHIDIKE THAT WAS ABSENT FROM DUTY ON SUNDAY, MAY 1, 2022'),
(218, 132, '2000.0000', 'BEING PAYMENT FOR THE OVERTIME DONE IN PLACE OF GODWIN IDZI) THAT WAS ABSENT FROM DUTY ON SUNDAY, MAY 1, 2022'),
(219, 133, '4000.0000', 'BEING ABSENT FROM DUTY FOR GODWIN IDZI AND IKENNA CHIDIKE(3D SECURITY)  ON SUNDAY, MAY 1, 2022'),
(220, 135, '7000.0000', 'purchase of Dopamin injection emergency I.O.U'),
(221, 136, '4000.0000', 'WARDROUND DOCTOR	09095994080, NEW CALL DOCTOR	08096938058, MAINTENANCE AY	08093930762, PHARMACY GENERAL (OFFICE)	08172001529\n'),
(222, 137, '4000.0000', 'RECHARGE OF CUG MONTHLY SUBSCRIPTION ON THE FOLLOWING CUG LINES\nWARDROUND DOCTOR	9095994080\nNEW CALL DOCTOR	8096938058\nMAINTENANCE AY	8093930762\nPHARMACY GENERAL (OFFICE)	8172001529\n'),
(223, 138, '1000.0000', 'SEDIK MOHAMMED HG/2251A'),
(224, 138, '1000.0000', 'OBI FELIX MSH/3420A'),
(225, 138, '1000.0000', 'ANOKAM UCHECHUKWU HG/2002A'),
(226, 138, '1000.0000', 'AKIGBOGUN OMOTONILOLA RH/692A'),
(227, 138, '1000.0000', 'IMAJI FARUNA F/9445B'),
(228, 138, '1000.0000', 'OSUNLETI ADEBISI P/9869'),
(229, 138, '1000.0000', 'MBAEGBU EZINNE HG/1944A'),
(230, 138, '1000.0000', 'AKANDE OMOBOLANLE CL/99A'),
(231, 138, '1000.0000', 'ADEBAYO OLAJIDE F/2477D( INPATIENT)'),
(233, 140, '1000.0000', 'OTI OLUFUNKE HG/1483'),
(234, 140, '1000.0000', 'ANOKAN UCHECHUKWU HG/2002A'),
(235, 140, '1000.0000', 'FABILOLA OLUWASINAOLA MSH/4760A'),
(236, 140, '1000.0000', 'ONYEKWE JUDE MSH/1633D'),
(237, 140, '1000.0000', 'FASHOLA DANIEL MSH/5979A'),
(238, 140, '1000.0000', 'ITODO CHIEMEZUE HG/7676A'),
(239, 140, '1000.0000', 'IGUNBOR EFOSA HG/578B'),
(240, 140, '1000.0000', 'KANIKWU ANTHONY LB/237A'),
(241, 140, '1000.0000', 'AKINDELE CLARA MSH/6534A'),
(242, 140, '1000.0000', 'KEHINDE PROSPER MSH/3354B'),
(243, 140, '1000.0000', 'OBI FELIX MSH/3420A'),
(244, 140, '1000.0000', 'OBIORA EMMANUEL HG/8109A'),
(245, 140, '1000.0000', 'OLUGA OLAYINKA MSH/2318A'),
(246, 140, '1000.0000', 'OLUSEGUN CHRISTIANA LH/125A'),
(247, 140, '1000.0000', 'DAWODU ADEYINKA MSH/3741A'),
(248, 141, '35000.0000', 'Purchase of silicon for external facade tiling installation @site mainbuilding. N3500 each for 10pcs IOU'),
(249, 142, '12000.0000', 'MARINE  BOARD'),
(250, 142, '1200.0000', '2\'\' OF CONCRETE NAIL 2 PACKS @ 600 FOR SITE '),
(251, 142, '3000.0000', 'SAWNING OF 3 BOARDS \nNOTE: THE INVOICE OF THIS ITEMS ARE 000504 @ SITE ANNEX AND MAINBUILDING'),
(252, 143, '5500.0000', 'BREAD'),
(253, 143, '5000.0000', 'VEGETABLE SOUP'),
(254, 143, '2000.0000', 'GRINDING'),
(255, 143, '26000.0000', 'EGG'),
(256, 143, '500.0000', 'EWEDU'),
(257, 143, '1800.0000', 'AKARA'),
(258, 143, '10000.0000', 'YAM'),
(259, 143, '600.0000', 'HOT DOG'),
(260, 143, '500.0000', 'MOI-MOI FISH'),
(261, 143, '13500.0000', 'PAP'),
(262, 143, '4000.0000', 'PLAINTAIN'),
(263, 143, '500.0000', 'UZIZA'),
(264, 143, '1000.0000', 'BREAD'),
(265, 143, '37400.0000', 'CHICKEN'),
(266, 143, '38700.0000', 'FISH'),
(267, 144, '10000.0000', 'PAYMENT OF LOADING BROKEN BLOCKS@SITE\n'),
(268, 145, '5000.0000', '1/4 PLYWOOD IMPORTED'),
(269, 145, '500.0000', '1 PAN OF 3/4\" SCREW'),
(270, 145, '400.0000', '1 PAN OF 2\" SCREW'),
(271, 145, '600.0000', '1 PAN OF 1\" NAIL'),
(272, 146, '70000.0000', 'Repair of engine gas cylinder for the old ambulance'),
(273, 147, '5000.0000', '1/4 PLYWOOD IMPORTED'),
(274, 147, '500.0000', '1 PAN OF 3/4\" SCREW'),
(275, 147, '400.0000', '1 PAN OF 2\" SCREW'),
(276, 147, '600.0000', '1 PAN 0F NAIL\nNOTE THE REPAIR OF DRUG SHELVES FOR THE PHARMACY MAIN STORE'),
(277, 148, '68000.0000', '5 TONNES OF GRANITE STONE  FOR SITE '),
(278, 149, '100000.0000', 'Payment for AC installation at site annex, N100,000. to balance N120,000 after all installations'),
(279, 151, '76000.0000', 'PURCHASE OF 2 KEGS OF  ENGINE OIL FOR DIESEL GENERATOR @38000'),
(280, 152, '1800.0000', 'For extra 12 bottles of drinks for Mother craft'),
(281, 152, '1700.0000', 'For extra snacks  (3 baked fish @300 and 4 jam doughnut @ 200) For Mother craft'),
(282, 153, '30000.0000', 'PAYMENT FOR HP840 KEYBOARDS G1&G2 (WITH LIGHT) FOR QUICK BOOK AND CASH DESK'),
(283, 154, '76000.0000', 'I.O.U PURCHASE OF 2KEGS OF ENGINE OIL FOR GENERATOR @ 38000'),
(284, 155, '8000.0000', 'WORKMANSHIP FOR PIECES & RE FIXING OF DRUG SHELVES FROM ANNEX 2 TO SITE '),
(285, 156, '10000.0000', 'Relocation of cables from wall to the board at Site '),
(286, 157, '100000.0000', 'Prepaid PHCN bill for MD house'),
(287, 158, '13000.0000', 'Being payment for external investigations for the month of April'),
(288, 159, '1000.0000', 'Additional payment for the purchase of silicon for Site Mainbuilding.\n12pcs @N3000 each'),
(289, 160, '11800.0000', '6 SMALL ENVELOP @ N450                       = N2,700\n14 BIG ENVELOP @ N650                           = N9,100\nTOTAL AMOUNT                                           = N11,800'),
(290, 161, '8000.0000', 'WORKMANSHIP FOR PIECES AND REFIXING OF DRUG SHELVE FROM ANNEX 2 TO NEW SITE '),
(291, 162, '5000.0000', '1/4 PLYWOOD IMPORTED FOR PAHARMACY STORE @ ANNEX 2'),
(292, 162, '500.0000', 'PAN OF 3/4 SCREW FOR PHARMACY STORE @ ANNEX 2'),
(293, 162, '400.0000', '2\'\' OF PAN SCREW FOR PHARMACY STORE IN ANNEX 2'),
(294, 162, '600.0000', '1\'\' OF  PAN PAIL AT PHARMACY STORE IN ANNEX '),
(296, 163, '50000.0000', 'REPLACEMENT OF WHEEL TYRE'),
(298, 163, '20000.0000', 'SERVICING OF X-RAY MACHINE AT RADIOLOGY'),
(299, 163, '5000.0000', 'TRANSFORMER OIL TOPUP FOR REPAIR OF WHEEL CHAIR AT RADIOLOGY INVOICE NUMBER 03227'),
(301, 166, '6400.0000', '5 PACKS OF MALARIA CASSETTE'),
(303, 167, '635.0000', 'Supply of 7000litres of diesel @ isalu and site'),
(304, 168, '635.0000', 'Supply of 7000litres of diesel @ isalu and a.y'),
(305, 169, '4445000.0000', 'Supply of 7000litres of diesel @ A.Y and Site'),
(306, 171, '4980000.0000', 'Purchase of generator @ A.Y'),
(307, 172, '7000.0000', 'PHYSIOTHERAPY CONSULT'),
(308, 173, '1000.0000', 'OSUNLETI ADEBISI  ---P/9869'),
(309, 173, '1000.0000', 'AKINDIPE FRANCISCA--AVO/189A'),
(310, 173, '1000.0000', 'GODO OLUWABUNMI-- MSH/2119C'),
(311, 173, '1000.0000', 'AKANDE OMOBOLANLE ---CL/99A'),
(312, 173, '1000.0000', 'IMAJI FARUNA---F/9445B'),
(313, 173, '1000.0000', 'MBAEGBU EZINNE---HG/1944A'),
(314, 173, '1000.0000', 'KEHINDE PROSPER---MSH/3354B'),
(315, 174, '300000.0000', 'Payment for external facade installation at site main building.'),
(316, 175, '1400.0000', 'balance for panla fish that was purchase yesterday'),
(317, 176, '1300.0000', '#1000 for CUG subscription, #100 for SIM card and #200 for transportation to Ogba. '),
(318, 177, '1300.0000', '#1000 for CUG subscription, #200 for transport and #100 for sim card'),
(319, 179, '8000.0000', 'PURCHASE OF WHITE DRUM OF PAINT FOR SITE'),
(321, 178, '57000.0000', 'Payment for TP-LINK 24 port switch for site annex. @28,500 each'),
(322, 180, '1500.0000', 'REFILLING OF HP TONER CARTRIDGE AT H M O OFFICE'),
(323, 180, '20000.0000', 'SUPPLY OF HP LASER JET CARTRIDGE  TONER FOR INPATIENT BILLING DEPARTMENT  '),
(324, 181, '15000.0000', 'Purchase of AC unit wall hanger. 3pcs @5,000 each'),
(325, 182, '35000.0000', 'PAYMENT FOR SCAFFOLDING WORK TO SUPPORT EXTERNAL FACADE TILLING AT SITE MAIN BUILDING  '),
(326, 165, '75000.0000', 'SERVICING OF X-RAY, REPLACEMENT OF TYRES AND TOP TRANSFORMER  TOP UP OIL.'),
(327, 184, '103305.0000', 'Balance payment for suspended ceiling installation at site annex bq. 15%'),
(328, 183, '30000.0000', 'BEING PART PAYMENT OF SCAFFOLDING WORK TO SUPPORT EXTERNAL FACADE TILLING AT SITE MAIN BUILDING '),
(329, 183, '5000.0000', 'BALANCE PAYMENT SHOULD BE PAID AFTER  COMPLETION OF WORRK'),
(330, 185, '800.0000', 'ADDITIONAL PURCHASE OF PADLOCK FOR PETROL  '),
(331, 186, '500.0000', 'ANGLE BRACKET'),
(332, 186, '500.0000', 'AGES TABLE'),
(333, 186, '500.0000', 'GUM'),
(334, 186, '1000.0000', 'CUTTING'),
(335, 186, '6000.0000', 'WORKMANSHIP'),
(336, 186, '500.0000', '2PCS OF CABINET'),
(337, 186, '600.0000', '2PCS OF HANDLE'),
(346, 188, '31200.0000', ' Stampede concrete items for site annex.   \nAnt rust bolt and nuts=65x320=N20800\nM Watcher antirust=130x80=N10400\nTotal=N31200'),
(347, 189, '300.0000', '2 INCHES OF ELBOW'),
(350, 189, '1500.0000', '2 PCS OF MAGIC WASTE'),
(351, 189, '3500.0000', '2 PCS OF 1500'),
(352, 189, '1500.0000', 'SYPHONE'),
(353, 190, '2800.0000', 'MODICATE INJ 10AMPS 280each'),
(354, 191, '18000.0000', 'Purchase of keb2 for stampede work at site annex. N900 each'),
(355, 192, '2800.0000', 'purchase of modicate inj 10amps  280each '),
(359, 195, '4500.0000', 'SYPHONE  ANOTHER BRAND FOR STAFF TOILET '),
(360, 196, '500000.0000', 'Payment on account for civil works at site mainbuilding. N500,000'),
(362, 197, '68000.0000', 'PAYMENT FOR 4 PINTS OF BLOOD------INV NUM    02473'),
(364, 198, '85000.0000', 'PAYMENT OF 5 PINTS OF BLOOD-------INV  NUMB 05343'),
(365, 200, '500.0000', 'ANGLE BRACKET  '),
(366, 200, '500.0000', 'AGES TABLE'),
(367, 200, '500.0000', 'GUM'),
(368, 200, '1000.0000', 'CUTTING OF MBF TO PIECES'),
(369, 200, '500.0000', '2PCS OF CABINET HANGES'),
(370, 200, '600.0000', '2PCS OF HANDLE 300EACH '),
(371, 200, '6000.0000', 'WORKMANSHIP '),
(375, 195, '3000.0000', '2\'\' OF MAGIC WASTE @ ANNEX 1 KITCHEN @ 1500'),
(376, 195, '1500.0000', '1 & HALF BOTTLE TRAP @ SITE'),
(377, 195, '3000.0000', '2PCS OF BASIN TAP @ ANNEX 1 KITCHEN'),
(378, 201, '500.0000', '  UNRIPE PLANTAIN FOR 2 PATIENT IN A Y NEIGHBOR BED 4 AND  ANNEX 2 GENERAL BED 3'),
(379, 201, '1000.0000', 'PATIENT IN ANNEX 1 ORDER FOR CATFISH PEPPER SOUP '),
(380, 201, '150.0000', '3PIECES OF AGIDI  '),
(381, 201, '50.0000', 'SCENT LEAF '),
(382, 201, '800.0000', '4PORTION OF AKARA'),
(383, 201, '2500.0000', '5LOAF OF BREAD'),
(384, 201, '1000.0000', '6SEARCHET OF RAT POISON  '),
(385, 201, '800.0000', '8PIECES OF MATCHES '),
(386, 201, '5000.0000', 'SERVIETTE PAPER @2500 EACH'),
(387, 202, '20000.0000', 'Maintanence of A.Y transformer and the refilling of oil due to oil shortage in the transformer.'),
(388, 203, '1047500.0000', 'PURCHASE OF PAINTING MATERIALS @ A.Y FOR PAINTING THE BUILDING'),
(389, 204, '25000.0000', 'For compassionate leave. '),
(390, 205, '2500.0000', 'Additional 1pcs of AC hanger @ site for installing of AC for Admin staff in site annex'),
(392, 206, '600.0000', 'BREAD '),
(393, 206, '200.0000', 'SCENT LEAF '),
(394, 206, '500.0000', 'UGU'),
(395, 206, '1000.0000', 'VEGETABLE'),
(396, 206, '1000.0000', 'AGIDI '),
(397, 206, '3000.0000', 'ROUND FISH'),
(398, 206, '500.0000', 'EWEDU'),
(399, 206, '15000.0000', 'CATFISH'),
(400, 206, '4000.0000', 'PLANTAIN'),
(401, 206, '2000.0000', 'GRINDING'),
(402, 207, '6000.0000', 'BREAD'),
(403, 207, '200.0000', 'SCENT LEAF'),
(404, 207, '500.0000', 'UGU'),
(405, 208, '4250.0000', 'BRANDING OF BEDSPREAD @ ISALU FOR PATIENT USE IN THE WARD'),
(406, 208, '25000.0000', 'BOOKLETS OF MEAL TICKET FOR STAFF DAILING MEAL @ ISALU'),
(407, 207, '3000.0000', 'VEGETABLE '),
(408, 210, '4500.0000', 'SYPHONE ANOTHER BRAND FOR STAFF TOILET '),
(409, 207, '1000.0000', 'AGIDI'),
(410, 210, '3000.0000', '2\'\' OF MAGIC WASTE @ ANNEX 1 KITCHEN @1500 EACH'),
(411, 207, '3000.0000', 'ROUNDFISH'),
(412, 207, '500.0000', 'EWEDU'),
(413, 207, '15000.0000', 'CATFISH'),
(414, 210, '1500.0000', '1& HALF BOTTLE TRAP @SITE'),
(415, 207, '4000.0000', 'PLANTAIN'),
(416, 207, '2000.0000', 'GRINDING'),
(417, 210, '3000.0000', '2PCS OF BASIN TAP @ ROOM 103 & RECOVERY '),
(418, 212, '1500.0000', 'CASTOR FOR THE WARDROBE FOR BCC '),
(419, 212, '3000.0000', '6PCS CABINET HANGES 500EACH'),
(420, 212, '18000.0000', 'BACK COVER FOR 3 BACK OF WARDROPE '),
(421, 212, '1500.0000', 'SCREW AND NAIL '),
(422, 213, '1000.0000', 'WATER HEATER FLEXIBLE WIRE HOT  FOR ROOM 112'),
(425, 211, '7500.0000', '10PCS OF 15WAT LIGHT LED A&T@750'),
(426, 214, '32000.0000', 'MALARIA KIT 5PACKS @ 6400'),
(427, 215, '700.0000', 'CHANGING OF ONE NEW TYRE'),
(428, 216, '76000.0000', '(I.O.U) PURCHASE OF 2KEGS OF ENGINE OIL @38000 EACH'),
(429, 217, '300.0000', 'PURCHASE OF 1 PACK OF TIGER BATTERY FOR HMO DEPARTMENT'),
(430, 218, '6000.0000', '2 CUBIC METER  OXYGEN  2BOTTLE   3000EACH'),
(431, 218, '6000.0000', '4 CUBIC METER OXYGEN 1BOTTLE OXYGEN 6000EACH '),
(432, 218, '18000.0000', '6 CUBIC METER 2BOTTLES  9000 EACH'),
(433, 218, '4000.0000', 'LOGISTICS AND TRANSPORTATION '),
(434, 219, '1500.0000', 'TRANSPORTATION TO ALLEN AND OBA AKRAN TO PRICE THE PAINT IN THE COMPANY FOR PAINTING OF AY BUILDING'),
(435, 220, '8050.0000', 'Plumbing materials for routing AC pipe from Landlady house to site annex.\n1. 1\" pipe 1500x4=6000\n2. 1\" elbow 150x6=900\n3. 1\" socket 100x4=400\n4. small gum= 800\n5.  1\" clip 150x3=450\nTotal=N8550'),
(436, 221, '2500.0000', 'IRON TAP FOR HOT WATER IN LAUNDRY '),
(437, 222, '8050.0000', 'Payment for piping materials route from Landlady house to site annex. IOU\n1. 1\" pipe 1500x4=6000\n2. 1\" elbow 150x6=900\n3. 1\" socket 100x4=400\n4. 1\" clip150x3=450\n5. small gum= 800\n\nTotal= 8550 IOU'),
(438, 223, '1000.0000', 'TRANSPORTATION TO OJOTA AND ALIEN AVENUE FOR PRICING OF AC  '),
(442, 225, '15000.0000', 'LABOUR FEE FOR BCC TABLES AND WARDROBES FITTING'),
(443, 227, '1000.0000', 'transportation to ojota for pricing of AC for admin staff in site annex '),
(444, 228, '400.0000', 'Transport to bank'),
(445, 229, '4000.0000', 'Installation labour for piping works of routing AC storm drain pipes from Landlady house to site annex.'),
(446, 230, '8050.0000', 'Plumbing materials for routing AC pipe from Landlady house to site annex. 1. 1\" pipe 1500x4=6000 2. 1\" elbow 150x6=900 3. 1\" socket 100x4=400 4. small gum= 800 5. 1\" clip 150x3=450 Total=N8550. We are given N500 discount.'),
(447, 231, '81550.0000', '23.3 OF 40/40 ALUMINUM PROFILE @ 3500'),
(448, 231, '10000.0000', '2 PACKETS OF ALUMINUM @ 5000'),
(449, 231, '42000.0000', '6 LENGHTS OF CURTAIN TRACK @ 7000'),
(450, 231, '52500.0000', '15 PACKETS OF CURTAINS RUNNER @ 3500'),
(451, 231, '60000.0000', '30 YARDS OF CURTAINS MATERIALS @ 2000'),
(452, 231, '33950.0000', 'WORKMANSHIP FOR WORKING @ HMO AND DOCTORS ROOM IN A.Y\nNOTE: WE ARE TO ADVANCE PAYMENT OF #220,000 THEN AFTER WORK DONE WE WILL PAY THE BALANCE '),
(453, 232, '1000.0000', 'ASHIMI ORIYOMI----MSH/874B'),
(454, 232, '1000.0000', 'OLUYEMI OLUWATOBI---F/6591A'),
(455, 232, '1000.0000', 'OLAIYA TEMITAYO---RH/298A'),
(456, 232, '1000.0000', 'ATOKI TAIWO---MSH/1100A'),
(457, 232, '1000.0000', 'NWABUNIE CHIBUZOR---MSH/1303A'),
(458, 232, '1000.0000', 'ANOKAM UCHECHUKWU----HG/2002A'),
(459, 232, '1000.0000', 'KEHINDE PROSPER---MSH/3354B'),
(460, 232, '1000.0000', 'OMOKANYE EYIUCHE---HG/77B'),
(461, 232, '1000.0000', 'YUSUF OLUFUNMILOLA---AMH/66B'),
(462, 232, '1000.0000', 'OLUGA OLAYINKA---MSH/2318A'),
(463, 232, '1000.0000', 'IGUNBOR EFOSA---HG/578B'),
(464, 232, '1000.0000', 'AKANDE OMOBOLANLE---CL/99A'),
(465, 233, '20400.0000', '12 YARDS OF COTTON MATERIALS , ACCESSORIES WITH SEWING @ 1700 IN HMO OFFICE FOR CONVERTING TO THE WARD @ A.Y'),
(466, 234, '250000.0000', 'BEING PAYMENT FOR PR FOR MATERIALS AND TESTING @ SITE'),
(467, 235, '5500.0000', 'BREAD'),
(468, 235, '5000.0000', 'VEGETABLE SOUP'),
(469, 235, '1500.0000', 'GRINDING'),
(470, 235, '26000.0000', 'EGG'),
(471, 235, '500.0000', 'EWEDU'),
(472, 235, '600.0000', 'AKARA'),
(473, 235, '10000.0000', 'YAM'),
(474, 235, '500.0000', 'MOI-MOI FISH'),
(475, 235, '13500.0000', 'PAP'),
(476, 235, '500.0000', 'UZIZA'),
(477, 235, '600.0000', 'HOT DOG'),
(478, 235, '3000.0000', 'PLAINTAIN'),
(479, 235, '120000.0000', 'BEEF'),
(480, 235, '32000.0000', 'GAS'),
(481, 236, '136745.0000', 'SUPPLY OF 5 CARTONS OF M-18D DILUENT 20L @ 27349'),
(482, 236, '27349.0000', '1CARTON OF M-30R RINSE 20L'),
(483, 236, '87021.0000', '3CARTONS OF CFL LYSE 500ML @ 29007'),
(484, 237, '112000.0000', '4CARTONS OF EDTA VACCUTAINER BOTTLE @ 28000'),
(485, 237, '28000.0000', '2 PACKS OF ESR DISPETTE @ 14000'),
(486, 237, '17500.0000', '25 PACKS OF FROSTED SLIDE @ 700'),
(487, 237, '22000.0000', '2 PACKS OF ACCU CHEK LANCET @ 11000'),
(488, 237, '10000.0000', '2 PACKS OF SWAB STICK @ 5000'),
(489, 237, '4000.0000', '2 PACKS OF YELLOW TIPS @ 2000'),
(490, 237, '5000.0000', '2 PACKS OF BLUE TIPS @ 2500'),
(491, 237, '30000.0000', '20 PCS OF ACETATE PAPER @ 1500'),
(492, 237, '56000.0000', '4 PACKS @ HIV DETERMINE @ 14000'),
(493, 237, '37000.0000', '1 CARTON OF PETRI DISH '),
(494, 237, '140000.0000', '10 PACKS OF MALARIA PAN @ 14000'),
(495, 238, '22000.0000', '4 PACKS OF HBSAG DIASPOT @ 5500'),
(496, 238, '16500.0000', '3 PACKS OF HBSAG MICRO POINT @ 5500'),
(497, 238, '90000.0000', '5 PACKS OF PY BLOOD MICRO POINT @ 7500'),
(498, 238, '10000.0000', '1 PACK OF HIV STAT PACK'),
(499, 238, '30000.0000', '4 PACKS OF HCV @ 7500'),
(500, 238, '11000.0000', '2 PACKS OF VDRL DIASPOT @ 5500'),
(501, 238, '15200.0000', '4 PACKS OF COMBI 10 PUS @ 3800'),
(502, 238, '9000.0000', '5 PACKS OF COMBI 3 @ 1800'),
(503, 238, '10000.0000', '5 PACKS OF TONGUE DEPRESSOR @ 2000'),
(504, 238, '15000.0000', '1 CARTON OF VAGINAL SPECULUM MEDIUM'),
(505, 238, '36000.0000', '2 PACKS OF POTASSIUM TECO @ 18000'),
(506, 238, '50000.0000', '2 CARTONS OF UNIVERSAL BOTTLE @ 25000'),
(507, 238, '27000.0000', '3 PACKS OF H-PYLORI MICRO POINT @ 9000'),
(508, 238, '35000.0000', '1 CARTON OF PLAIN VACCUTAINER'),
(509, 238, '40000.0000', '1 PACK OF PROLACTIN ACCUBIND'),
(510, 238, '40000.0000', '1 PACK OF FT4 ACCUBIND'),
(511, 238, '8000.0000', '10 PACKS OF MAXI DISC @ 800'),
(512, 238, '17000.0000', '1 CARTON OF VAGINAL SPECULUM LARGE'),
(513, 240, '28000.0000', '1 CARTON OF GLASS'),
(514, 240, '56000.0000', '4 PACKS OF HPYLORI CTK @ 14000'),
(515, 240, '6000.0000', '1 PACK OF SMALL PASTUER PIPETTE'),
(516, 239, '150000.0000', 'THE SERVICING OF 350KVA GENERATOR @AY'),
(517, 241, '267000.0000', '10 PACKS OF CLOVER A/C CATRIDGE @ 26700'),
(518, 242, '64326.0000', '3 CARTONS OF M52D DILUENT 20L @ 21442'),
(519, 242, '99453.0000', '3 CARTONS OF DIFF LYSE 500ML @ 33151'),
(520, 242, '65637.0000', '3 CARTONS OF M5DLH LYSE 500ML @ 21879'),
(522, 243, '13277.6500', '1 PCS OF ALP 110'),
(523, 243, '87492.0000', '1 PCS OF HDL C 160'),
(524, 243, '25000.0000', '500PCS OF ERBA SAMPLE CUPS @ 50'),
(525, 243, '39972.7100', 'XL MULTICAL'),
(526, 243, '31950.2100', 'ERBA CALCIUM CHLORIDE'),
(527, 244, '1980000.0000', '6PCS OF PANASONIC AC 2HP R410 KU18UKD'),
(528, 245, '3175000.0000', 'SUPPLY OF 5000LITRES OF DIESEL @ 635'),
(529, 246, '800000.0000', '200 BAGS OF CEMENT @ 4000'),
(530, 247, '30000.0000', '2 TRIPS OF CARTAWAY OF SEPTIC TANK @ A.Y @ 15000 AS IOU'),
(531, 248, '12000.0000', 'LABOUR FOR FURNITURE WORK @ BCC CABINET AND TABLE FROM A.Y TO SITE ANNEX'),
(532, 249, '30000.0000', '2PCS OF KEYBOARDS @ 15000 '),
(533, 250, '968255.0000', 'PAYMENT FOR WATERPROOFING WORKS @SITE ANNEX'),
(538, 254, '1000.0000', 'ADDITIONAL PR FOR LUNCH FOR MIKANO'),
(539, 255, '1000.0000', 'ADDITIONAL PR LUNCH FOR MIKANO'),
(540, 258, '25000.0000', '10PCS OF AC HANGER @ 2500'),
(543, 259, '3500.0000', 'TWO KONE'),
(544, 259, '1500.0000', 'TWO RUBBER'),
(545, 260, '1980000.0000', '6PCS OF AC @ 330000'),
(546, 259, '1200.0000', 'FOUR BOLT &NUT'),
(547, 259, '6000.0000', 'WORKMANSHIP'),
(548, 261, '3500.0000', 'TWO KONE'),
(549, 261, '1500.0000', 'TWO RUBBER'),
(550, 261, '1200.0000', 'FOUR BOLT &NUT'),
(551, 261, '6000.0000', 'WORKMANSHIP'),
(552, 262, '3500.0000', 'TWO KONE'),
(553, 262, '1500.0000', 'TWO RUBBER'),
(554, 262, '1200.0000', 'FOUR BOLT & NUT'),
(555, 262, '6000.0000', 'WORKMANSHIP');

-- --------------------------------------------------------

--
-- Table structure for table `claims_header`
--

CREATE TABLE `claims_header` (
  `id` int(11) NOT NULL,
  `claimtype` int(11) DEFAULT NULL,
  `hospital_no` varchar(36) DEFAULT NULL,
  `Patient_name` varchar(36) DEFAULT NULL,
  `Payee` varchar(36) DEFAULT NULL,
  `Amount` decimal(19,2) NOT NULL DEFAULT 0.00,
  `Enteredby` varchar(36) NOT NULL,
  `departmentid` int(11) NOT NULL,
  `Approvedby` varchar(36) DEFAULT NULL,
  `Approved` tinyint(1) DEFAULT 0,
  `approvalRequest` int(11) DEFAULT 0,
  `Approveddate` datetime DEFAULT NULL,
  `Audited` tinyint(1) DEFAULT 0,
  `Auditedby` varchar(36) DEFAULT NULL,
  `Accounting_status` tinyint(1) DEFAULT 0,
  `payment_date` datetime DEFAULT NULL,
  `Created_date` date DEFAULT current_timestamp(),
  `staffname` varchar(36) DEFAULT NULL,
  `hrstatus` int(11) DEFAULT 0,
  `hrrequired` int(11) DEFAULT 0,
  `hrname` varchar(11) DEFAULT NULL,
  `claim_categoryid` int(11) DEFAULT NULL,
  `returned` tinyint(1) DEFAULT NULL,
  `returnedby` int(11) DEFAULT NULL,
  `comment` text DEFAULT NULL,
  `account_name` varchar(36) DEFAULT NULL,
  `account_number` varchar(15) DEFAULT NULL,
  `bank_name` varchar(36) DEFAULT NULL,
  `returneddate` datetime DEFAULT NULL,
  `auditeddate` datetime DEFAULT NULL,
  `hrapproveddate` datetime DEFAULT NULL,
  `payment_process_status` int(11) DEFAULT 0,
  `paidby` int(11) DEFAULT NULL,
  `hod` int(11) NOT NULL DEFAULT 0,
  `hodname` int(11) DEFAULT NULL
) ENGINE=InnoDB DEFAULT CHARSET=utf8mb4;

--
-- Dumping data for table `claims_header`
--

INSERT INTO `claims_header` (`id`, `claimtype`, `hospital_no`, `Patient_name`, `Payee`, `Amount`, `Enteredby`, `departmentid`, `Approvedby`, `Approved`, `approvalRequest`, `Approveddate`, `Audited`, `Auditedby`, `Accounting_status`, `payment_date`, `Created_date`, `staffname`, `hrstatus`, `hrrequired`, `hrname`, `claim_categoryid`, `returned`, `returnedby`, `comment`, `account_name`, `account_number`, `bank_name`, `returneddate`, `auditeddate`, `hrapproveddate`, `payment_process_status`, `paidby`, `hod`, `hodname`) VALUES
(27, NULL, 'Nill', NULL, 'IT Department', '20000.00', 'it@isalu.com', 2, '19', 1, 1, '2022-05-09 00:00:00', 1, '19', 1, '2022-05-10 10:51:07', '2022-05-09', NULL, 1, 0, '19', 93, 0, NULL, NULL, 'IT Department', '0', 'IT Department', NULL, '2022-05-09 00:00:00', NULL, 0, NULL, 0, NULL),
(33, NULL, '', NULL, 'Amadi Maureen', '1000.00', 'kitchen@isaluhospitals.com', 12, NULL, 0, 0, NULL, 0, '19', 0, NULL, '2022-05-11', NULL, 0, 0, '', 94, 1, NULL, 'Re-raised one approved today 12/5/2022', '', '0', '', NULL, NULL, NULL, 0, NULL, 0, NULL),
(34, NULL, '', NULL, 'ORIS MEDICAL LABORATORY', '102000.00', 'laboratory@isaluhospitals.com', 5, '19', 1, 1, '2022-05-11 00:00:00', 1, '19', 1, '2022-05-11 02:02:36', '2022-05-11', NULL, 1, 0, '19', 12, 0, NULL, NULL, '', '0', '', NULL, '2022-05-11 00:00:00', NULL, 0, NULL, 0, NULL),
(35, NULL, '', NULL, 'DIAMOND MEDICAL LABORATORY', '68000.00', 'laboratory@isaluhospitals.com', 5, '19', 1, 1, '2022-05-11 00:00:00', 1, '19', 1, '2022-05-11 02:02:44', '2022-05-11', NULL, 1, 0, '19', 12, 0, NULL, NULL, '', '0', '', NULL, '2022-05-11 00:00:00', NULL, 0, NULL, 0, NULL),
(36, NULL, '', NULL, 'SIFOMEDICS LABORATORY', '34000.00', 'laboratory@isaluhospitals.com', 5, '19', 1, 1, '2022-05-11 00:00:00', 1, '19', 1, '2022-05-11 02:02:48', '2022-05-11', NULL, 1, 0, '19', 12, 0, NULL, NULL, '', '0', '', NULL, '2022-05-11 00:00:00', NULL, 0, NULL, 0, NULL),
(37, NULL, '', NULL, 'Amadi Maureen', '750.00', 'kitchen@isaluhospitals.com', 12, '19', 1, 1, '2022-05-12 00:00:00', 1, '19', 1, '2022-05-13 04:55:05', '2022-05-11', NULL, 1, 1, '19', 97, 0, NULL, NULL, '', '0', '', NULL, '2022-05-11 00:00:00', NULL, 0, NULL, 0, NULL),
(38, NULL, '', NULL, 'Amadi Maureen', '1750.00', 'kitchen@isaluhospitals.com', 12, NULL, 0, 0, NULL, 0, '19', 0, NULL, '2022-05-11', NULL, 1, 1, '23', 98, 1, NULL, 'IT to properly route the process', '', '0', '', NULL, NULL, NULL, 0, NULL, 0, NULL),
(44, NULL, '', NULL, 'SUNDAY IDUMA', '9250.00', 'procurement2@isaluhospitals.com', 1, '19', 1, 1, '2022-05-11 00:00:00', 1, '19', 1, '2022-05-11 06:05:30', '2022-05-11', NULL, 1, 0, '19', 60, 0, NULL, NULL, '', '0', '', NULL, '2022-05-11 00:00:00', NULL, 0, NULL, 0, NULL),
(51, NULL, '', NULL, 'Kareem Fatai', '245857.00', 'account@isaluhospitals.com', 6, '19', 1, 1, '2022-05-11 00:00:00', 1, '19', 1, '2022-05-12 08:44:07', '2022-05-11', NULL, 1, 0, '19', 26, 0, NULL, NULL, '', '0', '', NULL, '2022-05-11 00:00:00', NULL, 0, NULL, 0, NULL),
(52, NULL, '', NULL, 'MR TAIWO DAVID', '1100.00', 'procurement2@isaluhospitals.com', 1, '19', 1, 1, '2022-05-11 00:00:00', 1, '19', 1, '2022-05-12 08:44:16', '2022-05-11', NULL, 1, 0, '19', 84, 0, NULL, NULL, '', '0', '', NULL, '2022-05-11 00:00:00', NULL, 0, NULL, 0, NULL),
(53, NULL, '', NULL, 'RIDWON DAYABASE AND TECHNOLOGY SERVI', '30000.00', 'procurement2@isaluhospitals.com', 1, NULL, 0, 0, NULL, 0, '19', 0, NULL, '2022-05-11', NULL, 0, 0, '', 102, 1, NULL, 'Not Properly Described', 'KAREEM RIDWON', '2120114016', 'UBA', NULL, NULL, NULL, 0, NULL, 0, NULL),
(54, NULL, '', NULL, 'AKINKUNBI NIGERIA LIMITED', '150000.00', 'procurement2@isaluhospitals.com', 1, '19', 1, 1, '2022-05-11 00:00:00', 1, '19', 1, '2022-05-12 08:44:20', '2022-05-11', NULL, 1, 0, '19', 95, 0, NULL, NULL, '', '0', '', NULL, '2022-05-11 00:00:00', NULL, 0, NULL, 0, NULL),
(55, NULL, '', NULL, 'LINKWAY TECHNOLOGIES LIMITED', '102125.00', 'procurement2@isaluhospitals.com', 1, NULL, 0, 0, NULL, 0, '19', 0, NULL, '2022-05-11', NULL, 0, 0, '', 95, 1, NULL, 'VAT wrongly invoiced - N6,750 as against N7,125', '', '0', '', NULL, NULL, NULL, 0, NULL, 0, NULL),
(56, NULL, '', NULL, 'REAL TECHNOLOGIES LIMITED', '61920.00', 'procurement2@isaluhospitals.com', 1, NULL, 0, 0, NULL, 0, '19', 0, NULL, '2022-05-11', NULL, 0, 0, '', 56, 1, NULL, 'Returned for Negotiation', '', '0', '', NULL, NULL, NULL, 0, NULL, 0, NULL),
(57, NULL, '', NULL, 'SUARA OLUWAKEMI TAIWO', '10000.00', 'procurement2@isaluhospitals.com', 1, '19', 1, 1, '2022-05-12 00:00:00', 1, '19', 1, '2022-05-12 02:54:10', '2022-05-11', NULL, 1, 0, '19', 95, 0, NULL, NULL, '', '0', '', NULL, '2022-05-11 00:00:00', NULL, 0, NULL, 0, NULL),
(60, NULL, '', NULL, 'SEKINAT RAJI', '8940.00', 'procurement2@isaluhospitals.com', 1, '19', 1, 1, '2022-05-11 00:00:00', 1, '19', 1, '2022-05-12 08:44:24', '2022-05-11', NULL, 1, 0, '19', 104, 0, NULL, NULL, '', '0', '', NULL, '2022-05-11 00:00:00', NULL, 0, NULL, 0, NULL),
(62, NULL, '', NULL, 'IKEDC', '1679539.00', 'procurement2@isaluhospitals.com', 1, '19', 1, 1, '2022-05-11 00:00:00', 1, '19', 1, '2022-05-12 08:44:29', '2022-05-11', NULL, 1, 0, '19', 67, 0, NULL, NULL, '', '0', '', NULL, '2022-05-11 00:00:00', NULL, 0, NULL, 0, NULL),
(64, NULL, '', NULL, 'DIESEL PLUS OIL AND GAS', '1270000.00', 'procurement2@isaluhospitals.com', 1, NULL, 0, 0, NULL, 0, '19', 0, NULL, '2022-05-11', NULL, 0, 0, '', 95, 1, NULL, 'Not properly Documented', '', '0', '', NULL, NULL, NULL, 0, NULL, 0, NULL),
(65, NULL, '', NULL, 'IDRIS ABDULKAREEM ', '4000.00', 'procurement2@isaluhospitals.com', 1, '19', 1, 1, '2022-05-12 00:00:00', 1, '19', 1, '2022-05-12 12:47:26', '2022-05-11', NULL, 1, 0, '19', 60, 0, NULL, NULL, '', '0', '', NULL, '2022-05-11 00:00:00', NULL, 0, NULL, 0, NULL),
(66, NULL, '', NULL, 'LINKWAY TECHNOLOGIES LIMITED', '101750.00', 'procurement2@isaluhospitals.com', 1, '19', 1, 1, '2022-05-12 00:00:00', 1, '19', 1, '2022-05-12 12:15:55', '2022-05-11', NULL, 1, 0, '19', 42, 0, NULL, NULL, '', '0', '', NULL, '2022-05-11 00:00:00', NULL, 0, NULL, 0, NULL),
(67, NULL, '', NULL, 'REAL TECHNOLOGIES LIMITED', '61875.00', 'procurement2@isaluhospitals.com', 1, NULL, 0, 0, NULL, 0, '19', 0, NULL, '2022-05-11', NULL, 0, 0, '', 56, 1, NULL, 'For Re-negotiation', '', '0', '', NULL, NULL, NULL, 0, NULL, 0, NULL),
(68, NULL, '', NULL, 'KEVIN DARIAN', '5000.00', 'it@isalu.com', 2, NULL, 0, 0, NULL, 0, '19', 0, NULL, '2022-05-11', NULL, 0, 0, '', 102, 1, NULL, 'Not Properly Described', '', '0', '', NULL, NULL, NULL, 0, NULL, 0, NULL),
(70, NULL, 'nill', NULL, 'oyenuga omotee', '2500.00', 'pharmacy@isaluhospitals.com', 10, '19', 1, 1, '2022-05-12 00:00:00', 1, '19', 1, '2022-05-12 09:43:28', '2022-05-12', NULL, 1, 0, '19', 10, 0, NULL, NULL, '', '0', '', NULL, '2022-05-12 00:00:00', NULL, 0, NULL, 0, NULL),
(71, NULL, '', NULL, 'ALABI ADERONKE A', '5000.00', 'procurement2@isaluhospitals.com', 1, '19', 1, 1, '2022-05-12 00:00:00', 1, '19', 1, '2022-05-12 11:23:21', '2022-05-12', NULL, 1, 0, '19', 60, 0, NULL, NULL, '', '0', '', NULL, '2022-05-12 00:00:00', NULL, 0, NULL, 0, NULL),
(72, NULL, '', NULL, 'SUARA OLUWAKEMI TAIWO', '1410000.00', 'procurement2@isaluhospitals.com', 1, NULL, 0, 1, NULL, 0, '19', 0, NULL, '2022-05-12', NULL, 0, 0, '', 95, 1, NULL, 'Wrong Description', '', '0', '', NULL, NULL, NULL, 0, NULL, 0, NULL),
(75, NULL, '', NULL, 'AWA GEORGINA', '49300.00', 'clientservice@isaluhospitals.com', 3, '19', 1, 1, '2022-05-12 00:00:00', 1, '19', 1, '2022-05-12 10:51:44', '2022-05-12', NULL, 1, 0, '19', 98, 0, NULL, NULL, '', '0', '', NULL, '2022-05-12 00:00:00', NULL, 0, NULL, 0, NULL),
(77, NULL, '1097', NULL, 'KEVIN DARIAN', '5000.00', 'it@isalu.com', 2, '19', 1, 1, '2022-05-12 00:00:00', 1, '19', 1, '2022-05-12 12:55:20', '2022-05-12', NULL, 1, 0, '19', 106, 0, NULL, NULL, '', '0', '', NULL, '2022-05-12 00:00:00', NULL, 0, NULL, 0, NULL),
(78, NULL, '', NULL, 'Folorunsho Jimoh', '81400.00', 'procurement2@isaluhospitals.com', 1, '19', 1, 1, '2022-05-12 00:00:00', 1, '19', 1, '2022-05-12 02:53:56', '2022-05-12', NULL, 1, 0, '19', 81, 0, NULL, NULL, 'Folorunsho Jimoh', '2002552068', 'Zenith Bank', NULL, '2022-05-12 00:00:00', NULL, 0, NULL, 0, NULL),
(79, NULL, '', NULL, 'Folorunsho Jimoh', '36000.00', 'procurement2@isaluhospitals.com', 1, '19', 1, 1, '2022-05-12 00:00:00', 1, '19', 1, '2022-05-12 02:54:27', '2022-05-12', NULL, 1, 0, '19', 81, 0, NULL, NULL, 'Folorunsho Jimoh', '2002552068', 'Zenith Bank', NULL, '2022-05-12 00:00:00', NULL, 0, NULL, 0, NULL),
(81, NULL, '', NULL, 'SUARA OLUWAKEMI TAIWO', '1410000.00', 'procurement2@isaluhospitals.com', 1, NULL, 0, 0, NULL, 0, '19', 0, NULL, '2022-05-12', NULL, 0, 0, '', 95, 1, NULL, 'Re-raised ', '', '0', '', NULL, NULL, NULL, 0, NULL, 0, NULL),
(82, NULL, '', NULL, 'Realtech Technologies', '56545.00', 'procurement2@isaluhospitals.com', 1, '19', 1, 1, '2022-05-12 00:00:00', 1, '19', 1, '2022-05-16 10:25:47', '2022-05-12', NULL, 1, 0, '19', 55, 0, NULL, NULL, 'Realtech Technologies ', '0', 'Cheque', NULL, '2022-05-12 00:00:00', NULL, 0, NULL, 0, NULL),
(83, NULL, '', NULL, 'Amadi Maureen', '1000.00', 'kitchen@isaluhospitals.com', 12, '19', 1, 1, '2022-05-12 00:00:00', 1, '19', 1, '2022-05-13 04:55:33', '2022-05-12', NULL, 1, 0, '19', 94, 0, NULL, NULL, '', '0', '', NULL, '2022-05-12 00:00:00', NULL, 0, NULL, 0, NULL),
(84, NULL, '', NULL, 'SUARA OLUWAKEMI TAIWO', '1410000.00', 'procurement2@isaluhospitals.com', 1, NULL, 0, 0, NULL, 0, '19', 0, NULL, '2022-05-12', NULL, 0, 0, '', 95, 1, NULL, 'KIV', '', '0', '', NULL, NULL, NULL, 0, NULL, 0, NULL),
(85, NULL, '', NULL, 'Amadi Maureen', '1750.00', 'kitchen@isaluhospitals.com', 12, '19', 1, 1, '2022-05-13 00:00:00', 1, '19', 1, '2022-05-13 04:55:20', '2022-05-12', NULL, 1, 1, '19', 98, 0, NULL, NULL, '', '0', '', NULL, '2022-05-12 00:00:00', NULL, 0, NULL, 0, NULL),
(86, NULL, '', NULL, 'SUARA OLUWAKEMI TAIWO', '5000.00', 'procurement2@isaluhospitals.com', 1, '19', 1, 1, '2022-05-12 00:00:00', 1, '19', 1, '2022-05-12 06:06:37', '2022-05-12', NULL, 1, 0, '19', 60, 0, NULL, NULL, '', '0', '', NULL, '2022-05-12 00:00:00', NULL, 0, NULL, 0, NULL),
(87, NULL, '', NULL, 'ismail Tunde', '8000.00', 'procurement2@isaluhospitals.com', 1, '19', 1, 1, '2022-05-12 00:00:00', 1, '19', 1, '2022-05-12 04:05:50', '2022-05-12', NULL, 1, 1, '19', 83, 0, NULL, NULL, '', '0', '', NULL, '2022-05-12 00:00:00', NULL, 0, NULL, 0, NULL),
(88, NULL, '', NULL, 'Alabi Aderonke', '1000.00', 'procurement2@isaluhospitals.com', 1, '19', 1, 1, '2022-05-12 00:00:00', 1, '19', 1, '2022-05-12 05:54:33', '2022-05-12', NULL, 1, 0, '19', 60, 0, NULL, NULL, '', '0', '', NULL, '2022-05-12 00:00:00', NULL, 0, NULL, 0, NULL),
(93, NULL, '', NULL, 'Dayo Adekoya', '85000.00', 'procurement@isaluhospitals.com', 1, '19', 1, 1, '2022-05-13 00:00:00', 1, '19', 1, '2022-05-16 10:27:49', '2022-05-12', NULL, 1, 0, '19', 95, 0, NULL, NULL, '', '0', '', NULL, '2022-05-12 00:00:00', NULL, 0, NULL, 0, NULL),
(95, NULL, '', NULL, 'SUARA OLUWAKEMI TAIWO', '30000.00', 'procurement2@isaluhospitals.com', 1, NULL, 0, 0, NULL, 0, '19', 0, NULL, '2022-05-12', NULL, 0, 0, '', 95, 0, NULL, NULL, '', '0', '', NULL, NULL, NULL, 0, NULL, 0, NULL),
(96, NULL, '', NULL, 'SUARA OLUWAKEMI TAIWO', '30000.00', 'procurement2@isaluhospitals.com', 1, NULL, 0, 0, NULL, 0, '19', 0, NULL, '2022-05-12', NULL, 0, 0, '', 95, 1, NULL, 'Not for Site but for Rm 112 at AY', '', '0', '', NULL, NULL, NULL, 0, NULL, 0, NULL),
(97, NULL, '', NULL, 'WORTHWHILE VENTURES LIMITED', '18705.00', 'procurement2@isaluhospitals.com', 1, '19', 1, 1, '2022-05-13 00:00:00', 1, '19', 1, '2022-05-16 10:30:32', '2022-05-12', NULL, 1, 0, '19', 95, 0, NULL, NULL, 'WORTHWHILE VENTURES LIMITED', '1770002011', 'POLARIS BANK LTD', NULL, '2022-05-12 00:00:00', NULL, 0, NULL, 0, NULL),
(98, NULL, '', NULL, 'SANKAZ IRON CONSTRUCTION WORKS', '80000.00', 'procurement2@isaluhospitals.com', 1, NULL, 0, 0, NULL, 0, '19', 0, NULL, '2022-05-12', NULL, 0, 0, '', 95, 1, NULL, 'N60,000.00 advance payment to be raised first.', 'SANUSI KAZEEM', '0', '', NULL, NULL, NULL, 0, NULL, 0, NULL),
(99, NULL, '', NULL, 'AMADI MAUREEM', '63900.00', 'procurement2@isaluhospitals.com', 1, '19', 1, 1, '2022-05-12 00:00:00', 1, '19', 1, '2022-05-13 05:45:33', '2022-05-12', NULL, 1, 0, '19', 14, 0, NULL, NULL, '', '0', '', NULL, '2022-05-12 00:00:00', NULL, 0, NULL, 0, NULL),
(100, NULL, '', NULL, 'SEKINAT RAJI', '4800.00', 'procurement2@isaluhospitals.com', 1, '19', 1, 1, '2022-05-13 00:00:00', 1, '19', 1, '2022-05-16 10:30:45', '2022-05-13', NULL, 1, 0, '19', 60, 0, NULL, NULL, '', '0', '', NULL, '2022-05-13 00:00:00', NULL, 0, NULL, 0, NULL),
(101, NULL, 'IHL/989', NULL, 'Omobhude Evelyn', '4000.00', 'clientservice@isaluhospitals.com', 3, '19', 1, 1, '2022-05-13 00:00:00', 1, '19', 1, '2022-05-16 09:48:15', '2022-05-13', NULL, 1, 1, '19', 107, 0, NULL, NULL, 'Omobhude Evelyn', '2088786607', 'Zenith', NULL, '2022-05-13 00:00:00', NULL, 0, NULL, 0, NULL),
(102, NULL, '', NULL, 'Sunday Iduma ', '50000.00', 'procurement@isaluhospitals.com', 1, NULL, 0, 0, NULL, 0, '19', 0, NULL, '2022-05-13', NULL, 0, 0, '', 108, 1, NULL, 'Wrong Description', '', '0', '', NULL, NULL, NULL, 0, NULL, 0, NULL),
(104, NULL, '', NULL, 'QUALITY BOOKS AND STATIONERY STORES', '293700.00', 'procurement2@isaluhospitals.com', 1, '22', 1, 1, '2022-05-18 00:00:00', 1, '19', 1, '2022-05-18 02:52:25', '2022-05-13', NULL, 0, 0, '', 75, 0, NULL, NULL, '', '0', '', NULL, '2022-05-13 00:00:00', NULL, 0, NULL, 0, NULL),
(105, NULL, '', NULL, 'Sunday Iduma', '50000.00', 'procurement@isaluhospitals.com', 1, '19', 1, 1, '2022-05-13 00:00:00', 1, '19', 1, '2022-05-16 10:31:02', '2022-05-13', NULL, 1, 0, '19', 108, 0, NULL, NULL, '', '0', '', NULL, '2022-05-13 00:00:00', NULL, 0, NULL, 0, NULL),
(106, NULL, '', NULL, 'DIAMOND MEDICAL LABORATORY', '34000.00', 'laboratory@isaluhospitals.com', 5, '19', 1, 1, '2022-05-13 00:00:00', 1, '19', 1, '2022-05-16 10:31:15', '2022-05-13', NULL, 1, 0, '19', 12, 0, NULL, NULL, '', '0', '', NULL, '2022-05-13 00:00:00', NULL, 0, NULL, 0, NULL),
(107, NULL, '', NULL, 'ORIS MEDICAL LABORATORY', '58000.00', 'laboratory@isaluhospitals.com', 5, '19', 1, 1, '2022-05-13 00:00:00', 1, '19', 1, '2022-05-16 10:31:26', '2022-05-13', NULL, 1, 0, '19', 12, 0, NULL, NULL, '', '0', '', NULL, '2022-05-13 00:00:00', NULL, 0, NULL, 0, NULL),
(108, NULL, '', NULL, 'IPAYE NIMOTA BUKOLA', '1600.00', 'procurement2@isaluhospitals.com', 1, '19', 0, 0, '2022-05-13 00:00:00', 0, '19', 1, '2022-05-13 12:38:08', '2022-05-13', NULL, 1, 0, '19', 60, 1, NULL, '', '', '0', '', NULL, NULL, NULL, 0, NULL, 0, NULL),
(109, NULL, '', NULL, 'IPAYE NIMOTA BUKOLA', '6400.00', 'procurement2@isaluhospitals.com', 1, '19', 0, 0, '2022-05-13 00:00:00', 0, '19', 1, '2022-05-13 11:33:50', '2022-05-13', NULL, 1, 0, '19', 60, 1, NULL, '', '', '0', '', NULL, NULL, NULL, 0, NULL, 0, NULL),
(110, NULL, '', NULL, 'SUARA OLUWAKEMI TAIWO', '243000.00', 'procurement2@isaluhospitals.com', 1, NULL, 0, 0, NULL, 0, '19', 0, NULL, '2022-05-13', NULL, 0, 0, '', 62, 1, NULL, 'Not completely done', '', '0', '', NULL, NULL, NULL, 0, NULL, 0, NULL),
(113, NULL, '', NULL, 'SUARA OLUWAKEMI TAIWO', '834200.00', 'procurement2@isaluhospitals.com', 1, NULL, 0, 0, NULL, 0, '19', 0, NULL, '2022-05-13', NULL, 0, 0, '', 62, 1, NULL, 'Not Properly Described', '', '0', '', NULL, NULL, NULL, 0, NULL, 0, NULL),
(114, NULL, 'IHL/891', NULL, 'HYPARXIS INTEGRATED SOLUTIONS', '70560.00', 'it@isalu.com', 2, '19', 1, 1, '2022-05-13 00:00:00', 1, '19', 1, '2022-05-16 10:31:54', '2022-05-13', NULL, 1, 0, '19', 102, 0, NULL, NULL, 'HYPARXIS INTEGRATED SOLUTIONS', '2147483647', 'FCMB', NULL, '2022-05-13 00:00:00', NULL, 0, NULL, 0, NULL),
(115, NULL, '267', NULL, 'Labode Macsam', '2000.00', 'hr@isaluhospitals.com', 13, '19', 1, 1, '2022-05-13 00:00:00', 1, '19', 1, '2022-05-13 05:50:01', '2022-05-13', NULL, 1, 0, '19', 71, 0, NULL, NULL, '', '0', '', NULL, '2022-05-13 00:00:00', NULL, 0, NULL, 0, NULL),
(116, NULL, '', NULL, 'IPAYE NIMOTA BUKOLA', '42200.00', 'procurement2@isaluhospitals.com', 1, NULL, 0, 0, NULL, 0, '19', 0, NULL, '2022-05-13', NULL, 0, 0, '', 60, 0, NULL, NULL, '', '0', '', NULL, NULL, NULL, 0, NULL, 0, NULL),
(120, NULL, '', NULL, 'SUARA OLUWAKEMI TAIWO', '834200.00', 'procurement2@isaluhospitals.com', 1, NULL, 0, 0, NULL, 0, '19', 0, NULL, '2022-05-13', NULL, 0, 0, '', 62, 1, NULL, 'Not Properly Described', '', '0', '', NULL, NULL, NULL, 0, NULL, 0, NULL),
(121, NULL, '', NULL, 'SUARA OLUWAKEMI TAIWO', '834200.00', 'procurement2@isaluhospitals.com', 1, '19', 1, 1, '2022-05-13 00:00:00', 1, '19', 1, '2022-05-18 12:52:49', '2022-05-13', NULL, 1, 0, '19', 62, 0, NULL, NULL, '', '0', '', NULL, '2022-05-13 00:00:00', NULL, 0, NULL, 0, NULL),
(122, NULL, 'IHL/891', NULL, 'IBIDUN OLUWATOSIN', '6059.30', 'it@isalu.com', 2, '19', 1, 1, '2022-05-16 00:00:00', 1, '19', 1, '2022-05-16 05:56:33', '2022-05-13', NULL, 1, 0, '19', 102, 0, NULL, NULL, 'IBIDUN OLUWATOSIN', '2147483647', 'ZENITH BANK', NULL, '2022-05-13 00:00:00', NULL, 0, NULL, 0, NULL),
(123, NULL, '', NULL, 'LASISI TAIWO DAVID', '28000.00', 'procurement2@isaluhospitals.com', 1, NULL, 0, 0, NULL, 0, '19', 0, NULL, '2022-05-13', NULL, 0, 0, '', 85, 1, NULL, 'Wrong Description', '', '0', '', NULL, NULL, NULL, 0, NULL, 0, NULL),
(124, NULL, '', NULL, 'EKE NIGERIA LIMITED', '6000.00', 'procurement2@isaluhospitals.com', 1, '19', 1, 1, '2022-05-13 00:00:00', 1, '19', 1, '2022-05-16 05:56:45', '2022-05-13', NULL, 1, 0, '19', 60, 0, NULL, NULL, '', '0', '', NULL, '2022-05-13 00:00:00', NULL, 0, NULL, 0, NULL),
(127, NULL, '', NULL, 'CLINX LABORATORY ', '71100.00', 'clientservice@isaluhospitals.com', 3, '19', 1, 1, '2022-05-16 00:00:00', 1, '19', 1, '2022-05-16 05:56:51', '2022-05-13', NULL, 1, 0, '19', 109, 0, NULL, NULL, '', '0', '', NULL, '2022-05-13 00:00:00', NULL, 0, NULL, 0, NULL),
(128, NULL, '', NULL, 'LASIS DAVID TAIWO', '28000.00', 'procurement2@isaluhospitals.com', 1, '19', 1, 1, '2022-05-13 00:00:00', 1, '19', 1, '2022-05-16 10:35:42', '2022-05-13', NULL, 1, 0, '19', 84, 0, NULL, NULL, '', '0', '', NULL, '2022-05-13 00:00:00', NULL, 0, NULL, 0, NULL),
(129, NULL, '', NULL, 'SANKAZ IRON CONSTRUCTION WORKS', '80000.00', 'procurement@isaluhospitals.com', 1, '19', 1, 1, '2022-05-13 00:00:00', 1, '19', 1, '2022-05-13 04:56:21', '2022-05-13', NULL, 1, 0, '19', 95, 0, NULL, NULL, '', '0', '', NULL, '2022-05-13 00:00:00', NULL, 0, NULL, 0, NULL),
(130, NULL, '', NULL, 'ORIS MEDICAL LABORATORY', '85000.00', 'laboratory@isaluhospitals.com', 5, '19', 1, 1, '2022-05-13 00:00:00', 1, '19', 1, '2022-05-16 10:36:27', '2022-05-13', NULL, 1, 0, '19', 12, 0, NULL, NULL, '', '0', '', NULL, '2022-05-13 00:00:00', NULL, 0, NULL, 0, NULL),
(131, NULL, '', NULL, 'SHARAFA AZEEZ', '2000.00', 'hr@isaluhospitals.com', 13, NULL, 0, 0, NULL, 0, '19', 0, NULL, '2022-05-13', NULL, 0, 0, '', 28, 1, NULL, 'Not Properly Described', '', '0', '', NULL, NULL, NULL, 0, NULL, 0, NULL),
(132, NULL, '', NULL, 'SHARAFA AZEEZ', '2000.00', 'hr@isaluhospitals.com', 13, NULL, 0, 0, NULL, 0, '19', 0, NULL, '2022-05-13', NULL, 0, 0, '', 28, 1, NULL, 'Not Properly Described', '', '0', '', NULL, NULL, NULL, 0, NULL, 0, NULL),
(133, NULL, '', NULL, 'SHARAFA AZEEZ', '4000.00', 'hr@isaluhospitals.com', 13, '19', 1, 1, '2022-05-13 00:00:00', 1, '19', 1, '2022-05-13 05:42:55', '2022-05-13', NULL, 1, 0, '19', 88, 0, NULL, NULL, '', '0', '', NULL, '2022-05-13 00:00:00', NULL, 0, NULL, 0, NULL),
(135, NULL, '', NULL, 'Alabi Aderonke Atinuke', '7000.00', 'procurement2@isaluhospitals.com', 1, '19', 1, 1, '2022-05-13 00:00:00', 1, '19', 1, '2022-05-13 05:39:27', '2022-05-13', NULL, 1, 0, '19', 8, 0, NULL, NULL, '', '0', '', NULL, '2022-05-13 00:00:00', NULL, 0, NULL, 0, NULL),
(136, NULL, '', NULL, 'ADEBOLA HASSAN', '4000.00', 'bcc@isaluhospitals.com', 16, NULL, 0, 0, NULL, 0, '', 0, NULL, '2022-05-13', NULL, 0, 1, '23', 110, 1, NULL, 'The description is not detailed enough', 'ADEBOLA HASSAN', '1410147855', 'ACCESS BANK', NULL, NULL, NULL, 0, NULL, 0, NULL),
(137, NULL, '', NULL, 'ADEBOLA HASSAN', '4000.00', 'bcc@isaluhospitals.com', 16, '19', 1, 1, '2022-05-13 00:00:00', 1, '19', 1, '2022-05-16 05:57:00', '2022-05-13', NULL, 1, 1, '19', 110, 0, NULL, NULL, 'ADEBOLA HASSAN', '1410147855', 'ACCESS BANK', NULL, '2022-05-13 00:00:00', NULL, 0, NULL, 0, NULL),
(138, NULL, '', NULL, 'DR SANGOBIYI TOPE', '9000.00', 'clientservice@isaluhospitals.com', 3, '19', 1, 1, '2022-05-16 00:00:00', 1, '19', 1, '2022-05-16 12:25:33', '2022-05-14', NULL, 1, 0, '19', 105, 0, NULL, NULL, '', '0', '', NULL, '2022-05-14 00:00:00', NULL, 0, NULL, 0, NULL),
(140, NULL, '', NULL, 'DR SANGOBIYI TOPE', '15000.00', 'clientservice@isaluhospitals.com', 3, '19', 1, 1, '2022-05-16 00:00:00', 1, '19', 1, '2022-05-16 12:25:14', '2022-05-14', NULL, 1, 0, '19', 105, 0, NULL, NULL, '', '0', '', NULL, '2022-05-14 00:00:00', NULL, 0, NULL, 0, NULL),
(141, NULL, '', NULL, 'Biyi Morakinyo', '35000.00', 'procurement2@isaluhospitals.com', 1, '19', 1, 1, '2022-05-16 00:00:00', 1, '19', 1, '2022-05-16 11:34:12', '2022-05-16', NULL, 1, 0, '19', 104, 0, NULL, NULL, '', '0', 'Cash', NULL, '2022-05-16 00:00:00', NULL, 0, NULL, 0, NULL),
(142, NULL, '', NULL, 'BLAYZON VENTURES LIMITED', '16200.00', 'procurement2@isaluhospitals.com', 1, '19', 1, 1, '2022-05-16 00:00:00', 1, '19', 1, '2022-05-16 05:57:11', '2022-05-16', NULL, 1, 0, '19', 95, 0, NULL, NULL, '', '0', '', NULL, '2022-05-16 00:00:00', NULL, 0, NULL, 0, NULL),
(143, NULL, '', NULL, 'MAUREEN AMADI', '147000.00', 'procurement2@isaluhospitals.com', 1, '19', 1, 1, '2022-05-16 00:00:00', 1, '19', 1, '2022-05-16 06:00:51', '2022-05-16', NULL, 1, 0, '19', 14, 0, NULL, NULL, '', '0', '', NULL, '2022-05-16 00:00:00', NULL, 0, NULL, 0, NULL),
(144, NULL, '', NULL, 'DAYO ADEKOYA&CO', '10000.00', 'procurement2@isaluhospitals.com', 1, '19', 1, 1, '2022-05-16 00:00:00', 1, '19', 1, '2022-05-16 05:57:20', '2022-05-16', NULL, 1, 0, '19', 95, 0, NULL, NULL, '', '0', '', NULL, '2022-05-16 00:00:00', NULL, 0, NULL, 0, NULL),
(145, NULL, '', NULL, 'BLAYZON VENTURES LIMITED', '6500.00', 'procurement2@isaluhospitals.com', 1, NULL, 0, 0, NULL, 0, '19', 0, NULL, '2022-05-16', NULL, 0, 0, '', 8, 0, NULL, NULL, '', '0', '', NULL, NULL, NULL, 0, NULL, 0, NULL),
(146, NULL, '', NULL, 'Ismaila', '70000.00', 'procurement2@isaluhospitals.com', 1, '19', 1, 1, '2022-05-16 00:00:00', 1, '19', 1, '2022-05-16 05:57:29', '2022-05-16', NULL, 1, 0, '19', 31, 0, NULL, NULL, 'Cash', '0', '', NULL, '2022-05-16 00:00:00', NULL, 0, NULL, 0, NULL),
(147, NULL, '', NULL, 'BLAYZON VENTURES LIMITED', '6500.00', 'procurement2@isaluhospitals.com', 1, NULL, 0, 0, NULL, 0, '19', 0, NULL, '2022-05-16', NULL, 0, 0, '', 8, 1, NULL, 'WRONG CLASSIFICATION - DRUGS', '', '0', '', NULL, NULL, NULL, 0, NULL, 0, NULL),
(148, NULL, '', NULL, 'ADENIRAN SUNDAY MAYOWA', '68000.00', 'procurement2@isaluhospitals.com', 1, '19', 1, 1, '2022-05-17 00:00:00', 1, '19', 1, '2022-05-17 12:55:11', '2022-05-16', NULL, 1, 0, '19', 95, 0, NULL, NULL, '', '0', '', NULL, '2022-05-16 00:00:00', NULL, 0, NULL, 0, NULL),
(149, NULL, '', NULL, 'Abubakar Badmus', '100000.00', 'procurement2@isaluhospitals.com', 1, '19', 1, 1, '2022-05-16 00:00:00', 1, '19', 1, '2022-05-16 05:57:38', '2022-05-16', NULL, 1, 0, '19', 95, 0, NULL, NULL, 'Abubakar Badmus', '68277670', 'GTBank', NULL, '2022-05-16 00:00:00', NULL, 0, NULL, 0, NULL),
(151, NULL, '', NULL, 'IPAYE NIMOTA BUKOLA', '76000.00', 'procurement2@isaluhospitals.com', 1, NULL, 0, 0, NULL, 0, '19', 0, NULL, '2022-05-16', NULL, 0, 0, '', 60, 1, NULL, 'Not Properly Described', '', '0', '', NULL, NULL, NULL, 0, NULL, 0, NULL),
(152, NULL, '', NULL, 'AWA GEORGINA', '3500.00', 'clientservice@isaluhospitals.com', 3, '19', 1, 1, '2022-05-16 00:00:00', 1, '19', 1, '2022-05-18 05:08:26', '2022-05-16', NULL, 1, 0, '19', 98, 0, NULL, NULL, '', '0', '', NULL, '2022-05-16 00:00:00', NULL, 0, NULL, 0, NULL),
(153, NULL, '', NULL, 'RIDWON DATABASE AND TECHNOLOGY SERVI', '30000.00', 'procurement2@isaluhospitals.com', 1, NULL, 0, 1, NULL, 0, '19', 0, NULL, '2022-05-16', NULL, 0, 0, '', 102, 0, NULL, NULL, 'KAREEM RIDWON', '0', 'UBA', NULL, NULL, NULL, 0, NULL, 0, NULL),
(154, NULL, '', NULL, 'IPAYE NIMOTA BUKOLA', '76000.00', 'procurement2@isaluhospitals.com', 1, '19', 1, 1, '2022-05-16 00:00:00', 1, '19', 1, '2022-05-16 05:57:58', '2022-05-16', NULL, 1, 0, '19', 60, 0, NULL, NULL, '', '0', '', NULL, '2022-05-16 00:00:00', NULL, 0, NULL, 0, NULL),
(155, NULL, '', NULL, 'IPAYE NIMOTA OLUBUKOLA', '8000.00', 'procurement2@isaluhospitals.com', 1, NULL, 0, 0, NULL, 0, '19', 0, NULL, '2022-05-16', NULL, 0, 0, '', 8, 1, NULL, 'Wrongly Classified', '', '0', '', NULL, NULL, NULL, 0, NULL, 0, NULL),
(156, NULL, '', NULL, 'IDRIS ABDULKREEM ', '10000.00', 'procurement2@isaluhospitals.com', 1, '19', 1, 1, '2022-05-16 00:00:00', 1, '19', 1, '2022-05-16 05:19:43', '2022-05-16', NULL, 1, 0, '19', 95, 0, NULL, NULL, '', '0', '', NULL, '2022-05-16 00:00:00', NULL, 0, NULL, 0, NULL),
(157, NULL, '', NULL, 'Ige Banji', '100000.00', 'procurement2@isaluhospitals.com', 1, '19', 1, 1, '2022-05-17 00:00:00', 1, '19', 1, '2022-05-17 05:23:02', '2022-05-16', NULL, 1, 0, '19', 68, 0, NULL, NULL, 'Cash', '0', '', NULL, '2022-05-16 00:00:00', NULL, 0, NULL, 0, NULL),
(158, NULL, '', NULL, 'SAGELIFE', '13000.00', 'clientservice@isaluhospitals.com', 3, '19', 1, 1, '2022-05-17 00:00:00', 1, '19', 0, NULL, '2022-05-16', NULL, 1, 0, '19', 109, 0, NULL, NULL, '', '0', '', NULL, '2022-05-16 00:00:00', NULL, 0, NULL, 0, NULL),
(159, NULL, '', NULL, 'Ogbonna Njoku', '1000.00', 'procurement2@isaluhospitals.com', 1, '19', 1, 1, '2022-05-17 00:00:00', 1, '19', 1, '2022-05-17 12:55:20', '2022-05-17', NULL, 1, 0, '19', 95, 0, NULL, NULL, 'Ogbonna Njoku', '42252082', 'Access Bank', NULL, '2022-05-17 00:00:00', NULL, 0, NULL, 0, NULL),
(160, NULL, '', NULL, 'MR. GBENGA (DISPATCH RIDER)', '11800.00', 'bcc@isaluhospitals.com', 16, '19', 1, 1, '2022-05-17 00:00:00', 1, '19', 1, '2022-05-18 12:53:05', '2022-05-17', NULL, 1, 0, '19', 70, 0, NULL, NULL, 'MR. GBENGA DISPATCH RIDER', '0', 'CASH', NULL, '2022-05-17 00:00:00', NULL, 0, NULL, 0, NULL),
(161, NULL, '', NULL, 'IPAYE BUKOLA ', '8000.00', 'procurement2@isaluhospitals.com', 1, '19', 1, 1, '2022-05-17 00:00:00', 1, '19', 1, '2022-05-17 12:31:49', '2022-05-17', NULL, 1, 0, '19', 60, 0, NULL, NULL, '', '0', '', NULL, '2022-05-17 00:00:00', NULL, 0, NULL, 0, NULL),
(162, NULL, '', NULL, 'BLAYZON VENTURES LIMITED', '6500.00', 'procurement2@isaluhospitals.com', 1, '19', 1, 1, '2022-05-17 00:00:00', 1, '19', 1, '2022-05-18 12:53:17', '2022-05-17', NULL, 1, 0, '19', 60, 0, NULL, NULL, '', '0', '', NULL, '2022-05-17 00:00:00', NULL, 0, NULL, 0, NULL),
(163, NULL, '', NULL, 'MEDILEAD INTEGRITY NIGERIA LIMITED', '75000.00', 'procurement2@isaluhospitals.com', 1, '19', 1, 1, '2022-05-18 00:00:00', 1, '19', 1, '2022-05-19 01:42:21', '2022-05-17', NULL, 1, 0, '19', 60, 0, NULL, NULL, 'TIAMIYU MICHAEL', '2147483647', 'ZENITH BANK', NULL, '2022-05-17 00:00:00', NULL, 0, NULL, 0, NULL),
(165, NULL, '', NULL, 'MEDILEAD INTEGRITY NIGERIA LIMITED', '75000.00', 'procurement2@isaluhospitals.com', 1, '19', 1, 1, '2022-05-18 00:00:00', 1, '19', 0, NULL, '2022-05-17', NULL, 1, 0, '19', 60, 0, NULL, NULL, 'TIAMIYU MICHAEL', '2147483647', 'ZENITH BANK', NULL, '2022-05-17 00:00:00', NULL, 0, NULL, 0, NULL),
(166, NULL, '', NULL, 'EQUATOR MEDICS INTERNATIONAL LIMITED', '6400.00', 'procurement2@isaluhospitals.com', 1, NULL, 0, 0, NULL, 0, '19', 0, NULL, '2022-05-17', NULL, 0, 0, '', 12, 1, NULL, 'ALREADY DONE ON REQUISITION MODULE', 'EQUATOR MEDICS INTERNATIONAL LIMITED', '2147483647', 'FIDELITY BANK', NULL, NULL, NULL, 0, NULL, 0, NULL),
(167, NULL, '', NULL, 'DIESEL PLUS OIL AND GAS', '635.00', 'procurement2@isaluhospitals.com', 1, NULL, 0, 0, NULL, 0, '19', 0, NULL, '2022-05-17', NULL, 0, 0, '', 103, 1, NULL, 'Wrong Amount', '', '0', '', NULL, NULL, NULL, 0, NULL, 0, NULL),
(168, NULL, '', NULL, 'DIESEL PLUS OIL AND GAS', '635.00', 'procurement2@isaluhospitals.com', 1, NULL, 0, 0, NULL, 0, '19', 0, NULL, '2022-05-17', NULL, 0, 0, '', 103, 1, NULL, 'Wrong Amount', '', '0', '', NULL, NULL, NULL, 0, NULL, 0, NULL),
(169, NULL, '', NULL, 'DIESEL PLUS OIL AND GAS', '4445000.00', 'procurement2@isaluhospitals.com', 1, '19', 1, 1, '2022-05-17 00:00:00', 1, '19', 1, '2022-05-18 12:53:38', '2022-05-17', NULL, 1, 0, '19', 103, 0, NULL, NULL, '', '0', '', NULL, '2022-05-17 00:00:00', NULL, 0, NULL, 0, NULL),
(171, NULL, '', NULL, 'GOK NIGERIA LIMITED', '4980000.00', 'procurement2@isaluhospitals.com', 1, '19', 1, 1, '2022-05-17 00:00:00', 1, '19', 1, '2022-05-18 12:53:44', '2022-05-17', NULL, 1, 0, '19', 11, 0, NULL, NULL, '', '0', '', NULL, '2022-05-17 00:00:00', NULL, 0, NULL, 0, NULL),
(172, NULL, '', NULL, 'DR SANGOBIYI TOPE', '7000.00', 'clientservice@isaluhospitals.com', 3, NULL, 0, 0, NULL, 0, '19', 0, NULL, '2022-05-17', NULL, 0, 0, '', 105, 1, NULL, 'Not properly raised: Patient\'s name & file number not included', '', '0', '', NULL, NULL, NULL, 0, NULL, 0, NULL),
(173, NULL, '', NULL, 'SANGOBIYI TOPE', '7000.00', 'clientservice@isaluhospitals.com', 3, '19', 1, 1, '2022-05-18 00:00:00', 1, '19', 1, '2022-05-18 10:26:45', '2022-05-17', NULL, 1, 0, '19', 105, 0, NULL, NULL, '', '0', '', NULL, '2022-05-17 00:00:00', NULL, 0, NULL, 0, NULL),
(174, NULL, '', NULL, 'Juwan Aluminium', '300000.00', 'procurement2@isaluhospitals.com', 1, '19', 1, 1, '2022-05-18 00:00:00', 1, '19', 1, '2022-05-19 01:42:40', '2022-05-18', NULL, 1, 0, '19', 95, 0, NULL, NULL, 'Juwan Aluminium', '2147483647', 'FCMB', NULL, '2022-05-18 00:00:00', NULL, 0, NULL, 0, NULL),
(175, NULL, '', NULL, 'Amadi maureen', '1400.00', 'kitchen@isaluhospitals.com', 12, '19', 1, 1, '2022-05-19 00:00:00', 1, '19', 1, '2022-05-19 05:40:43', '2022-05-18', NULL, 1, 0, '19', 111, 0, NULL, NULL, '', '0', '', NULL, '2022-05-18 00:00:00', NULL, 0, NULL, 0, NULL),
(176, NULL, '', NULL, 'olabode', '1300.00', 'nursing@isaluhospitals.com', 4, NULL, 0, 0, NULL, 0, '19', 0, NULL, '2022-05-18', NULL, 0, 0, '', 110, 1, NULL, 'Duplicated', '', '0', '', NULL, NULL, NULL, 0, NULL, 0, NULL),
(177, NULL, '', NULL, 'olabode', '1300.00', 'nursing@isaluhospitals.com', 4, '19', 1, 1, '2022-05-20 00:00:00', 1, '19', 0, NULL, '2022-05-18', NULL, 1, 0, '19', 110, 0, NULL, NULL, '', '0', '', NULL, '2022-05-18 00:00:00', NULL, 0, NULL, 0, NULL),
(178, NULL, '', NULL, 'Nafiu. A. Bashir', '57000.00', 'procurement2@isaluhospitals.com', 1, '19', 1, 1, '2022-05-19 00:00:00', 1, '19', 1, '2022-05-20 01:03:53', '2022-05-18', NULL, 1, 0, '19', 37, 0, NULL, NULL, 'Nafiu. A. Bashir', '2147483647', 'FBN PLC', NULL, '2022-05-18 00:00:00', NULL, 0, NULL, 0, NULL),
(179, NULL, '', NULL, 'PRESTIGE PAINTS COMPANY LIMITED', '8000.00', 'procurement2@isaluhospitals.com', 1, '19', 1, 1, '2022-05-18 00:00:00', 1, '19', 1, '2022-05-19 01:43:03', '2022-05-18', NULL, 1, 0, '19', 95, 0, NULL, NULL, 'FOLOHUNSHO JIMOH.O', '2002552068', 'ZENITH BANK', NULL, '2022-05-18 00:00:00', NULL, 0, NULL, 0, NULL),
(180, NULL, '', NULL, 'HARBEY TECH SYSTEMS', '21500.00', 'procurement2@isaluhospitals.com', 1, '19', 1, 1, '2022-05-19 00:00:00', 1, '19', 1, '2022-05-19 01:43:19', '2022-05-18', NULL, 1, 0, '19', 102, 0, NULL, NULL, 'ADEKUNLE GBENGA SAMUEL', '2147483647', 'FIRST BANK', NULL, '2022-05-18 00:00:00', NULL, 0, NULL, 0, NULL),
(181, NULL, '', NULL, 'Biyi Morakinyo', '15000.00', 'procurement2@isaluhospitals.com', 1, '19', 1, 1, '2022-05-18 00:00:00', 1, '19', 1, '2022-05-19 11:22:39', '2022-05-18', NULL, 1, 0, '19', 95, 0, NULL, NULL, '', '0', '', NULL, '2022-05-18 00:00:00', NULL, 0, NULL, 0, NULL),
(182, NULL, '', NULL, 'IPAYE NIMOTA OLUBUKOLA', '35000.00', 'procurement2@isaluhospitals.com', 1, NULL, 0, 0, NULL, 0, '19', 0, NULL, '2022-05-18', NULL, 0, 0, '', 95, 1, NULL, 'Description should be N30,000.00 advance, N5,000.00 after completion. ', '', '0', '', NULL, NULL, NULL, 0, NULL, 0, NULL),
(183, NULL, '', NULL, 'IPAYE NIMOTA OLUBUKOLA', '35000.00', 'procurement2@isaluhospitals.com', 1, '19', 1, 1, '2022-05-18 00:00:00', 1, '19', 1, '2022-05-19 03:53:02', '2022-05-18', NULL, 1, 0, '19', 95, 0, NULL, NULL, '', '0', '', NULL, '2022-05-18 00:00:00', NULL, 0, NULL, 0, NULL),
(184, NULL, '', NULL, 'Harbidare Consult', '103305.00', 'procurement2@isaluhospitals.com', 1, '19', 1, 1, '2022-05-19 00:00:00', 1, '19', 1, '2022-05-20 01:04:11', '2022-05-18', NULL, 1, 0, '19', 95, 0, NULL, NULL, '', '0', '', NULL, '2022-05-18 00:00:00', NULL, 1, NULL, 0, NULL),
(185, NULL, '', NULL, 'SEKINAT RAJI', '800.00', 'procurement2@isaluhospitals.com', 1, '19', 1, 1, '2022-05-19 00:00:00', 1, '19', 0, NULL, '2022-05-18', NULL, 1, 0, '19', 60, 0, NULL, NULL, '', '0', '', NULL, '2022-05-18 00:00:00', NULL, 0, NULL, 0, NULL),
(186, NULL, '', NULL, 'SUARA OLUWAKEMI TAIWO', '9600.00', 'procurement2@isaluhospitals.com', 1, NULL, 0, 1, NULL, 0, '19', 0, NULL, '2022-05-19', NULL, 0, 0, '', 60, 1, NULL, 'Not Properly Described', '', '0', '', NULL, NULL, NULL, 0, NULL, 0, NULL),
(188, NULL, '', NULL, 'Hassan Tunde', '31200.00', 'procurement2@isaluhospitals.com', 1, '19', 1, 1, '2022-05-19 00:00:00', 1, '19', 1, '2022-05-20 01:04:24', '2022-05-19', NULL, 1, 0, '19', 95, 0, NULL, NULL, '0007436768', '0', 'GTB', NULL, '2022-05-19 00:00:00', NULL, 0, NULL, 0, NULL),
(189, NULL, '', NULL, 'SUARA OLUWAKEMI TAIWO', '6800.00', 'procurement2@isaluhospitals.com', 1, NULL, 0, 0, NULL, 0, '19', 0, NULL, '2022-05-19', NULL, 0, 0, '', 60, 1, NULL, 'Not Properly Described', '', '0', '', NULL, NULL, NULL, 0, NULL, 0, NULL),
(190, NULL, '', NULL, 'Alabi Aderonke Atinuke', '2800.00', 'procurement2@isaluhospitals.com', 1, NULL, 0, 0, NULL, 0, '19', 0, NULL, '2022-05-19', NULL, 0, 0, '', 8, 1, NULL, 'Duplication', '', '0', '', NULL, NULL, NULL, 0, NULL, 0, NULL),
(191, NULL, '', NULL, 'Kemi Suara', '18000.00', 'procurement2@isaluhospitals.com', 1, '19', 1, 1, '2022-05-19 00:00:00', 1, '19', 1, '2022-05-19 01:08:08', '2022-05-19', NULL, 1, 0, '19', 95, 0, NULL, NULL, 'Cash', '0', '', NULL, '2022-05-19 00:00:00', NULL, 0, NULL, 0, NULL),
(192, NULL, '', NULL, 'Alabi Aderonke Atinuke', '2800.00', 'procurement2@isaluhospitals.com', 1, '19', 1, 1, '2022-05-19 00:00:00', 1, '19', 1, '2022-05-19 01:08:49', '2022-05-19', NULL, 1, 0, '19', 8, 0, NULL, NULL, '', '0', '', NULL, '2022-05-19 00:00:00', NULL, 0, NULL, 0, NULL),
(195, NULL, '', NULL, 'IPAYE BUKOLA', '12000.00', 'procurement2@isaluhospitals.com', 1, NULL, 0, 1, NULL, 0, '19', 0, NULL, '2022-05-19', NULL, 0, 0, '', 60, 1, NULL, 'Not Properly Described', '', '0', 'I O U  PAYMENT ', NULL, NULL, NULL, 0, NULL, 0, NULL),
(196, NULL, '', NULL, 'Akinkunbi Nigeria Ltd', '500000.00', 'procurement2@isaluhospitals.com', 1, '19', 1, 1, '2022-05-19 00:00:00', 1, '19', 1, '2022-05-20 01:04:33', '2022-05-19', NULL, 1, 0, '19', 95, 0, NULL, NULL, 'Cheque', '0', '', NULL, '2022-05-19 00:00:00', NULL, 0, NULL, 0, NULL),
(197, NULL, '', NULL, 'SIFOMEDICS LABORATORY---------IBIKUN', '68000.00', 'laboratory@isaluhospitals.com', 5, '19', 1, 1, '2022-05-19 00:00:00', 1, '19', 1, '2022-05-19 02:14:51', '2022-05-19', NULL, 1, 0, '19', 12, 0, NULL, NULL, '', '0', '', NULL, '2022-05-19 00:00:00', NULL, 0, NULL, 0, NULL),
(198, NULL, '', NULL, 'ORIS MEDICAL LABORATORY', '85000.00', 'laboratory@isaluhospitals.com', 5, '19', 1, 1, '2022-05-19 00:00:00', 1, '19', 1, '2022-05-19 02:14:59', '2022-05-19', NULL, 1, 0, '19', 12, 0, NULL, NULL, '', '0', '', NULL, '2022-05-19 00:00:00', NULL, 0, NULL, 0, NULL),
(200, NULL, '', NULL, 'IPAYE BUKOLA', '9600.00', 'procurement2@isaluhospitals.com', 1, '19', 1, 1, '2022-05-19 00:00:00', 1, '19', 1, '2022-05-19 05:09:42', '2022-05-19', NULL, 1, 0, '19', 60, 0, NULL, NULL, '', '0', 'I O U  PAYMENT FOR RENOVATION OF DOC', NULL, '2022-05-19 00:00:00', NULL, 0, NULL, 0, NULL),
(201, NULL, '', NULL, 'IPAYE NIMOTA OLUBUKOLA', '11800.00', 'procurement2@isaluhospitals.com', 1, '19', 1, 1, '2022-05-20 00:00:00', 1, '19', 1, '2022-05-20 11:07:02', '2022-05-19', NULL, 1, 0, '19', 14, 0, NULL, NULL, '', '0', '', NULL, '2022-05-19 00:00:00', NULL, 0, NULL, 0, NULL),
(202, NULL, '', NULL, 'SUARA OLUWAKEMI TAIWO', '20000.00', 'procurement2@isaluhospitals.com', 1, '19', 1, 1, '2022-05-19 00:00:00', 1, '19', 1, '2022-05-19 05:45:29', '2022-05-19', NULL, 1, 0, '19', 73, 0, NULL, NULL, '', '0', '', NULL, '2022-05-19 00:00:00', NULL, 0, NULL, 0, NULL),
(203, NULL, '', NULL, 'YA FATAHU VENTURE', '1047500.00', 'procurement2@isaluhospitals.com', 1, NULL, 0, 0, NULL, 0, '19', 0, NULL, '2022-05-19', NULL, 0, 0, '', 60, 1, NULL, 'ALREADY DONE ON REQUISITION MODULE', '', '0', '', NULL, NULL, NULL, 0, NULL, 0, NULL),
(204, NULL, '', NULL, 'Ugochukwu  Ogochukwu ', '25000.00', 'medical@isaluhospitals.com', 17, NULL, 0, 1, NULL, 0, '', 0, NULL, '2022-05-19', NULL, 0, 1, '23', 24, 0, NULL, NULL, 'Ugochukwu  Ogochukwu ', '2085277003', 'Zenith Bank', NULL, NULL, NULL, 0, NULL, 0, NULL),
(205, NULL, '', NULL, 'SUARA OLUWAKEMI TAIWO', '2500.00', 'procurement2@isaluhospitals.com', 1, '19', 1, 1, '2022-05-20 00:00:00', 1, '19', 1, '2022-05-20 10:30:22', '2022-05-20', NULL, 1, 0, '19', 95, 0, NULL, NULL, '', '0', '', NULL, '2022-05-20 00:00:00', NULL, 0, NULL, 0, NULL),
(206, NULL, '', NULL, 'IPAYE NIMOTA OLUBUKOLA', '27800.00', 'procurement2@isaluhospitals.com', 1, NULL, 0, 0, NULL, 0, '19', 0, NULL, '2022-05-20', NULL, 0, 0, '', 14, 0, NULL, NULL, '', '0', '', NULL, NULL, NULL, 0, NULL, 0, NULL),
(207, NULL, '', NULL, 'IPAYE NIMOTA OLUBUKOLA', '35200.00', 'procurement2@isaluhospitals.com', 1, '19', 1, 1, '2022-05-20 00:00:00', 1, '19', 1, '2022-05-20 04:05:49', '2022-05-20', NULL, 1, 0, '19', 14, 0, NULL, NULL, '', '0', '', NULL, '2022-05-20 00:00:00', NULL, 0, NULL, 0, NULL),
(208, NULL, '', NULL, 'JAMESON OLUSOLA', '29250.00', 'procurement2@isaluhospitals.com', 1, NULL, 0, 1, NULL, 0, '19', 0, NULL, '2022-05-20', NULL, 0, 0, '', 74, 0, NULL, NULL, '', '0', '', NULL, NULL, NULL, 0, NULL, 0, NULL),
(210, NULL, '', NULL, 'IPAYE BUKOLA', '12000.00', 'procurement2@isaluhospitals.com', 1, '19', 1, 1, '2022-05-20 00:00:00', 1, '19', 1, '2022-05-20 12:36:42', '2022-05-20', NULL, 1, 0, '19', 60, 0, NULL, NULL, '', '0', 'I O U  PAYMENT', NULL, '2022-05-20 00:00:00', NULL, 0, NULL, 0, NULL),
(211, NULL, '', NULL, 'EKE NIGERIA LIMITED', '7500.00', 'procurement2@isaluhospitals.com', 1, NULL, 0, 1, NULL, 0, '19', 0, NULL, '2022-05-20', NULL, 0, 0, '', 41, 0, NULL, NULL, '', '0', '', NULL, NULL, NULL, 0, NULL, 0, NULL),
(212, NULL, '', NULL, 'IPAYE BUKOLA', '24000.00', 'procurement2@isaluhospitals.com', 1, '19', 1, 1, '2022-05-20 00:00:00', 1, '19', 1, '2022-05-20 12:36:52', '2022-05-20', NULL, 1, 0, '19', 60, 0, NULL, NULL, '', '0', 'I O U  PAYMENT FOR PURCHASE OF MATER', NULL, '2022-05-20 00:00:00', NULL, 0, NULL, 0, NULL),
(213, NULL, '', NULL, 'IPAYE BUKOLA', '1000.00', 'procurement2@isaluhospitals.com', 1, '19', 1, 1, '2022-05-20 00:00:00', 1, '19', 1, '2022-05-20 12:37:03', '2022-05-20', NULL, 1, 0, '19', 60, 0, NULL, NULL, '', '0', 'I.O.U PAYMENT FOR ROOM 112', NULL, '2022-05-20 00:00:00', NULL, 0, NULL, 0, NULL),
(214, NULL, '', NULL, 'EQUATOR MEDICS INTERNATIONAL LIMITED', '32000.00', 'procurement2@isaluhospitals.com', 1, '19', 1, 1, '2022-05-20 00:00:00', 1, '19', 1, '2022-05-20 01:04:57', '2022-05-20', NULL, 1, 0, '19', 12, 0, NULL, NULL, '', '0', '', NULL, '2022-05-20 00:00:00', NULL, 0, NULL, 0, NULL),
(215, NULL, '', NULL, 'EMMANUEL GEORGE', '700.00', 'procurement2@isaluhospitals.com', 1, '19', 1, 1, '2022-05-20 00:00:00', 1, '19', 1, '2022-05-20 01:44:13', '2022-05-20', NULL, 1, 0, '19', 61, 0, NULL, NULL, '', '0', 'INVOICE IS ATTACHED', NULL, '2022-05-20 00:00:00', NULL, 0, NULL, 0, NULL),
(216, NULL, '', NULL, 'IPAYE NIMOTA OLUBUKOLA', '76000.00', 'procurement2@isaluhospitals.com', 1, '19', 1, 1, '2022-05-20 00:00:00', 1, '19', 0, NULL, '2022-05-20', NULL, 1, 0, '19', 60, 0, NULL, NULL, '', '0', '', NULL, '2022-05-20 00:00:00', NULL, 1, NULL, 0, NULL),
(217, NULL, '', NULL, 'IPAYE NIMOTA OLUBUKOLA', '300.00', 'procurement2@isaluhospitals.com', 1, '19', 1, 1, '2022-05-20 00:00:00', 1, '19', 1, '2022-05-20 03:57:38', '2022-05-20', NULL, 1, 0, '19', 60, 0, NULL, NULL, '', '0', '', NULL, '2022-05-20 00:00:00', NULL, 1, NULL, 0, NULL),
(218, NULL, '', NULL, 'CARTER BIGGS LOGISTICS COMPANY ', '34000.00', 'procurement2@isaluhospitals.com', 1, '19', 1, 1, '2022-05-20 00:00:00', 1, '19', 1, '2022-05-20 03:01:31', '2022-05-20', NULL, 1, 0, '19', 112, 0, NULL, NULL, 'CARTER BIGGS INVESTMENT LIMITED ', '671242670', 'GT BANK ', NULL, '2022-05-20 00:00:00', NULL, 1, NULL, 0, NULL),
(219, NULL, '', NULL, 'SUARA OLUWAKEMI TAIWO', '1500.00', 'procurement2@isaluhospitals.com', 1, '19', 1, 1, '2022-05-20 00:00:00', 1, '19', 1, '2022-05-20 05:58:48', '2022-05-20', NULL, 1, 0, '19', 86, 0, NULL, NULL, '', '0', '', NULL, '2022-05-20 00:00:00', NULL, 1, NULL, 0, NULL),
(220, NULL, '', NULL, 'Biyi Morakinyo', '8050.00', 'procurement2@isaluhospitals.com', 1, NULL, 0, 0, NULL, 0, '19', 0, NULL, '2022-05-20', NULL, 0, 0, '', 95, 1, NULL, 'Duplication', 'Cash', '0', '', NULL, NULL, NULL, 0, NULL, 0, NULL),
(221, NULL, '', NULL, 'IPAYE BUKOLA', '2500.00', 'procurement2@isaluhospitals.com', 1, '19', 1, 1, '2022-05-20 00:00:00', 1, '19', 1, '2022-05-20 06:21:35', '2022-05-20', NULL, 1, 0, '19', 60, 0, NULL, NULL, '', '0', 'I O U PAYMENT HOUSEKEEPING NEED', NULL, '2022-05-20 00:00:00', NULL, 1, NULL, 0, NULL),
(222, NULL, '', NULL, 'Biyi Morakinyo', '8050.00', 'procurement2@isaluhospitals.com', 1, NULL, 0, 0, NULL, 0, '19', 0, NULL, '2022-05-20', NULL, 0, 0, '', 95, 1, NULL, 'Duplication', 'Cash', '0', '', NULL, NULL, NULL, 0, NULL, 0, NULL),
(223, NULL, '', NULL, 'OLUWAKEMI SUARA', '1000.00', 'procurement2@isaluhospitals.com', 1, NULL, 0, 0, NULL, 0, '19', 0, NULL, '2022-05-20', NULL, 0, 0, '', 60, 1, NULL, 'Duplication', '', '0', '', NULL, NULL, NULL, 0, NULL, 0, NULL),
(224, NULL, '', NULL, 'IPAYE NIMOTA OLUBUKOLA', '0.00', 'procurement2@isaluhospitals.com', 1, NULL, 0, 0, NULL, 0, '19', 0, NULL, '2022-05-20', NULL, 0, 0, '', 95, 0, NULL, NULL, '', '0', '', NULL, NULL, NULL, 0, NULL, 0, NULL),
(225, NULL, '', NULL, 'IPAYE BUKOLA', '15000.00', 'procurement2@isaluhospitals.com', 1, NULL, 0, 1, NULL, 0, '19', 0, NULL, '2022-05-20', NULL, 0, 0, '', 60, 0, NULL, NULL, '', '0', 'LABOUR FEE', NULL, NULL, NULL, 0, NULL, 0, NULL),
(227, NULL, '', NULL, 'SUARA OLUWAKEMI TAIWO', '1000.00', 'procurement2@isaluhospitals.com', 1, '19', 1, 1, '2022-05-20 00:00:00', 1, '19', 1, '2022-05-20 05:58:37', '2022-05-20', NULL, 1, 0, '19', 86, 0, NULL, NULL, '', '0', '', NULL, '2022-05-20 00:00:00', NULL, 1, NULL, 0, NULL),
(228, NULL, '', NULL, 'Obiwale Aminat', '400.00', 'account@isaluhospitals.com', 6, '19', 1, 1, '2022-05-20 09:18:31', 1, '19', 1, '2022-05-23 11:17:34', '2022-05-20', NULL, 1, 0, '19', 86, 0, NULL, NULL, '', '0', '', NULL, '2022-05-20 09:18:31', NULL, 1, 46, 0, NULL),
(229, NULL, '', NULL, 'IPAYE NIMOTA OLUBUKOLA', '4000.00', 'procurement2@isaluhospitals.com', 1, '19', 1, 1, '2022-05-20 07:14:00', 1, '19', 1, '2022-05-23 11:57:37', '2022-05-20', NULL, 1, 0, '19', 95, 0, NULL, NULL, 'Cash', '0', '', NULL, '2022-05-20 07:14:00', NULL, 1, 46, 0, NULL),
(230, NULL, '', NULL, 'Biyi Morakinyo', '8050.00', 'procurement2@isaluhospitals.com', 1, '19', 1, 1, '2022-05-20 00:00:00', 1, '19', 1, '2022-05-20 06:04:17', '2022-05-20', NULL, 1, 0, '19', 95, 0, NULL, NULL, 'Cash', '0', '', NULL, '2022-05-20 00:00:00', NULL, 1, NULL, 0, NULL),
(231, NULL, '', NULL, 'TADEZ GLOBAL RESOURCES', '280000.00', 'procurement2@isaluhospitals.com', 1, '19', 1, 1, '2022-05-20 00:00:00', 1, '19', 0, NULL, '2022-05-20', NULL, 1, 0, '19', 95, 0, NULL, NULL, 'ADESOPE TOHIR ADESOLA', '2147483647', 'FIRST BANK', NULL, '2022-05-20 00:00:00', NULL, 1, NULL, 0, NULL),
(232, NULL, '', NULL, 'SANGOBIYI TOPE', '12000.00', 'clientservice@isaluhospitals.com', 3, NULL, 0, 1, NULL, 0, NULL, 0, NULL, '2022-05-21', NULL, 0, 0, NULL, 105, 0, NULL, NULL, '', '0', '', NULL, NULL, NULL, 0, NULL, 1, 41),
(233, NULL, '', NULL, 'SUARA OLUWAKEMI TAIWO', '20400.00', 'procurement2@isaluhospitals.com', 1, NULL, 0, 1, NULL, 0, '19', 0, NULL, '2022-05-23', NULL, 0, 0, NULL, 60, 0, NULL, NULL, '', '0', '', NULL, NULL, NULL, 0, NULL, 0, 43),
(234, NULL, '', NULL, 'SUARA OLUWAKEMI TAIWO', '250000.00', 'procurement2@isaluhospitals.com', 1, NULL, 0, 1, NULL, 0, '19', 0, NULL, '2022-05-23', NULL, 0, 0, NULL, 95, 0, NULL, NULL, '', '0', '', NULL, NULL, NULL, 0, NULL, 0, 43),
(235, NULL, '', NULL, 'IPAYE NIMOTA BUKOLA', '219200.00', 'procurement2@isaluhospitals.com', 1, '19', 1, 1, '2022-05-23 05:53:51', 1, '19', 0, NULL, '2022-05-23', NULL, 1, 0, '19', 14, 0, NULL, NULL, '', '0', '', NULL, '2022-05-23 05:53:51', NULL, 0, NULL, 0, 43),
(236, NULL, '', NULL, 'BEST MEDLAB NIGERIA LIMITED', '251115.00', 'procurement2@isaluhospitals.com', 1, NULL, 0, 1, NULL, 0, '19', 0, NULL, '2022-05-23', NULL, 0, 0, NULL, 12, 0, NULL, NULL, 'BEST MEDLAB NIGERIA LIMITED', '1016874324', 'ZENITH BANK', NULL, NULL, NULL, 0, NULL, 0, 43),
(237, NULL, '', NULL, 'OJAX MEDICS LIMITED', '461500.00', 'procurement2@isaluhospitals.com', 1, NULL, 0, 1, NULL, 0, '19', 0, NULL, '2022-05-23', NULL, 0, 0, NULL, 12, 0, NULL, NULL, '', '0', '', NULL, NULL, NULL, 0, NULL, 0, 43),
(238, NULL, '', NULL, 'KHOMBIZ SURGICAL AND PHARM. CO LTD', '481700.00', 'procurement2@isaluhospitals.com', 1, NULL, 0, 1, NULL, 0, '19', 0, NULL, '2022-05-23', NULL, 0, 0, NULL, 12, 0, NULL, NULL, '', '0', '', NULL, NULL, NULL, 0, NULL, 0, 43),
(239, NULL, '', NULL, 'G.O.K', '150000.00', 'procurement@isaluhospitals.com', 1, NULL, 0, 1, NULL, 0, '19', 0, NULL, '2022-05-23', NULL, 0, 0, NULL, 58, 0, NULL, NULL, '', '0', '', NULL, NULL, NULL, 0, NULL, 0, 43),
(240, NULL, '', NULL, 'OJAX MEDICS LIMITED', '90000.00', 'procurement2@isaluhospitals.com', 1, NULL, 0, 1, NULL, 0, '19', 0, NULL, '2022-05-23', NULL, 0, 0, NULL, 12, 0, NULL, NULL, '', '0', '', NULL, NULL, NULL, 0, NULL, 0, 43),
(241, NULL, '', NULL, 'CODIX PHARMA LIMITED', '267000.00', 'procurement2@isaluhospitals.com', 1, NULL, 0, 1, NULL, 0, '19', 0, NULL, '2022-05-23', NULL, 0, 0, NULL, 12, 0, NULL, NULL, '', '0', '', NULL, NULL, NULL, 0, NULL, 0, 43),
(242, NULL, '', NULL, 'FEMZY ENGINEERING VENTURES', '229416.00', 'procurement2@isaluhospitals.com', 1, NULL, 0, 1, NULL, 0, '19', 0, NULL, '2022-05-23', NULL, 0, 0, NULL, 12, 0, NULL, NULL, '', '0', '', NULL, NULL, NULL, 0, NULL, 0, 43),
(243, NULL, '', NULL, 'ADVANCE MEDISYSTEMS LIMITED', '197692.57', 'procurement2@isaluhospitals.com', 1, NULL, 0, 1, NULL, 0, '19', 0, NULL, '2022-05-23', NULL, 0, 0, NULL, 12, 0, NULL, NULL, '', '0', '', NULL, NULL, NULL, 0, NULL, 0, 43),
(244, NULL, '', NULL, 'ISEOLUWA GOLDEN LINK', '1980000.00', 'procurement2@isaluhospitals.com', 1, NULL, 0, 0, NULL, 0, NULL, 0, NULL, '2022-05-23', NULL, 0, 0, NULL, 95, 1, 43, 'put price for each', 'ISEOLUWA GOLDEN LINK', '21532608', 'ACCESS BANK', '0000-00-00 00:00:00', NULL, NULL, 0, NULL, 1, 43),
(245, NULL, '', NULL, 'DIESEL PLUS COMPANY', '3175000.00', 'procurement@isaluhospitals.com', 1, NULL, 0, 1, NULL, 0, '19', 0, NULL, '2022-05-23', NULL, 0, 0, NULL, 12, 0, NULL, NULL, '', '0', '', NULL, NULL, NULL, 0, NULL, 0, 43),
(246, NULL, '', NULL, 'ABIOLA ONIFADE LATEEF', '800000.00', 'procurement@isaluhospitals.com', 1, NULL, 0, 1, NULL, 0, '19', 0, NULL, '2022-05-23', NULL, 0, 0, NULL, 95, 0, NULL, NULL, 'ABIOLA ONIFADE LATEEF', '2081102833', 'ZENITH BANK', NULL, NULL, NULL, 0, NULL, 0, 43),
(247, NULL, '', NULL, 'IPAYE OLUWABUKOLA NIMOTA', '30000.00', 'procurement@isaluhospitals.com', 1, NULL, 0, 1, NULL, 0, '19', 0, NULL, '2022-05-23', NULL, 0, 0, NULL, 60, 0, NULL, NULL, '', '0', '', NULL, NULL, NULL, 0, NULL, 0, 43),
(248, NULL, '', NULL, 'IPAYE OLUWABUKOLA NIMOTA', '12000.00', 'procurement@isaluhospitals.com', 1, NULL, 0, 1, NULL, 0, '19', 0, NULL, '2022-05-23', NULL, 0, 0, NULL, 60, 0, NULL, NULL, '', '0', '', NULL, NULL, NULL, 0, NULL, 0, 43),
(249, NULL, '', NULL, 'KAREEM RIDWON', '30000.00', 'procurement@isaluhospitals.com', 1, NULL, 0, 1, NULL, 0, '19', 0, NULL, '2022-05-23', NULL, 0, 0, NULL, 102, 0, NULL, NULL, 'KAREEM RIDWON', '2120114016', 'UBA', NULL, NULL, NULL, 0, NULL, 0, 43),
(250, NULL, '', NULL, 'PROMATRIX', '968255.00', 'procurement2@isaluhospitals.com', 1, NULL, 0, 1, NULL, 0, '19', 0, NULL, '2022-05-23', NULL, 0, 0, NULL, 95, 0, NULL, NULL, '', '0', '', NULL, NULL, NULL, 0, NULL, 0, 43),
(254, NULL, '', NULL, 'IPAYE NIMOTA OLUBUKOLA', '1000.00', 'procurement2@isaluhospitals.com', 1, '19', 1, 1, '2022-05-23 02:39:51', 1, '19', 0, NULL, '2022-05-23', NULL, 1, 0, '19', 95, 0, NULL, NULL, '', '0', '', NULL, '2022-05-23 02:39:51', NULL, 0, NULL, 0, 43),
(255, NULL, '', NULL, 'IPAYE NIMOTA OLUBUKOLA', '1000.00', 'procurement2@isaluhospitals.com', 1, NULL, 0, 0, NULL, 0, NULL, 0, NULL, '2022-05-23', NULL, 0, 0, NULL, 95, 0, NULL, NULL, '', '0', '', NULL, NULL, NULL, 0, NULL, 1, 43),
(257, NULL, '', NULL, 'IPAYE NIMOTA OLUBUKOLA', '0.00', 'procurement2@isaluhospitals.com', 1, NULL, 0, 0, NULL, 0, NULL, 0, NULL, '2022-05-23', NULL, 0, 0, NULL, 83, 0, NULL, NULL, 'CASH', '0', '', NULL, NULL, NULL, 0, NULL, 1, 43),
(258, NULL, '', NULL, 'SUARA OLUWAKEMI TAIWO', '25000.00', 'procurement@isaluhospitals.com', 1, '19', 1, 1, '2022-05-23 03:31:10', 1, '19', 0, NULL, '2022-05-23', NULL, 1, 0, '19', 95, 0, NULL, NULL, '', '0', '', NULL, '2022-05-23 03:31:10', NULL, 0, NULL, 0, 43),
(259, NULL, '', NULL, 'IPAYE NIMOTA OLUBUKOLA', '12200.00', 'procurement2@isaluhospitals.com', 1, NULL, 0, 1, NULL, 0, '19', 0, NULL, '2022-05-23', NULL, 0, 0, NULL, 83, 0, NULL, NULL, '', '0', '', NULL, NULL, NULL, 0, NULL, 0, 43),
(260, NULL, '', NULL, 'PANASERVE NIGERIA LIMITED', '1980000.00', 'procurement@isaluhospitals.com', 1, '22', 1, 1, '2022-05-23 04:04:32', 1, '19', 1, '2022-05-23 05:26:11', '2022-05-23', NULL, 0, 0, NULL, 95, 0, 0, NULL, 'PANASERVE NIGERIA LIMITED', '1010798211', 'ZENITH BANK', NULL, '2022-05-23 03:22:54', NULL, 1, 46, 0, 43),
(261, NULL, '', NULL, 'IPAYE NIMOTA OLUBUKOLA', '12200.00', 'procurement2@isaluhospitals.com', 1, NULL, 0, 1, NULL, 0, NULL, 0, NULL, '2022-05-23', NULL, 0, 1, '23', 83, 0, NULL, NULL, '', '0', '', NULL, NULL, NULL, 0, NULL, 0, 43),
(262, NULL, '', NULL, 'IPAYE NIMOTA OLUBUKOLA', '12200.00', 'procurement2@isaluhospitals.com', 1, NULL, 0, 1, NULL, 0, NULL, 0, NULL, '2022-05-23', NULL, 0, 0, NULL, 84, 0, NULL, NULL, '', '0', '', NULL, NULL, NULL, 0, NULL, 1, 43);
INSERT INTO `claims_header` (`id`, `claimtype`, `hospital_no`, `Patient_name`, `Payee`, `Amount`, `Enteredby`, `departmentid`, `Approvedby`, `Approved`, `approvalRequest`, `Approveddate`, `Audited`, `Auditedby`, `Accounting_status`, `payment_date`, `Created_date`, `staffname`, `hrstatus`, `hrrequired`, `hrname`, `claim_categoryid`, `returned`, `returnedby`, `comment`, `account_name`, `account_number`, `bank_name`, `returneddate`, `auditeddate`, `hrapproveddate`, `payment_process_status`, `paidby`, `hod`, `hodname`) VALUES
(264, NULL, 'IHL/test', NULL, 'David', '0.00', 'audit@isaluhospitals.com', 7, NULL, 0, 0, NULL, 0, NULL, 0, NULL, '2022-05-27', NULL, 0, 0, NULL, 9, 0, NULL, NULL, 'Nill', '0240235325', 'First bank', NULL, NULL, NULL, 0, NULL, 1, 41);

-- --------------------------------------------------------

--
-- Table structure for table `departments`
--

CREATE TABLE `departments` (
  `id` int(11) NOT NULL,
  `name` varchar(32) NOT NULL
) ENGINE=InnoDB DEFAULT CHARSET=utf8mb4;

--
-- Dumping data for table `departments`
--

INSERT INTO `departments` (`id`, `name`) VALUES
(1, 'procurement'),
(2, 'IT'),
(3, 'Client service'),
(4, 'Nursing'),
(5, 'Laboratory'),
(6, 'Accounting'),
(7, 'Audit'),
(9, 'Quicbook'),
(10, 'Pharmacy'),
(11, 'Radiology'),
(12, 'Kitchen'),
(13, 'HR'),
(14, 'Main Store'),
(15, 'Quality Control'),
(16, 'BCC'),
(17, 'Medical'),
(18, 'Test'),
(19, 'Maintenance');

-- --------------------------------------------------------

--
-- Table structure for table `items`
--

CREATE TABLE `items` (
  `itemid` int(11) NOT NULL,
  `itemname` varchar(36) NOT NULL,
  `uom` int(11) NOT NULL,
  `itemtypeid` int(11) NOT NULL,
  `qty` decimal(10,4) DEFAULT NULL,
  `limit` int(11) DEFAULT NULL,
  `createdby` int(11) NOT NULL
) ENGINE=InnoDB DEFAULT CHARSET=latin1;

--
-- Dumping data for table `items`
--

INSERT INTO `items` (`itemid`, `itemname`, `uom`, `itemtypeid`, `qty`, `limit`, `createdby`) VALUES
(98, 'Bixolon Paper', 16, 1, '25.0000', 10, 1),
(99, 'Washing handsoap', 13, 1, NULL, 10, 1),
(100, 'mopping soap', 10, 1, NULL, 10, 1),
(101, 'POS Paper', 16, 1, '32.0000', 10, 1),
(102, 'hypo', 19, 1, NULL, 10, 1),
(103, 'Black Pen', 10, 1, '43.0000', 10, 1),
(104, 'harpic', 10, 1, NULL, 10, 1),
(105, 'toilet soap', 13, 1, NULL, 10, 1),
(106, 'Envelope (White)', 10, 1, '9.0000', 10, 1),
(107, 'Staple pin', 11, 1, '10.0000', 10, 1),
(108, 'tooth brush', 11, 1, '15.0000', 10, 1),
(109, 'Calculator', 10, 1, '1.0000', 5, 1),
(110, 'Hard cover long note', 10, 1, '16.0000', 5, 1),
(111, 'cream', 11, 1, '13.0000', 10, 1),
(112, 'Hard cover short note', 10, 1, NULL, 5, 1),
(113, 'Paper file', 10, 1, '65.0000', 10, 1),
(114, 'Rubber file', 10, 1, '30.0000', 10, 1),
(115, 'Tag', 10, 1, NULL, 5, 1),
(116, 'scrubbing brush', 10, 1, NULL, 10, 1),
(117, 'air freshener solid', 10, 1, NULL, 10, 1),
(118, 'Ruler', 10, 1, NULL, 10, 1),
(119, 'air freshener liquid', 10, 1, '21.0000', 10, 1),
(120, 'Tippex', 10, 1, '23.0000', 5, 1),
(121, 'Permanent marker', 10, 1, '15.0000', 5, 1),
(122, 'towel', 10, 1, NULL, 10, 1),
(123, 'bag', 10, 1, NULL, 10, 1),
(124, 'Temporary marker', 10, 1, '13.0000', 10, 1),
(125, 'closeup', 10, 1, NULL, 10, 1),
(126, 'Higher Education note', 10, 1, '15.0000', 10, 1),
(127, 'flit', 10, 1, '52.0000', 10, 1),
(128, 'ariel', 17, 1, '1.0000', 10, 1),
(129, 'broom', 10, 1, NULL, 10, 1),
(130, '8 in one note', 10, 1, NULL, 10, 1),
(131, 'mopp', 10, 1, NULL, 10, 1),
(132, '6 in one note', 10, 1, NULL, 5, 1),
(133, 'bowl', 10, 1, NULL, 10, 1),
(134, 'bucket', 10, 1, NULL, 10, 1),
(135, 'File Tag', 10, 1, '57.0000', 5, 1),
(136, 'long brush', 10, 1, NULL, 10, 1),
(137, 'Wall pin', 11, 1, '3.0000', 5, 1),
(138, 'Exercise book (60 leaves)', 10, 1, NULL, 10, 1),
(139, 'dustbin nylon', 18, 1, '1.0000', 10, 1),
(140, 'File Clip', 10, 1, '33.0000', 10, 1),
(141, 'Stamp pad', 10, 1, '1.0000', 5, 1),
(142, 'disposable cup', 16, 1, '13.0000', 10, 1),
(143, 'Paper tape', 10, 1, '21.0000', 5, 1),
(144, 'Paper gum', 10, 1, '12.0000', 5, 1),
(145, 'red nylon', 10, 1, NULL, 10, 1),
(146, 'yellow nylon', 10, 1, NULL, 10, 1),
(147, 'Brown envelope (big)', 10, 1, NULL, 5, 1),
(148, 'Brown envelope (small)', 10, 1, NULL, 5, 1),
(149, 'toilet roll', 17, 1, '6.0000', 10, 1),
(150, 'Brown envelope (medium)', 10, 1, NULL, 5, 1),
(151, 'A4 paper', 15, 1, '31.0000', 10, 1),
(152, 'Basin tap', 10, 2, NULL, 0, 1),
(153, 'Mangle waste ', 10, 2, NULL, 0, 1),
(154, 'Flexible connector', 10, 2, NULL, 0, 1),
(155, 'Hand press tap', 10, 2, NULL, 0, 1),
(156, 'test', 10, 1, '10.0000', 5, 1),
(157, 'wall sucket', 10, 1, NULL, 10, 1),
(158, 'extention box', 10, 1, NULL, 10, 1),
(159, 'bulb (midium,small.big', 10, 1, NULL, 10, 1),
(160, 'battery (duracel)', 10, 1, '38.0000', 10, 1),
(161, 'fused', 10, 1, NULL, 10, 1),
(162, 'water heater switch', 10, 1, NULL, 10, 1),
(163, 'patress 3by 3', 10, 1, NULL, 10, 1),
(164, 'hi watt battery', 10, 1, NULL, 10, 1),
(165, 'installation tape', 10, 1, NULL, 10, 1),
(166, '3by3 sucket,3by6 sucket', 10, 1, NULL, 10, 1),
(167, '24 watt light', 10, 1, NULL, 10, 1),
(168, '18 watt light', 10, 1, NULL, 10, 1),
(169, '12 watt light', 10, 1, NULL, 10, 1),
(170, 'led schock', 10, 1, NULL, 10, 1),
(171, '13 amps plug', 10, 1, NULL, 10, 1),
(172, '15 amps plug', 10, 1, NULL, 10, 1),
(173, 'cable wire', 11, 1, NULL, 10, 1),
(174, 'single core', 10, 1, NULL, 10, 1),
(175, 'Salvon', 10, 2, NULL, 0, 1),
(176, 'double core', 10, 1, NULL, 10, 1),
(177, 'Mixer tap', 10, 2, NULL, 0, 1),
(178, 'adaptor', 10, 1, NULL, 10, 1),
(179, 'ac switch', 10, 1, NULL, 10, 1),
(180, 'wall fan', 10, 1, NULL, 10, 1),
(181, 'tv', 10, 1, NULL, 10, 1),
(182, 'ceiling fan', 10, 1, NULL, 10, 1),
(183, '12 mm clip', 10, 1, NULL, 10, 1),
(184, '20 mm clip', 10, 1, NULL, 10, 1),
(185, 'Tap (Plastic)', 10, 2, NULL, 0, 1),
(186, 'truncking 16 by 25', 10, 1, NULL, 10, 1),
(187, 'tunado nail', 10, 1, NULL, 10, 1),
(188, 'Tap (Iron)', 10, 2, NULL, 0, 1),
(189, 'Angle tap', 10, 2, NULL, 0, 1),
(190, 'Silicon gel ', 10, 2, NULL, 0, 1),
(191, 'Plumbing Gum', 10, 2, NULL, 10, 1),
(192, 'Plumbing plug', 10, 2, NULL, 10, 1),
(193, '1inch elbow', 10, 2, NULL, 10, 1),
(194, '1inch Adpter ', 10, 2, NULL, 10, 1),
(195, '1inch union connector', 10, 2, NULL, 10, 1),
(196, '1inch sucket', 10, 2, NULL, 10, 1),
(197, '1inch Tee', 10, 2, NULL, 10, 1),
(198, '1inch Air valve', 10, 2, NULL, 10, 1),
(199, 'Tee Tap', 10, 2, NULL, 10, 1),
(200, '1/2 inch Tee', 10, 2, NULL, 10, 1),
(201, '1/2 inch Elbow', 10, 2, NULL, 10, 1),
(202, '1/2 inch Socket', 10, 2, NULL, 10, 1),
(203, '1/2 inch Male & Female Socket', 10, 2, NULL, 10, 1),
(204, 'Pipe connector 4 inches', 10, 2, NULL, 10, 1),
(205, '3/4 Elbow', 10, 2, NULL, 10, 1),
(206, '3/4 Socket', 10, 2, NULL, 10, 1),
(207, '3/4 Air valve', 10, 2, NULL, 10, 1),
(208, '3/4 union', 10, 2, NULL, 10, 1),
(209, 'Nurses cap', 10, 2, NULL, 10, 1),
(210, 'Connecting tube', 10, 1, '50.0000', 10, 1),
(211, 'Nurses cap', 10, 1, '20.0000', 10, 1),
(212, 'Sectioning tube', 10, 1, NULL, 10, 1),
(213, 'Baby sex indicator', 10, 1, NULL, 10, 1),
(214, 'Nasal Prone Child', 10, 1, '50.0000', 10, 1),
(215, 'Nasal Prone Adult', 10, 1, '50.0000', 10, 1),
(216, 'Auto tape', 10, 1, NULL, 10, 1),
(217, 'Laptop Keyboard', 10, 2, NULL, 0, 1),
(218, 'Laptop charger (pin mouth)', 10, 2, NULL, 0, 1),
(219, 'Laptop charger (Big mouth)', 10, 2, NULL, 0, 1),
(220, 'Printer', 10, 2, NULL, 0, 1),
(221, 'Mouse', 10, 2, NULL, 0, 1),
(222, 'Mouse', 10, 1, NULL, 5, 1),
(223, 'Computer Laptop', 10, 2, NULL, 0, 1),
(224, 'Desktop Keyboard', 10, 2, NULL, 0, 1),
(225, 'Tonner (Black)', 10, 1, NULL, 5, 1),
(226, 'Tonner (Black)', 10, 2, NULL, 0, 1),
(227, 'Desktop hard drive ', 10, 2, NULL, 0, 1),
(228, 'Laptop hard drive', 10, 2, NULL, 0, 1),
(229, 'Laptop Battery ', 10, 2, NULL, 0, 1),
(230, 'Laptop Cooling Fan', 10, 2, NULL, 0, 1),
(231, 'Blue pen', 10, 1, '111.0000', 10, 1),
(232, 'Red pen', 10, 1, '44.0000', 10, 1),
(233, 'Green pen', 10, 1, '21.0000', 10, 1),
(234, 'Paforator', 10, 1, '1.0000', 2, 1),
(235, 'Schneider pen blue', 10, 1, '24.0000', 10, 1),
(236, 'Schneider pen black', 10, 1, '17.0000', 10, 1),
(237, 'Refine pen', 10, 1, '16.0000', 10, 1),
(238, 'Roller tip pen', 10, 1, '2.0000', 10, 1),
(239, 'File wool', 10, 1, '18.0000', 10, 1),
(240, 'Table pen', 10, 1, '10.0000', 10, 1),
(241, 'Rubber band', 11, 1, '3.0000', 10, 1),
(242, 'Cello tape ', 10, 1, '61.0000', 10, 1),
(243, 'Thumb tack', 11, 1, '2.0000', 5, 1),
(244, 'Stapler machine', 10, 1, '2.0000', 5, 1),
(245, 'Flit', 10, 2, NULL, 5, 1),
(246, 'Sweet', 10, 1, '13.0000', 2, 1),
(247, 'Wall clock', 10, 1, '20.0000', 2, 1),
(249, 'Air-conditional', 10, 2, NULL, 0, 1),
(250, 'A4 paper ', 15, 2, NULL, 0, 1),
(251, 'Higher education ', 10, 2, NULL, 0, 1),
(252, '12 in one note', 10, 2, NULL, 0, 1),
(253, '80 leaves exercise book', 10, 2, NULL, 0, 1),
(254, 'Calculator', 10, 2, NULL, 0, 1),
(255, 'Office file', 10, 2, NULL, 0, 1),
(256, 'Hard cover note long', 10, 2, NULL, 0, 1),
(257, 'Hard cover note medium', 10, 2, NULL, 0, 1),
(258, 'Envelope (White)', 11, 2, NULL, 0, 1),
(259, 'Permanent marker', 10, 2, NULL, 0, 1),
(260, 'Hand punch (For file)', 10, 2, NULL, 0, 1),
(261, 'Stapler ', 10, 2, NULL, 0, 1),
(262, 'Table pen', 10, 2, NULL, 0, 1),
(263, 'Tippex correction pen', 10, 2, NULL, 0, 1),
(264, 'High light for correction', 10, 2, NULL, 0, 1),
(265, 'Biro', 10, 2, NULL, 0, 1),
(266, 'Abro paper tape', 10, 2, NULL, 0, 1),
(267, 'POS paper', 16, 2, NULL, 0, 1),
(268, 'Bioxolon pape (80x80)', 16, 2, NULL, 0, 1),
(269, 'Brown envelope medium', 11, 2, NULL, 0, 1),
(270, 'Punch', 10, 2, NULL, 0, 1),
(271, 'Tissue paper', 17, 2, NULL, 0, 1),
(272, 'hypo', 19, 2, NULL, 0, 1),
(273, 'soap', 19, 2, NULL, 0, 1),
(274, 'Ariel', 17, 2, NULL, 0, 1),
(275, 'Cream', 10, 2, NULL, 0, 1),
(276, 'Black nylon', 18, 2, NULL, 0, 1),
(277, 'Towels', 10, 2, NULL, 0, 1),
(278, 'Bags', 10, 2, NULL, 0, 1),
(279, 'Brush', 10, 2, NULL, 0, 1),
(280, 'Air freshner', 10, 2, NULL, 0, 1),
(281, 'Sweet', 11, 2, NULL, 0, 1),
(282, 'Disposable cup', 16, 2, NULL, 0, 1),
(283, 'Close up', 10, 2, NULL, 0, 1),
(284, 'Soap for pack', 10, 2, NULL, 0, 1),
(285, 'Huggies wipe', 10, 2, NULL, 0, 1),
(286, 'Harpic 450mls', 18, 2, NULL, 0, 1),
(287, 'POE POWER PACK', 10, 2, NULL, 0, 1),
(288, 'Punch (For file)', 10, 1, '2.0000', 1, 1),
(289, '80 leaves exercise book', 10, 1, '21.0000', 5, 1),
(290, 'Hard cover note medium', 10, 1, '14.0000', 2, 1),
(291, '12 in one note', 10, 1, '3.0000', 1, 1),
(292, 'Office file', 10, 1, '100.0000', 10, 1),
(293, 'BLACK CATRIDGE ', 10, 2, NULL, 0, 1),
(294, 'CATRIDGE REFILL', 10, 2, NULL, 0, 1),
(295, 'BIXOLON PRINTER', 10, 2, NULL, 0, 1),
(296, 'SITE WORKS', 20, 2, NULL, 0, 1),
(297, 'MAC AGAR', 21, 2, NULL, 0, 1),
(298, 'CLED AGAR', 21, 2, NULL, 0, 1),
(299, 'NUTRIENT AGAR', 21, 2, NULL, 0, 1),
(300, 'SS AGAR', 21, 2, NULL, 0, 1),
(301, 'ALT/GPT ERBA', 21, 2, NULL, 0, 1),
(302, 'URIC ACID RANDOX', 21, 2, NULL, 0, 1),
(303, 'CREATINE ERBA', 21, 2, NULL, 0, 1),
(304, 'HIV UNIGOLD', 11, 2, NULL, 0, 1),
(305, 'NBAIC CARTRIDGES', 11, 2, NULL, 0, 1),
(306, 'ACCU CHEK LANCET', 11, 2, NULL, 0, 1),
(307, 'MALARIA KIT CTK', 11, 2, NULL, 0, 1),
(308, 'FAECAL OCCULT BLOOD FOB', 11, 2, NULL, 0, 1),
(309, 'Monthly subscription', 22, 2, NULL, 0, 1),
(310, 'Diesel', 13, 2, NULL, 0, 1),
(311, 'CUG suscription', 22, 2, NULL, 0, 1),
(312, 'POP cement', 17, 1, NULL, 5, 1),
(313, 'POP Paint', 17, 1, NULL, 1, 1),
(314, 'POP cement', 17, 2, NULL, 0, 1),
(315, 'POP Paint', 10, 2, NULL, 0, 1),
(316, 'Cement', 17, 2, NULL, 0, 1),
(317, 'Old Ambulance', 26, 2, NULL, 0, 1),
(318, 'Face mask', 10, 1, '1550.0000', 2, 1),
(319, 'Electrode', 11, 1, NULL, 2, 1),
(320, 'Granite', 27, 2, NULL, 0, 1),
(321, 'Sharp sand', 27, 2, NULL, 0, 1),
(322, 'Silicon', 10, 2, NULL, 0, 1),
(323, 'LAB001 (MAC AGAR)', 21, 1, '1.0000', 5, 1),
(324, 'Blender', 10, 2, NULL, 0, 1),
(325, 'LAB002 (CLED AGAR)', 21, 1, '1.0000', 2, 1),
(326, 'LAB003 (NUTRIENT AGAR)', 21, 1, '1.0000', 2, 1),
(327, 'LAB004 (SS AGAR)', 21, 1, NULL, 2, 1),
(328, 'LAB004 (ALT /  GPT - ERBA)', 11, 1, NULL, 2, 1),
(329, 'LAB006 (URIC ACID - RANDOX)', 11, 1, NULL, 2, 1),
(330, 'LAB007 (CREATINE - ERBA)', 11, 1, NULL, 2, 1),
(331, 'LAB008 (HIV - UNIGOLD)', 11, 1, NULL, 2, 1),
(332, 'LAB009 (HBA1C CARTRIDGES)', 11, 1, NULL, 2, 1),
(333, 'LAB010 (ACCU-CHECK LANCET)', 11, 1, NULL, 2, 1),
(334, 'LAB011 (MALARIA KIT - CTK)', 11, 1, NULL, 2, 1),
(335, 'LAB012 (FAECAL OCCULT BLOOD (FOB)', 11, 1, '1.0000', 2, 1),
(336, 'LAB013 (TYPHOID KIT)', 11, 1, '11.0000', 2, 1),
(337, 'LAB014 (DILUENT 20L)', 14, 1, '2.0000', 2, 1),
(338, 'LAB015 (RINSE 20L)', 14, 1, '1.0000', 2, 1),
(339, 'LAB016 (VAGINAL SPECULUM MEDIUM)', 11, 1, '175.0000', 2, 1),
(340, 'LAB017 (UNIVERSAL CONTAINER / BOTTLE', 18, 1, '2.0000', 2, 1),
(341, 'LAB018 (SERUM H.PYLORI LABICON)', 11, 1, NULL, 2, 1),
(342, 'LAB019 (PREGNANCY TEST - CTK)', 11, 1, NULL, 2, 1),
(343, 'LAB020 (TONGUE DEPRESSOR)', 11, 1, '2.0000', 2, 1),
(344, 'LAB021 (PREGNANCY TEST - BIOCHECK)', 11, 1, '2.0000', 2, 1),
(345, 'LAB022 (POTASSIUM REAGENT)', 21, 1, '2.0000', 2, 1),
(346, 'LAB023 (TB KIT LABICON)', 11, 1, NULL, 2, 1),
(347, 'LAB024 (HAV (HEPATITIS A))', 11, 1, NULL, 2, 1),
(348, 'LAB025 (HIV STAT - PAK CASSETTE)', 11, 1, NULL, 2, 1),
(349, 'LAB026 (CAPILLARY TUBE (RED))', 11, 1, NULL, 2, 1),
(350, 'LAB027 (COMBI -11)', 11, 1, '3.0000', 2, 1),
(351, 'LAB028 (ACCU-CHECK STRIP)', 11, 1, '8.0000', 2, 1),
(352, 'LAB074 (HIV DETERMINE)', 11, 1, '2.0000', 2, 1),
(353, 'LAB075 (OIL IMMERSION)', 21, 1, NULL, 2, 1),
(354, 'LAB076 (STOOL CONTAINER / BOTTLE)', 11, 1, '250.0000', 2, 1),
(355, 'LAB077 (PREGNANCY TEST - TECO)', 11, 1, '1.0000', 2, 1),
(356, 'LAB078 (COMBI 3)', 11, 1, '4.0000', 2, 1),
(357, 'LAB079 (SERUM H. PYLORY CTK)', 11, 1, NULL, 2, 1),
(358, 'LAB080 (VAGINAL SPECULUM LARGE )', 11, 1, NULL, 2, 1),
(359, 'LAB081 (AST/GOT - ERBA)', 11, 1, NULL, 2, 1),
(360, 'LAB082 (PHOSPHORUS)', 11, 1, NULL, 2, 1),
(361, 'LAB083 (XL WASH)', 11, 1, NULL, 2, 1),
(362, 'LAB084 (MALARIA KIT LABICON)', 11, 1, '10.0000', 2, 1),
(363, 'LAB085 (CHOLESTROL - ERBA)', 21, 1, NULL, 2, 1),
(364, 'LAB086 (TRIG - ERBA)', 11, 1, NULL, 2, 1),
(365, 'LAB087 (HDL - ERBA)', 11, 1, NULL, 2, 1),
(366, 'LAB088 (XL MULTICAL)', 11, 1, NULL, 2, 1),
(367, 'LAB089 (PREGINANCY TEST - KNOW IT)', 11, 1, NULL, 2, 1),
(368, 'LAB090 (PROTIME)', 11, 1, NULL, 2, 1),
(369, 'LAB091 (URIC ACID - ERBA)', 11, 1, NULL, 2, 1),
(370, 'LAB092 (CALCIUM - ERBA)', 11, 1, NULL, 2, 1),
(371, 'LAB093 (ESR DISPETTE)', 11, 1, '1.0000', 2, 1),
(372, 'LAB094 (STANDARD A & B)', 11, 1, NULL, 2, 1),
(373, 'LAB095 (TB KIT - OTHERS)', 11, 1, NULL, 2, 1),
(374, 'LAB096 (CLEANING SOLUTION)', 11, 1, NULL, 2, 1),
(375, 'LAB097SERUM H - PYLORY - BIOCHECK', 11, 1, NULL, 2, 1),
(376, 'LAB098 (FT3)', 11, 1, NULL, 2, 1),
(377, 'LAB099 (FT4)', 11, 1, NULL, 2, 1),
(378, 'LAB100 (TSH)', 11, 1, NULL, 2, 1),
(379, 'LAB101 (PSA)', 11, 1, NULL, 2, 1),
(380, 'Request form', 11, 1, '8.0000', 1, 1),
(381, 'Syrup sticker / mixture', 10, 1, '5.0000', 1, 1),
(382, 'Tablet sticker', 11, 1, '0.0000', 1, 1),
(383, 'Hardcover', 11, 1, NULL, 1, 1),
(384, 'isalu nylon', 11, 1, '47.0000', 1, 1),
(385, 'LAB029 (CAPILLARY TUBE-BLUE', 10, 1, NULL, 1, 1),
(386, 'LABO57 (CALCIUM -RANDOX)', 11, 1, NULL, 1, 1),
(387, 'LABOSS (CREATINE RANDOX)', 11, 1, NULL, 1, 1),
(388, 'LAB058 (CREATINE RANDOX)', 11, 1, NULL, 1, 1),
(389, 'LAB060 (FIELD STAIN POWDER) ', 21, 1, NULL, 1, 1),
(390, 'LAB061 SYPHILIS/ VDRL LABICON)', 11, 1, NULL, 1, 1),
(391, 'LAB063 (HCV (HEPATITIS C) - CTK)', 11, 1, NULL, 1, 1),
(392, 'LAB062 (HBSAG (HEPATITIS B)-CTK)', 11, 1, '1.0000', 1, 1),
(393, 'LAB064 (SYPHILIS /VDRL-CTK)', 11, 1, NULL, 1, 1),
(394, 'LAB065 (T.B KIT-DIASPOT)', 11, 1, NULL, 1, 1),
(395, 'LAB066 (SWAB STICKS)', 11, 1, '2.0000', 1, 1),
(396, 'LAB067 (BOIL PLASTER) ', 11, 1, '4.0000', 1, 1),
(397, 'BOLT AND NUTS', 10, 2, NULL, 0, 1),
(398, 'ANTI-RUST', 10, 2, NULL, 0, 1),
(399, 'LAB068 (SYPHILIS/VDRL -OTHERS)', 11, 1, '1.0000', 1, 1),
(400, 'LAB069 (HCV (HEPATITIS C)-OTHERS)', 11, 1, '4.0000', 1, 1),
(401, 'LAB070 (FIELD STAIN B POWDER) ', 21, 1, NULL, 1, 1),
(402, 'LAB071 (HBSAG HEPATITIS B)-OTHERS)', 11, 1, '3.0000', 1, 1),
(403, 'LAB072 (EDTA BOTTLE-K3)', 14, 1, NULL, 1, 1),
(404, 'LAB073 (PREGNANCY TEST- LABICON)', 11, 1, NULL, 1, 1),
(405, 'LAB130 (PROBE CLEANSER)', 11, 1, NULL, 1, 1),
(406, 'LAB132 (RHEUMATOID FACTOR)', 11, 1, NULL, 1, 1),
(407, 'LAB133 (MALARIA KIT BIOCHECK)', 11, 1, NULL, 1, 1),
(408, 'LAB134 (23G VACUUM NEEDLE)', 11, 1, '1.0000', 1, 1),
(409, 'LAB135 (MALARIA PAN)', 11, 1, NULL, 1, 1),
(410, 'LAB136 (ALKALINE PHOSPHATE (ALP 150)', 11, 1, NULL, 1, 1),
(411, 'LAB137 (ELBA PATH CONTROL)', 11, 1, NULL, 1, 1),
(412, 'LAB138 (52D DILUENT 20L) ', 14, 1, '5.0000', 1, 1),
(413, 'LAB139 (52LH LYSE 100ML)', 21, 1, '9.0000', 1, 1),
(414, 'LAB140 (52DIFF LYSE 500ML)', 21, 1, '8.0000', 1, 1),
(415, 'LAB141 (HBSAG (RITCHER))', 11, 1, NULL, 1, 1),
(416, 'LAB142 (HCV (RITCHER))', 11, 1, NULL, 1, 1),
(417, 'KEB2', 10, 2, NULL, 0, 1),
(418, ' LAB143 (SYPHILIS/VDRL RITCHER)', 11, 1, NULL, 1, 1),
(419, 'LAB144 (RENATA BATTERY)', 10, 1, NULL, 1, 1),
(420, 'LAB145 (SERUM H. PYLORI-MICROPOINT)', 11, 1, '2.0000', 1, 1),
(421, 'LAB146 (PREGNANCY TEST-MICROPOINT)', 11, 1, NULL, 1, 1),
(422, 'LAB029 (CAPILLARY TUBE - BLUE)', 10, 1, NULL, 1, 1),
(423, 'LAB030 (FROSTED   SLIDES)', 10, 1, '25.0000', 1, 1),
(424, 'LAB031 (BUFFER SALT)', 28, 1, NULL, 1, 1),
(425, 'PAINT MATERIAL', 10, 2, NULL, 0, 1),
(426, 'LAB033 (SENSITIVITY NEGATIVf) ', 11, 1, '2.0000', 1, 1),
(427, 'LAB034 (ACETATE PAPER) ', 10, 1, NULL, 1, 1),
(428, 'LAB035 (COVER SLIPS)', 11, 1, NULL, 1, 1),
(429, 'LAB036 (PLAIN BOTTLES)', 14, 1, '1000.0000', 1, 1),
(430, 'LAB037 (LITHIUM HEPARIN BOTTLES) ', 14, 1, '600.0000', 1, 1),
(431, 'LAB038 (EDTA BOTTLE K2)', 14, 1, '3000.0000', 1, 1),
(432, 'LAB039 (ANTI-SERA A)', 21, 1, NULL, 1, 1),
(433, 'LAB040 (ANTI-SERA B) ', 21, 1, NULL, 1, 1),
(434, 'LAB041 (ANTI-SERA D)', 21, 1, NULL, 1, 1),
(435, 'LAB042 (LYSE 500ML)', 21, 1, NULL, 1, 1),
(436, 'LAB043 (PETRI DISHES )  ', 16, 1, '280.0000', 1, 1),
(437, 'RAT POISON', 28, 2, NULL, 0, 1),
(438, 'BREAD', 29, 2, NULL, 0, 1),
(439, 'LAB044 (BILLIRUBIN DIRECT ERBA) ', 11, 1, NULL, 1, 1),
(440, 'LAB045 (YELLOW TIPS)', 11, 1, '1.0000', 1, 1),
(441, 'PRINTING ON BEDSHEET', 10, 2, NULL, 0, 1),
(442, 'LAB046 (BLUE TIPS) ', 11, 1, '2.0000', 1, 1),
(443, 'LAB047 (FLORIDE OXALATE)', 11, 1, NULL, 1, 1),
(444, 'LAB048 (SODIUM CITRATE)', 11, 1, NULL, 1, 1),
(445, 'LAB049 (BUTTERFLY NEEDLES)', 11, 1, '2.0000', 1, 1),
(446, 'LAB050 (HOLDER OF BUTTERFLY)', 11, 1, '1.0000', 1, 1),
(447, 'LAB051 (BILLI RUBIN DIRECT - RANDOX ', 11, 1, NULL, 1, 1),
(448, 'LAB052 (BILLIRUBIN TOTAL - ERBA)', 11, 1, NULL, 1, 1),
(449, 'LAB053 (CHOLESTEROL - RANQOX)', 11, 1, NULL, 1, 1),
(450, 'LAB054 (STOOL H - PYLORI) ', 11, 1, '1.0000', 1, 1),
(451, 'LAB055 (TRIG - RANDOX)', 11, 1, NULL, 1, 1),
(452, 'LAB056 (HDL - RANDOX)', 11, 1, NULL, 1, 1),
(453, ' LAB102 (ALKALINE PHOSPHATE (ALP 110', 11, 1, NULL, 1, 1),
(454, 'LAB103 (TOTAL PROTEIN (TP 440))', 11, 1, NULL, 1, 1),
(455, 'LAB104 (ERBA NORM', 11, 1, NULL, 1, 1),
(456, 'LAB105 (SAMPLE CUPS - ERBA)', 10, 1, NULL, 1, 1),
(457, 'LAB106 (XL ROTOR)', 10, 1, '2.0000', 1, 1),
(458, 'LAB107 (UREA 275)', 11, 1, NULL, 1, 1),
(459, 'LAB108 (DEPROTEIN SOLUTION)', 11, 1, NULL, 1, 1),
(460, 'LAB109 (DEFILING & REFILLING SOLUTIO', 11, 1, NULL, 1, 1),
(461, 'LAB110 (FORMALIN)', 21, 1, '1.0000', 1, 1),
(462, 'LAB111 (MANTOUX) ', 21, 1, NULL, 1, 1),
(463, 'LAB112 (E-Z CLEANSER)', 21, 1, NULL, 1, 1),
(464, 'LAB113 (WIRE LOOP)', 10, 1, NULL, 1, 1),
(465, 'LAB114 (WIRE LOOP HOLDER)', 10, 1, NULL, 1, 1),
(466, 'LAB115 (ACETONE)', 21, 1, NULL, 1, 1),
(467, 'LAB116 (SEMEN FLUID BOTTLE)', 21, 1, NULL, 1, 1),
(468, 'LAB117 (CARBON FUSHIN BOTTLE)', 21, 1, NULL, 1, 1),
(469, 'LAB118 (BORIC ACID)', 21, 1, NULL, 1, 1),
(470, 'LAB119 (PROLACTIN)', 11, 1, NULL, 1, 1),
(471, 'LAB120 (FSH)', 11, 1, NULL, 1, 1),
(472, 'PRINTING ON MEAL-TICKET', 11, 2, NULL, 0, 1),
(473, 'SIGN PLASTIC FRAME HANGING ACCESSORY', 10, 2, NULL, 0, 1),
(474, 'LAB121 (LH)', 11, 1, NULL, 1, 1),
(475, 'LAB122 (HDL/LDL CALIBRATOR)', 11, 1, NULL, 1, 1),
(476, 'LAB123 (COMBI 2)', 11, 1, NULL, 1, 1),
(477, 'LAB124 (HELIPROBE)', 11, 1, NULL, 1, 1),
(478, 'LAB125 (BICARBONATE REAGENT)', 11, 1, '1.0000', 1, 1),
(479, 'LAB12 6 (PROGESTERONE KIT)', 11, 1, NULL, 1, 1),
(480, 'LAB127 (ACCU-CHECK MACHINE)', 11, 1, NULL, 1, 1),
(481, 'LAB128 (ERBA   ACTIME)', 11, 1, NULL, 1, 1),
(482, 'LAB129 (CALCIUM CHLORIDE)', 11, 1, NULL, 1, 1),
(483, 'LAB131 (PLASTACEAL)', 11, 1, NULL, 1, 1),
(484, 'LAB057 (CALCIUM-RANDOX)', 11, 1, NULL, 1, 1),
(485, 'STAMP PAD', 10, 1, NULL, 1, 1),
(486, 'GENERATOR ASSET', 10, 2, NULL, 1, 0),
(487, 'GENERATOR ACCESS', 10, 2, NULL, 1, 0),
(488, 'GENERATOR ACCESS', 10, 2, NULL, 1, 0),
(489, 'GENERATOR ACCESS', 10, 2, NULL, 1, 0),
(490, 'GENERATOR ACCESS', 10, 2, NULL, 1, 0),
(491, 'GENERATOR ACCESS', 10, 2, NULL, 1, 0),
(492, 'GENERATOR ACCESS', 10, 2, NULL, 1, 0),
(493, 'GENERATOR ACCESS', 10, 2, NULL, 1, 0),
(494, 'GENERATOR ACCESS', 10, 2, NULL, 0, 1),
(495, 'ASSET', 10, 2, NULL, 0, 1),
(496, 'RED BIRO', 10, 1, NULL, 1, 1),
(497, 'SITE ANNEX', 10, 2, NULL, 0, 1),
(498, 'SITE MAIN-BUILDING', 10, 2, NULL, 0, 1),
(499, 'office chair', 10, 2, NULL, 0, 1),
(500, 'duracel battery', 10, 2, NULL, 0, 1),
(501, 'drainage function', 14, 2, NULL, 0, 1),
(502, 'drainage function', 14, 1, '5.0000', 5, 1),
(503, 'AGIDI', 10, 2, NULL, 0, 1),
(504, 'CATFISH', 30, 2, NULL, 0, 1),
(505, 'SCENT LEAF', 10, 2, NULL, 0, 1),
(506, 'AKARA', 31, 2, NULL, 0, 1),
(507, 'CHICKEN', 14, 2, NULL, 0, 1),
(508, 'PANLA FISH', 18, 2, NULL, 0, 1),
(509, 'redivac drain', 11, 1, NULL, 1, 1),
(510, 'Nasal Prone Paediatric', 10, 1, '50.0000', 1, 1),
(511, 'paper tape', 12, 1, NULL, 1, 1),
(512, 'suction catheter', 11, 1, NULL, 1, 1),
(513, 'connecting tube (duplicate)', 10, 1, NULL, 1, 1),
(514, 'isoflurance', 10, 1, NULL, 1, 1),
(515, 'adult cuff', 10, 1, NULL, 1, 1),
(516, 'face marks', 14, 1, NULL, 1, 1),
(517, 'electrode', 11, 1, '8.0000', 1, 1),
(518, 'sphygomanometer', 10, 2, NULL, 0, 1),
(519, 'stethoscope', 10, 2, NULL, 0, 1),
(520, 'pulse oximeter', 11, 2, NULL, 0, 1),
(521, 'injection card', 11, 2, NULL, 0, 1),
(522, 'glucometer', 10, 2, NULL, 0, 1),
(523, 'nebulizer machine', 10, 2, NULL, 0, 1),
(524, 'vital sign monitor', 10, 2, NULL, 0, 1),
(525, 'sunctioning machine', 10, 2, NULL, 0, 1),
(526, 'port switch', 10, 2, NULL, 0, 1),
(527, 'AC wall anger', 10, 2, NULL, 0, 1),
(528, '2 inches elbow', 10, 2, NULL, 0, 1),
(529, 'magic waste', 10, 2, NULL, 0, 1),
(530, 'syphone ', 10, 2, NULL, 0, 1),
(531, 'wall bracket', 10, 2, NULL, 0, 1),
(532, 'screw bulb', 10, 2, NULL, 0, 1),
(533, 'DRESSING CARD', 10, 2, NULL, 0, 1),
(534, 'injection card', 10, 2, NULL, 0, 1),
(535, 'injection card', 10, 1, '20000.0000', 20000, 1),
(536, 'servette ', 11, 2, NULL, 0, 1),
(537, 'matches', 11, 2, NULL, 0, 1),
(538, 'unripe plantain', 31, 2, NULL, 0, 1),
(539, 'scan gel', 19, 1, '8.0000', 0, 1),
(540, 'gallons of america paint', 25, 2, NULL, 0, 1),
(541, 'light blue', 25, 2, NULL, 0, 1),
(542, 'dark blue', 25, 2, NULL, 0, 1),
(543, 'undercoat glossy', 25, 2, NULL, 0, 1),
(544, 'black nylon', 32, 2, NULL, 0, 1),
(545, 'white paint', 25, 2, NULL, 0, 1),
(546, 'pacific blue glossy', 25, 2, NULL, 0, 1),
(547, 'white glossy', 25, 2, NULL, 0, 1),
(548, 'black glossy paint', 25, 2, NULL, 0, 1),
(549, 'polly filler', 14, 2, NULL, 0, 1),
(550, 'turpentine', 19, 2, NULL, 0, 1),
(551, 'sand paper', 33, 2, NULL, 0, 1),
(552, 'Sphygmanometer', 10, 1, '3.0000', 1, 1),
(553, 'Stethoscope', 10, 1, '5.0000', 1, 1),
(554, 'pulse oximeter', 10, 1, '3.0000', 1, 1),
(555, 'Glucometer', 10, 1, '3.0000', 1, 1),
(556, 'Sphygomanometer cuff (Large)', 10, 1, '5.0000', 1, 1),
(557, 'Dressing card (small)', 10, 1, '20000.0000', 10, 1),
(558, 'Nebulizer machine ', 10, 1, '1.0000', 1, 1),
(559, 'Suction catheter green', 10, 1, '100.0000', 10, 1),
(560, 'Suction catheter blue', 10, 1, '300.0000', 10, 1),
(561, 'Suction catheter black', 10, 1, '160.0000', 10, 1),
(562, 'Vital signs monitor', 10, 1, NULL, 1, 1),
(563, 'Sunctioning machine', 10, 1, NULL, 1, 1),
(564, 'Anathetical', 21, 1, '1.0000', 1, 1),
(565, 'Ortho tape', 10, 1, NULL, 1, 1),
(566, 'Capsules / tablets sticker', 11, 1, '3.0000', 1, 1),
(567, 'Appointment / card tracer ', 11, 1, '8.0000', 1, 1),
(568, 'LAB166 ( GLU 440 )', 10, 1, NULL, 1, 1),
(569, 'LAB167 ( HBSAG PROMED )', 10, 1, NULL, 1, 1),
(570, 'LAB170 ( VDRL PROMED ) ', 10, 1, NULL, 1, 1),
(571, 'LAB171 ( PASTUER PIPETTE )', 10, 1, NULL, 1, 1),
(572, 'LAB172 ( MALARIA KIT RICHER )', 11, 1, '5.0000', 1, 1),
(573, 'Lotion sticker', 34, 1, '2.0000', 1, 1),
(574, 'Drop sticker', 11, 1, '1.0000', 1, 1),
(575, 'Nylon ( Drug )', 11, 1, '50.0000', 2, 1),
(576, 'BAWA', 17, 2, NULL, 1, 1),
(577, 'BAYLEAF', 10, 2, NULL, 0, 1),
(578, 'BEANS OLO 2', 17, 2, NULL, 0, 1),
(579, 'BEANS OLOYIN', 17, 2, NULL, 0, 1),
(580, 'BEANS OLOYIN', 17, 1, NULL, 1, 1),
(581, 'BEANS OLO 2', 17, 1, NULL, 1, 1),
(582, 'BAYLEAF', 10, 1, NULL, 1, 1),
(583, 'BAWA', 17, 1, NULL, 1, 1),
(584, 'AGIDI', 10, 1, NULL, 1, 1),
(585, 'BEEF', 35, 1, NULL, 1, 1),
(586, 'BEEF', 35, 2, NULL, 0, 1),
(587, 'BREAD', 10, 1, NULL, 1, 1),
(588, 'BREAD', 10, 2, NULL, 0, 1),
(589, 'CABBAGE', 35, 1, NULL, 1, 1),
(590, 'CABBAGE', 35, 2, NULL, 0, 1),
(591, 'CARRIER', 35, 1, NULL, 1, 1),
(592, 'CARRIER', 35, 2, NULL, 0, 1),
(593, 'CARROT', 35, 1, NULL, 1, 1),
(594, 'CARROT', 35, 2, NULL, 0, 1),
(595, 'CHICKEN', 18, 1, NULL, 1, 1),
(596, 'CHICKEN', 14, 2, NULL, 0, 1),
(597, 'CRAYFISH', 36, 1, NULL, 1, 1),
(598, 'CRAYFISH', 36, 2, NULL, 0, 1),
(599, 'CUCUMBER', 35, 1, NULL, 1, 1),
(600, 'CUCUMBER', 35, 2, NULL, 0, 1),
(601, 'DRY FISH', 10, 1, NULL, 1, 1),
(602, 'DRY FISH', 35, 2, NULL, 0, 1),
(603, 'DRY PEPPER', 35, 1, NULL, 1, 1),
(604, 'DRY PEPPER', 35, 2, NULL, 0, 1),
(605, 'EGG', 37, 1, NULL, 1, 1),
(606, 'EGG', 37, 2, NULL, 0, 1),
(607, 'ELUBO', 35, 1, NULL, 1, 1),
(608, 'ELUBO', 35, 2, NULL, 0, 1),
(609, 'EGUSI', 36, 1, NULL, 1, 1),
(610, 'EGUSI', 36, 2, NULL, 0, 1),
(611, 'EWEDU', 35, 1, NULL, 1, 1),
(612, 'EWEDU', 35, 2, NULL, 0, 1),
(613, 'MOI MOI FISH', 35, 1, NULL, 1, 1),
(614, 'MOI MOI FISH', 35, 2, NULL, 0, 1),
(615, 'FUFU', 35, 1, NULL, 1, 1),
(616, 'FUFU', 35, 2, NULL, 0, 1),
(617, 'YELLOW GARRI', 17, 1, NULL, 1, 1),
(618, 'YELLOW GARRI', 17, 2, NULL, 0, 1),
(619, 'GAS', 38, 1, NULL, 1, 1),
(620, 'GAS', 38, 2, NULL, 0, 1),
(621, 'GRANDLATED SUG', 36, 1, NULL, 1, 1),
(622, 'GRANDLATED SUG', 36, 2, NULL, 0, 1),
(623, 'GRINDING', 35, 1, NULL, 1, 1),
(624, 'GRINDING', 35, 2, NULL, 0, 1),
(625, 'LOCUST BEANS', 35, 1, NULL, 1, 1),
(626, 'LOCUST BEA', 35, 2, NULL, 0, 1),
(627, 'LETTUCES', 35, 1, NULL, 1, 1),
(628, 'LETTUCES', 35, 2, NULL, 0, 1),
(629, 'MATCHES', 35, 1, NULL, 1, 1),
(630, 'MATCHES', 35, 2, NULL, 0, 1),
(631, 'MOI MOI LEAVES', 12, 1, NULL, 1, 1),
(632, 'MOI MOI LEAVES', 12, 2, NULL, 0, 1),
(633, 'NYLON', 35, 1, NULL, 1, 1),
(634, 'NYLON', 35, 2, NULL, 0, 1),
(635, 'CATFISH', 30, 1, NULL, 1, 1),
(636, 'CATFISH', 30, 2, NULL, 0, 1),
(637, 'OGBONNO', 36, 1, NULL, 1, 1),
(638, 'OGBONNO', 36, 2, NULL, 0, 1),
(639, 'OKRO', 35, 1, NULL, 1, 1),
(640, 'OKRO', 35, 2, NULL, 0, 1),
(641, 'ONION', 17, 1, NULL, 1, 1),
(642, 'ONION', 17, 2, NULL, 0, 1),
(643, 'PALM OIL', 19, 1, NULL, 1, 1),
(644, 'PALM OIL', 19, 2, NULL, 0, 1),
(645, 'PANLA FISH', 18, 1, NULL, 1, 1),
(646, 'PANLA FISH', 18, 2, NULL, 0, 1),
(647, 'PAP', 35, 1, NULL, 1, 1),
(648, 'PAP', 35, 2, NULL, 0, 1),
(649, 'BLENDER', 10, 2, NULL, 0, 1),
(650, 'HOTPLATE', 10, 2, NULL, 0, 1),
(651, 'MICROWAVE', 10, 2, NULL, 0, 1),
(652, 'COOLER', 10, 2, NULL, 0, 1),
(653, 'DINNER PLATE', 10, 2, NULL, 0, 1),
(654, 'TEA CUP', 10, 2, NULL, 0, 1),
(655, 'BOW', 10, 2, NULL, 0, 1),
(656, 'MUG', 10, 2, NULL, 0, 1),
(657, 'GLASS CUP', 10, 2, NULL, 0, 1),
(658, 'TABLE SPOON', 10, 2, NULL, 0, 1),
(659, 'FORK', 10, 2, NULL, 0, 1),
(660, 'TEA SPOON', 10, 2, NULL, 0, 1),
(661, 'SERVING SPOON ', 10, 2, NULL, 0, 1),
(662, 'PERFORATED SPOON', 10, 2, NULL, 0, 1),
(663, 'KNIFE', 10, 2, NULL, 0, 1),
(664, 'COOKING POT', 10, 2, NULL, 0, 1),
(665, 'TOASTING MACHINE', 10, 2, NULL, 0, 1),
(666, 'FREEZER', 10, 2, NULL, 0, 1),
(667, 'CHILLER', 10, 2, NULL, 0, 1),
(668, 'PLATE', 10, 2, NULL, 0, 1),
(669, 'CUP', 10, 2, NULL, 0, 1),
(670, 'CHOPPING BOARD', 10, 2, NULL, 0, 1),
(671, 'GRATER', 10, 2, NULL, 0, 1),
(672, 'MANUAL BLENDER', 10, 2, NULL, 0, 1),
(673, 'TRAYS', 10, 2, NULL, 0, 1),
(674, 'SIEVE', 10, 2, NULL, 0, 1),
(675, 'VEGETABLE OIL', 19, 2, NULL, 0, 1),
(676, 'PLANTAIN FLOUR', 17, 2, NULL, 0, 1),
(677, 'ROUND FISH', 10, 2, NULL, 0, 1),
(678, 'AKARA', 10, 2, NULL, 0, 1),
(679, 'VEGETABLE OIL', 19, 1, NULL, 1, 1),
(680, 'PLANTAIN FLOUR', 17, 1, NULL, 1, 1),
(681, 'ROUND FISH', 10, 1, NULL, 2, 1),
(682, 'AKARA', 10, 1, NULL, 2, 1),
(683, 'prescription sheet', 11, 1, '-3.0000', 6, 1);

-- --------------------------------------------------------

--
-- Table structure for table `item_movement`
--

CREATE TABLE `item_movement` (
  `id` int(11) NOT NULL,
  `itemid` int(11) NOT NULL,
  `qty` int(11) NOT NULL,
  `flow` varchar(10) NOT NULL,
  `flowdate` datetime NOT NULL DEFAULT current_timestamp()
) ENGINE=InnoDB DEFAULT CHARSET=utf8mb4;

--
-- Dumping data for table `item_movement`
--

INSERT INTO `item_movement` (`id`, `itemid`, `qty`, `flow`, `flowdate`) VALUES
(92, 156, 10, 'IN', '2022-05-05 05:36:24'),
(93, 98, 7, 'IN', '2022-05-09 12:11:18'),
(94, 101, 12, 'IN', '2022-05-09 12:11:37'),
(95, 103, 49, 'IN', '2022-05-09 12:11:59'),
(96, 231, 13, 'IN', '2022-05-09 12:12:52'),
(97, 232, 48, 'IN', '2022-05-09 12:13:51'),
(98, 234, 1, 'IN', '2022-05-09 12:14:49'),
(99, 233, 22, 'IN', '2022-05-09 12:15:11'),
(100, 235, 24, 'IN', '2022-05-09 12:15:47'),
(101, 236, 17, 'IN', '2022-05-09 12:16:03'),
(102, 237, 16, 'IN', '2022-05-09 12:16:29'),
(103, 238, 2, 'IN', '2022-05-09 12:16:52'),
(104, 106, 9, 'IN', '2022-05-09 12:17:27'),
(105, 239, 18, 'IN', '2022-05-09 12:18:15'),
(106, 240, 10, 'IN', '2022-05-09 12:18:55'),
(107, 151, 3, 'IN', '2022-05-09 12:19:52'),
(108, 241, 3, 'IN', '2022-05-09 12:21:56'),
(109, 242, 62, 'IN', '2022-05-09 12:24:34'),
(110, 144, 12, 'IN', '2022-05-09 12:26:48'),
(112, 141, 1, 'IN', '2022-05-09 12:33:39'),
(113, 140, 33, 'IN', '2022-05-09 12:34:36'),
(114, 137, 3, 'IN', '2022-05-09 12:36:12'),
(115, 243, 2, 'IN', '2022-05-09 12:38:38'),
(116, 135, 57, 'IN', '2022-05-09 12:39:01'),
(117, 126, 9, 'IN', '2022-05-09 12:59:50'),
(118, 124, 13, 'IN', '2022-05-09 01:00:16'),
(119, 121, 15, 'IN', '2022-05-09 01:01:43'),
(120, 120, 25, 'IN', '2022-05-09 01:02:16'),
(121, 114, 30, 'IN', '2022-05-09 01:04:36'),
(122, 113, 71, 'IN', '2022-05-09 01:06:23'),
(123, 110, 9, 'IN', '2022-05-09 01:07:35'),
(124, 107, 12, 'IN', '2022-05-09 01:08:48'),
(125, 108, 15, 'IN', '2022-05-09 06:02:53'),
(126, 111, 13, 'IN', '2022-05-09 06:03:52'),
(127, 119, 21, 'IN', '2022-05-09 06:09:47'),
(128, 127, 61, 'IN', '2022-05-09 06:23:30'),
(129, 128, 1, 'IN', '2022-05-09 06:25:41'),
(130, 139, 1, 'IN', '2022-05-09 06:28:00'),
(131, 142, 13, 'IN', '2022-05-09 06:32:55'),
(132, 246, 13, 'IN', '2022-05-09 06:34:06'),
(133, 247, 20, 'IN', '2022-05-09 06:35:10'),
(134, 149, 6, 'IN', '2022-05-09 06:37:12'),
(135, 103, -6, 'OUT', '2022-05-10 02:33:23'),
(136, 113, -6, 'OUT', '2022-05-10 02:33:23'),
(137, 151, -2, 'OUT', '2022-05-10 02:33:23'),
(138, 232, -3, 'OUT', '2022-05-10 02:33:23'),
(139, 151, -2, 'OUT', '2022-05-12 10:17:43'),
(140, 120, -2, 'OUT', '2022-05-12 10:17:43'),
(141, 151, 60, 'IN', '2022-05-12 04:34:44'),
(142, 98, 20, 'IN', '2022-05-12 04:36:48'),
(143, 101, 20, 'IN', '2022-05-12 04:37:10'),
(144, 231, 100, 'IN', '2022-05-12 04:39:09'),
(145, 244, 2, 'IN', '2022-05-12 04:41:48'),
(146, 109, 1, 'IN', '2022-05-12 04:42:20'),
(147, 288, 2, 'IN', '2022-05-12 04:44:26'),
(148, 289, 24, 'IN', '2022-05-12 04:48:01'),
(149, 110, 9, 'IN', '2022-05-12 04:49:50'),
(150, 290, 14, 'IN', '2022-05-12 04:52:45'),
(151, 291, 3, 'IN', '2022-05-12 04:54:42'),
(152, 126, 10, 'IN', '2022-05-12 04:55:28'),
(153, 292, 100, 'IN', '2022-05-12 04:59:08'),
(154, 231, -2, 'OUT', '2022-05-13 09:31:42'),
(155, 107, -1, 'OUT', '2022-05-13 09:31:42'),
(156, 151, -5, 'OUT', '2022-05-13 09:31:42'),
(157, 151, -1, 'OUT', '2022-05-13 02:51:14'),
(158, 233, -1, 'OUT', '2022-05-13 02:51:14'),
(159, 151, -1, 'OUT', '2022-05-13 05:24:22'),
(160, 107, -1, 'OUT', '2022-05-13 05:24:22'),
(161, 242, -1, 'OUT', '2022-05-13 05:24:22'),
(162, 160, 44, 'IN', '2022-05-16 10:23:28'),
(163, 151, -15, 'OUT', '2022-05-16 10:39:29'),
(164, 160, -2, 'OUT', '2022-05-16 10:40:32'),
(165, 143, 28, 'IN', '2022-05-16 01:14:38'),
(166, 151, -1, 'OUT', '2022-05-16 04:20:43'),
(167, 143, -1, 'OUT', '2022-05-16 04:20:43'),
(168, 380, 8, 'IN', '2022-05-17 07:10:12'),
(169, 381, 2, 'IN', '2022-05-17 10:05:37'),
(170, 382, 2, 'IN', '2022-05-17 10:05:53'),
(171, 384, 50, 'IN', '2022-05-17 10:06:26'),
(172, 384, -3, 'OUT', '2022-05-17 10:59:20'),
(173, 110, -2, 'OUT', '2022-05-17 10:59:20'),
(174, 382, -2, 'OUT', '2022-05-17 10:59:20'),
(175, 381, -2, 'OUT', '2022-05-17 10:59:20'),
(176, 98, -2, 'OUT', '2022-05-18 11:04:35'),
(177, 151, -5, 'OUT', '2022-05-18 11:04:35'),
(178, 318, 1550, 'IN', '2022-05-18 11:23:21'),
(179, 502, 5, 'IN', '2022-05-18 11:25:43'),
(180, 232, -1, 'OUT', '2022-05-18 12:04:21'),
(181, 160, -4, 'OUT', '2022-05-18 02:25:08'),
(182, 214, 50, 'IN', '2022-05-18 04:39:22'),
(183, 215, 50, 'IN', '2022-05-18 04:39:56'),
(184, 211, 20, 'IN', '2022-05-18 04:42:11'),
(185, 127, -9, 'OUT', '2022-05-18 05:56:18'),
(186, 143, -3, 'OUT', '2022-05-19 02:02:50'),
(187, 126, -4, 'OUT', '2022-05-19 02:02:50'),
(188, 289, -3, 'OUT', '2022-05-19 02:02:50'),
(189, 143, -3, 'OUT', '2022-05-19 02:14:51'),
(190, 539, 2, 'IN', '2022-05-19 04:01:01'),
(191, 323, 1, 'IN', '2022-05-19 04:14:36'),
(192, 325, 1, 'IN', '2022-05-19 04:14:57'),
(193, 326, 1, 'IN', '2022-05-19 04:15:25'),
(194, 351, 1, 'IN', '2022-05-19 04:16:06'),
(195, 335, 1, 'IN', '2022-05-19 04:16:36'),
(196, 336, 11, 'IN', '2022-05-19 04:17:05'),
(197, 337, 2, 'IN', '2022-05-19 04:17:30'),
(198, 338, 1, 'IN', '2022-05-19 04:18:00'),
(199, 339, 175, 'IN', '2022-05-19 04:18:35'),
(200, 340, 2, 'IN', '2022-05-19 04:19:02'),
(201, 343, 2, 'IN', '2022-05-19 04:19:44'),
(202, 344, 2, 'IN', '2022-05-19 04:20:06'),
(203, 345, 2, 'IN', '2022-05-19 04:20:51'),
(204, 350, 3, 'IN', '2022-05-19 04:21:41'),
(205, 351, 7, 'IN', '2022-05-19 04:22:02'),
(206, 423, 25, 'IN', '2022-05-19 04:23:59'),
(207, 426, 2, 'IN', '2022-05-19 04:25:34'),
(208, 429, 1000, 'IN', '2022-05-19 04:36:10'),
(209, 430, 600, 'IN', '2022-05-19 04:40:27'),
(210, 431, 3000, 'IN', '2022-05-19 04:41:29'),
(211, 436, 280, 'IN', '2022-05-19 04:44:46'),
(212, 440, 1, 'IN', '2022-05-19 04:46:40'),
(213, 442, 2, 'IN', '2022-05-19 04:47:15'),
(214, 445, 2, 'IN', '2022-05-19 05:05:27'),
(215, 446, 1, 'IN', '2022-05-19 05:06:46'),
(216, 450, 1, 'IN', '2022-05-19 05:09:30'),
(217, 392, 1, 'IN', '2022-05-19 05:10:24'),
(218, 395, 2, 'IN', '2022-05-19 05:11:56'),
(219, 535, 20000, 'IN', '2022-05-20 11:05:16'),
(220, 539, 6, 'IN', '2022-05-20 01:21:45'),
(221, 552, 3, 'IN', '2022-05-20 03:13:45'),
(222, 553, 5, 'IN', '2022-05-20 03:14:32'),
(223, 554, 3, 'IN', '2022-05-20 03:14:53'),
(224, 517, 8, 'IN', '2022-05-20 03:15:28'),
(225, 510, 50, 'IN', '2022-05-20 03:16:24'),
(226, 210, 50, 'IN', '2022-05-20 03:24:00'),
(227, 555, 3, 'IN', '2022-05-20 03:24:15'),
(228, 556, 5, 'IN', '2022-05-20 03:24:46'),
(229, 557, 20000, 'IN', '2022-05-20 03:25:42'),
(230, 558, 1, 'IN', '2022-05-20 03:26:04'),
(231, 559, 100, 'IN', '2022-05-20 03:26:35'),
(232, 561, 160, 'IN', '2022-05-20 03:27:04'),
(233, 560, 300, 'IN', '2022-05-20 03:27:28'),
(234, 564, 1, 'IN', '2022-05-20 03:29:30'),
(235, 396, 4, 'IN', '2022-05-20 09:04:56'),
(236, 399, 1, 'IN', '2022-05-20 09:05:26'),
(237, 400, 4, 'IN', '2022-05-20 09:06:19'),
(238, 402, 3, 'IN', '2022-05-20 09:07:10'),
(239, 352, 2, 'IN', '2022-05-20 09:07:36'),
(240, 354, 250, 'IN', '2022-05-20 09:08:30'),
(241, 355, 1, 'IN', '2022-05-20 09:08:49'),
(242, 356, 4, 'IN', '2022-05-20 09:09:10'),
(243, 362, 10, 'IN', '2022-05-20 09:09:40'),
(244, 371, 1, 'IN', '2022-05-20 09:10:12'),
(245, 457, 2, 'IN', '2022-05-20 09:23:23'),
(246, 461, 1, 'IN', '2022-05-20 09:26:14'),
(247, 478, 1, 'IN', '2022-05-20 09:26:44'),
(248, 408, 1, 'IN', '2022-05-20 09:27:30'),
(249, 412, 5, 'IN', '2022-05-20 09:28:09'),
(250, 413, 9, 'IN', '2022-05-20 09:29:08'),
(251, 414, 8, 'IN', '2022-05-20 09:29:26'),
(252, 420, 2, 'IN', '2022-05-20 09:29:51'),
(253, 572, 5, 'IN', '2022-05-20 09:40:01'),
(254, 381, 5, 'IN', '2022-05-20 09:53:59'),
(255, 573, 2, 'IN', '2022-05-20 09:55:12'),
(256, 574, 1, 'IN', '2022-05-20 09:56:22'),
(257, 567, 8, 'IN', '2022-05-20 09:57:01'),
(258, 575, 50, 'IN', '2022-05-20 09:57:35'),
(259, 566, 3, 'IN', '2022-05-20 10:03:06'),
(260, 683, 5, 'IN', '2022-05-23 09:11:51'),
(261, 683, -4, 'OUT', '2022-05-23 09:58:38'),
(262, 683, -4, 'OUT', '2022-05-23 09:58:59');

-- --------------------------------------------------------

--
-- Table structure for table `refunds_detail`
--

CREATE TABLE `refunds_detail` (
  `id` int(11) NOT NULL,
  `refund_id` int(11) NOT NULL,
  `amount` decimal(19,4) NOT NULL,
  `Description` varchar(255) NOT NULL
) ENGINE=InnoDB DEFAULT CHARSET=utf8mb4;

--
-- Dumping data for table `refunds_detail`
--

INSERT INTO `refunds_detail` (`id`, `refund_id`, `amount`, `Description`) VALUES
(35, 27, '2000.0000', 'REFUND ON EXCESS PAYMENT FOR LAB'),
(36, 28, '5100.0000', 'REFUND ON DRUG NOT AVAILABLE (PARLODEL)'),
(37, 29, '3750.0000', 'REFUND ON UNAVAILABLE DRUG'),
(38, 30, '5000.0000', 'REFUND ON EXCESS ACCOMODATION DIFF'),
(40, 32, '6153.0000', 'PATIENT REFUSED DRUGS'),
(41, 33, '6650.0000', 'OVER BILLED FOR DRUG'),
(42, 35, '1020.0000', 'REFUND ON NORMAL SALINE NOT TAKEN'),
(43, 36, '6020.0000', 'REFUND ON PAEDIATRICIAN EMERG, CONS DIFFERENCE NOT UTILIZED'),
(44, 39, '1213.0000', 'REFUND ON LAB TEST NOT DONE'),
(45, 40, '7000.0000', 'REFUND ON EXCESS BILL FOR DRUG'),
(46, 41, '9100.0000', 'REFUND ON DRUG NOT GIVEN( ZINNAT INJ)'),
(47, 45, '20000.0000', 'REFUND ON DIETICIAN NOT SEEN'),
(48, 46, '41427.4000', 'REFUND ON ADM BILL BAL'),
(49, 47, '8006.0000', 'REFUND ON ECG PAID FOR BUT LATER APPROVED BY HMO'),
(50, 48, '2000.0000', 'REFUND ON CEFUROXIME NOT TAKEN'),
(51, 49, '7470.0000', 'REFUND ON ADMISSION DEPOSIT'),
(52, 50, '6293.0000', 'REFUND ON ADMISSION DEPOSIT'),
(53, 51, '13000.0000', 'REFUND ON PAEDIATRICS APPROVED BY HMO'),
(54, 52, '13000.0000', 'REFUND ON GEN SURGEON NOT SEEN'),
(55, 53, '8672.7000', 'REFUND ON ADM BILL BAL'),
(56, 54, '3925.0000', 'OVER BILLED CAMOSUNATE ON 10/05/22'),
(57, 55, '19601.0000', 'REFUND ON SERVICES PAID FOR BUT NOT ELIGIBLE TO USE OUR FACILITY, THEREFORE REFERRED BY HMO'),
(58, 56, '3682.0000', 'REFUND ON EXCESS PAYMENT'),
(59, 57, '19882.4000', 'REFUND ON ADMISSION DEPOSIT'),
(60, 58, '8006.0000', 'HMO COVERED THE ECG'),
(61, 59, '2580.0000', 'BALANCE ON INVESTIGATIONS'),
(62, 60, '350000.0000', 'REFUND ON PROCEDURE NOT DONE'),
(63, 61, '5820.0000', 'REFUND ON ADMISSION DEPOSIT'),
(64, 62, '19700.0000', 'REFUND ON ADMISSION DEPOSIT'),
(65, 63, '60000.0000', 'REFUND ON ANTENATAL BOOKING'),
(66, 64, '60000.0000', 'REFUND ON ANTENATAL BOOKING'),
(67, 65, '8006.0000', 'REFUND ON ECG PAID FOR BUT LATER APPROVED BY HMO');

-- --------------------------------------------------------

--
-- Table structure for table `refunds_header`
--

CREATE TABLE `refunds_header` (
  `id` int(11) NOT NULL,
  `hospital_no` varchar(36) NOT NULL,
  `patient_name` varchar(36) NOT NULL,
  `account_name` varchar(36) DEFAULT NULL,
  `account_number` varchar(36) DEFAULT NULL,
  `amount` decimal(19,2) NOT NULL DEFAULT 0.00,
  `bank_name` varchar(36) DEFAULT NULL,
  `enteredby` varchar(36) NOT NULL,
  `departmentid` int(11) DEFAULT NULL,
  `hod_signature` varchar(36) DEFAULT NULL,
  `audited` tinyint(1) NOT NULL DEFAULT 0,
  `approval` tinyint(1) NOT NULL DEFAULT 0,
  `auditedby` tinyint(4) DEFAULT NULL,
  `approvedby` tinyint(4) DEFAULT NULL,
  `approveddate` datetime DEFAULT NULL,
  `approvalRequest` tinyint(1) NOT NULL DEFAULT 0,
  `accountant_status` tinyint(1) DEFAULT 0,
  `payment_date` datetime DEFAULT NULL,
  `returned` tinyint(1) DEFAULT NULL,
  `returnedby` int(11) DEFAULT NULL,
  `comment` text DEFAULT NULL,
  `is_hod` tinyint(1) NOT NULL DEFAULT 0,
  `is_bcc` tinyint(1) NOT NULL DEFAULT 0,
  `bcc` int(11) NOT NULL DEFAULT 0,
  `hod` int(11) NOT NULL DEFAULT 0,
  `hodrequired` tinyint(1) NOT NULL DEFAULT 0,
  `returneddate` datetime DEFAULT NULL,
  `auditeddate` datetime DEFAULT NULL,
  `hodapproveddate` datetime DEFAULT NULL,
  `bccapproveddate` datetime DEFAULT NULL,
  `paidby` int(11) DEFAULT NULL,
  `payment_process_status` int(11) DEFAULT 0,
  `Created_date` datetime NOT NULL DEFAULT current_timestamp()
) ENGINE=InnoDB DEFAULT CHARSET=utf8mb4;

--
-- Dumping data for table `refunds_header`
--

INSERT INTO `refunds_header` (`id`, `hospital_no`, `patient_name`, `account_name`, `account_number`, `amount`, `bank_name`, `enteredby`, `departmentid`, `hod_signature`, `audited`, `approval`, `auditedby`, `approvedby`, `approveddate`, `approvalRequest`, `accountant_status`, `payment_date`, `returned`, `returnedby`, `comment`, `is_hod`, `is_bcc`, `bcc`, `hod`, `hodrequired`, `returneddate`, `auditeddate`, `hodapproveddate`, `bccapproveddate`, `paidby`, `payment_process_status`, `Created_date`) VALUES
(27, 'NYR/6799', 'MOGAJI RUKAYAT', 'MOGAJI RUKAYAT', '0224002780', '2000.00', 'GT BANK', 'clientservice@isaluhospitals.com', 3, NULL, 1, 1, 19, 19, '2022-05-10 00:00:00', 1, 1, '2022-05-10 01:42:41', 0, NULL, NULL, 0, 0, 0, 25, 1, NULL, '2022-05-10 00:00:00', '2022-05-10 00:00:00', NULL, NULL, 1, '2022-05-23 02:48:09'),
(28, 'F/9041A', 'OLOGBESE FOLUSO', 'OLOGBESE FOLUSO', '0049439204', '5100.00', 'GTBANK', 'clientservice@isaluhospitals.com', 3, NULL, 1, 1, 19, 19, '2022-05-12 00:00:00', 1, 1, '2022-05-16 12:12:25', 0, NULL, NULL, 0, 0, 0, 25, 1, NULL, '2022-05-12 00:00:00', '2022-05-12 00:00:00', NULL, NULL, 1, '2022-05-23 02:48:09'),
(29, ' F/5023A ]', 'ADENIYE AYOKUNLE ', 'ADENIYE AYOKUNLE  AFEEZ', '0013559796', '3750.00', 'GT BANK', 'clientservice@isaluhospitals.com', 3, NULL, 1, 1, 19, 19, '2022-05-10 00:00:00', 1, 1, '2022-05-10 01:42:50', 0, NULL, NULL, 0, 0, 0, 25, 1, NULL, '2022-05-10 00:00:00', '2022-05-10 00:00:00', NULL, NULL, 1, '2022-05-23 02:48:09'),
(30, 'HG/2998B', 'OLUGBILE JUSTIN', 'OLUGBILE JUSTINA', '3026089377', '5000.00', 'POLARIS BANK', 'clientservice@isaluhospitals.com', 3, NULL, 0, 0, NULL, NULL, NULL, 1, 0, NULL, 0, NULL, NULL, 1, 0, 24, 25, 1, NULL, NULL, NULL, NULL, NULL, 0, '2022-05-23 02:48:09'),
(32, 'MSH/3738A', 'AKUBO CELESTINE', 'AKUBO CELESTINE', '6172411744', '6153.00', 'FIDELITY BANK', 'clientservice@isaluhospitals.com', 3, NULL, 0, 0, NULL, NULL, NULL, 1, 0, NULL, 0, NULL, NULL, 1, 0, 24, 25, 1, NULL, NULL, NULL, NULL, NULL, 0, '2022-05-23 02:48:09'),
(33, 'F/56A', 'IBEZIAKO MICHEAL', 'ZITA MARIA IBEZIAKO', '3044411883', '6650.00', 'FIRST BANK', 'clientservice@isaluhospitals.com', 3, NULL, 1, 1, 19, 19, '2022-05-10 00:00:00', 1, 1, '2022-05-10 01:42:55', 0, NULL, NULL, 0, 0, 0, 25, 1, NULL, '2022-05-10 00:00:00', '2022-05-10 00:00:00', NULL, NULL, 1, '2022-05-23 02:48:09'),
(35, 'P/7632', 'OSHOBU IMOLEOLUWA', 'EMECHEBE NGOZI', '0001999753', '1020.00', 'STANBIC BANK', 'clientservice@isaluhospitals.com', 3, NULL, 1, 1, 19, 19, '2022-05-13 00:00:00', 1, 1, '2022-05-16 05:58:12', 0, NULL, NULL, 0, 0, 0, 25, 1, NULL, '2022-05-13 00:00:00', '2022-05-13 00:00:00', NULL, NULL, 1, '2022-05-23 02:48:09'),
(36, 'RC/369B', 'ODEYEMI ZION', 'AROMOLARAN BLESSING', '1022067790', '6020.00', 'UBA', 'clientservice@isaluhospitals.com', 3, NULL, 0, 0, NULL, NULL, NULL, 1, 0, NULL, 0, NULL, NULL, 0, 1, 24, 0, 0, NULL, NULL, NULL, NULL, NULL, 0, '2022-05-23 02:48:09'),
(39, 'MSH/8972B', 'OGUNSANWO OLUWANIMISOKAN', 'OGUNSANWO OPEMIPO', '3182937850', '1213.00', 'FIRST BANK', 'clientservice@isaluhospitals.com', 3, NULL, 0, 0, NULL, NULL, NULL, 1, 0, NULL, 0, NULL, NULL, 0, 1, 24, 0, 0, NULL, NULL, NULL, NULL, NULL, 0, '2022-05-23 02:48:09'),
(40, ' F/2840D', 'EDOUGHA VALERIE', 'BLESSING AUGUSTINE', '2005133644', '7000.00', 'ZENITH BANK', 'clientservice@isaluhospitals.com', 3, NULL, 1, 1, 19, 19, '2022-05-13 00:00:00', 1, 1, '2022-05-16 05:58:18', 0, NULL, NULL, 0, 0, 0, 25, 1, NULL, '2022-05-13 00:00:00', '2022-05-13 00:00:00', NULL, NULL, 1, '2022-05-23 02:48:09'),
(41, 'F/513C', 'BRISIBE DAVID TAMARA', 'OYINBRAKEMI BRISIBE', '2001423095', '9100.00', 'ZENITH BANK', 'clientservice@isaluhospitals.com', 3, NULL, 1, 1, 19, 19, '2022-05-13 00:00:00', 1, 1, '2022-05-16 05:58:29', 0, NULL, NULL, 0, 0, 0, 25, 1, NULL, '2022-05-13 00:00:00', '2022-05-13 00:00:00', NULL, NULL, 1, '2022-05-23 02:48:09'),
(45, 'F/4717H', 'IYANDA OLUFUNKE', 'ISAAC OLUWAPELUMI', '2051105431', '20000.00', 'ZENITH BANK', 'clientservice@isaluhospitals.com', 3, NULL, 1, 1, 19, 19, '2022-05-13 00:00:00', 1, 1, '2022-05-16 05:58:33', 0, NULL, NULL, 0, 0, 0, 25, 1, NULL, '2022-05-13 00:00:00', '2022-05-13 00:00:00', NULL, NULL, 1, '2022-05-23 02:48:09'),
(46, 'F/11079A', 'EROBOMHAN ADIZAT UMORU', 'EROBOMHAN EROMOSELE', '2032946965', '41427.40', 'FIRST BANK', 'clientservice@isaluhospitals.com', 3, NULL, 1, 1, 19, 19, '2022-05-23 02:00:23', 1, 1, '2022-05-23 05:25:12', 0, NULL, NULL, 0, 0, 0, 25, 1, NULL, NULL, NULL, NULL, 46, 1, '2022-05-23 02:48:09'),
(47, 'MMS/P/302A', 'OWINZEEGBA RAPHAEL EROMOSELE', 'OWINZEEGBA RAPHAEL', '2806223020', '8006.00', 'FCMB', 'clientservice@isaluhospitals.com', 3, NULL, 0, 0, 19, NULL, NULL, 1, 0, NULL, 1, NULL, 'Refund not raised on e-clinic', 0, 0, 24, 25, 1, NULL, NULL, NULL, NULL, NULL, 0, '2022-05-23 02:48:09'),
(48, 'p/7324', 'RALPH-OKORIE CHIOMA', 'CHIOMA RALPH- OKORIE', '0024648902', '2000.00', 'GTBANK', 'clientservice@isaluhospitals.com', 3, NULL, 1, 1, 19, 19, '2022-05-17 00:00:00', 1, 1, '2022-05-17 12:54:28', 0, NULL, NULL, 0, 0, 0, 25, 1, NULL, '2022-05-17 00:00:00', '2022-05-17 00:00:00', NULL, NULL, 1, '2022-05-23 02:48:09'),
(49, 'P/9587', 'OGBU MIRACLE', 'MAXWELL OGBU', '0013933416', '7470.00', 'ACCESS BANK', 'clientservice@isaluhospitals.com', 3, NULL, 1, 1, 19, 19, '2022-05-17 00:00:00', 1, 1, '2022-05-17 12:54:34', 0, NULL, NULL, 0, 0, 0, 25, 1, NULL, '2022-05-17 00:00:00', '2022-05-17 00:00:00', NULL, NULL, 1, '2022-05-23 02:48:09'),
(50, 'F/9333A', 'LIADI AYOMIDE', 'MOYOSORE LIADI', '0148303864', '6293.00', 'GTBANK', 'clientservice@isaluhospitals.com', 3, NULL, 1, 1, 19, 19, '2022-05-17 00:00:00', 1, 1, '2022-05-17 12:54:43', 0, NULL, NULL, 0, 0, 0, 25, 1, NULL, '2022-05-17 00:00:00', '2022-05-17 00:00:00', NULL, NULL, 1, '2022-05-23 02:48:09'),
(51, 'CL/885C', 'IBRAHIM MICHAEL', 'ADEYEMO OLUWASEUN', '0227931101', '13000.00', 'WEMA BANK', 'clientservice@isaluhospitals.com', 3, NULL, 1, 1, 19, 19, '2022-05-19 00:00:00', 1, 1, '2022-05-19 01:41:07', 0, NULL, NULL, 0, 0, 24, 25, 1, NULL, '2022-05-19 00:00:00', '2022-05-19 00:00:00', NULL, NULL, 1, '2022-05-23 02:48:09'),
(52, 'F/4920E', 'ADEDAPO-AISIDA OLUWAYEMISI', 'YEMISI ODEJAYI', '2007440997', '13000.00', 'ZENITH BANK', 'clientservice@isaluhospitals.com', 3, NULL, 1, 1, 19, 19, '2022-05-17 00:00:00', 1, 1, '2022-05-17 12:54:51', 0, NULL, NULL, 0, 0, 0, 25, 1, NULL, '2022-05-17 00:00:00', '2022-05-17 00:00:00', NULL, NULL, 1, '2022-05-23 02:48:09'),
(53, 'P/1778', 'AGORO ADEREMI H.', 'ADEREMI AGORO', '0157510189', '8672.70', 'GTBANK', 'clientservice@isaluhospitals.com', 3, NULL, 1, 1, 19, 19, '2022-05-17 00:00:00', 1, 1, '2022-05-18 12:52:12', 0, NULL, NULL, 0, 0, 0, 25, 1, NULL, '2022-05-17 00:00:00', '2022-05-17 00:00:00', NULL, NULL, 1, '2022-05-23 02:48:09'),
(54, 'P/7632', 'OSHOBU IMOLEOLUWA', 'OSHOBU OPEYEMI', '0053242010', '3925.00', 'ACCESS BANK', 'clientservice@isaluhospitals.com', 3, NULL, 1, 1, 19, 19, '2022-05-23 02:45:39', 1, 0, NULL, 0, NULL, NULL, 0, 0, 0, 25, 1, NULL, NULL, NULL, NULL, NULL, 0, '2022-05-23 02:48:09'),
(55, 'PHP/88A', 'AKINYEMI JUMOKE', 'KEHINDE OLUWAGBOYEGA OWOLABI', '0779853285', '19601.00', 'ACCESS BANK', 'clientservice@isaluhospitals.com', 3, NULL, 0, 0, NULL, NULL, NULL, 1, 0, NULL, 0, NULL, NULL, 1, 0, 24, 25, 1, NULL, NULL, NULL, NULL, NULL, 0, '2022-05-23 02:48:09'),
(56, 'F/10965A', 'ALOHAN BEAUTY IMADE', 'ALOHAN BEAUTY IMADE', '3096328847', '3682.00', 'FIRST BANK', 'clientservice@isaluhospitals.com', 3, NULL, 1, 1, 19, 19, '2022-05-19 00:00:00', 1, 1, '2022-05-19 01:41:39', 0, NULL, NULL, 0, 0, 0, 25, 1, NULL, '2022-05-19 00:00:00', '2022-05-19 00:00:00', NULL, NULL, 1, '2022-05-23 02:48:09'),
(57, 'P/6754', 'AJAYI ELIZABETH', 'AJAYI ELIZABETH', '3002706802', '19882.40', 'FIRST BANK', 'clientservice@isaluhospitals.com', 3, NULL, 1, 1, 19, 19, '2022-05-23 02:48:51', 1, 0, NULL, 0, NULL, NULL, 0, 0, 0, 25, 1, NULL, NULL, NULL, NULL, NULL, 0, '2022-05-23 02:48:09'),
(58, 'MMS/P/302F', 'OWINZEEGBA RAPHAEL', 'RAPHAEL OWINZEEGBA', '2806223020', '8006.00', 'FCMB', 'clientservice@isaluhospitals.com', 3, NULL, 0, 0, NULL, NULL, NULL, 1, 0, NULL, 0, NULL, NULL, 1, 0, 24, 25, 1, NULL, NULL, NULL, NULL, NULL, 0, '2022-05-23 02:48:09'),
(59, 'F/9018D', 'ADENIYI -OTUYEMI OLORUNLEKE', 'OTUYEMI ADENIYI', '015936467', '2580.00', 'GTBANK', 'clientservice@isaluhospitals.com', 3, NULL, 1, 1, 19, 19, '2022-05-23 02:55:31', 1, 0, NULL, 0, NULL, NULL, 0, 0, 0, 25, 1, NULL, NULL, NULL, NULL, NULL, 0, '2022-05-23 02:48:09'),
(60, 'F/8046A ', 'OGUNSOLA IDOWU  (08068066769)', 'M. A. OGUNSOLA & SONS LTD', '0018583830', '350000.00', 'ACCESS BANK', 'clientservice@isaluhospitals.com', 3, NULL, 0, 0, 19, NULL, NULL, 1, 0, NULL, 0, NULL, NULL, 0, 0, 0, 25, 1, NULL, NULL, NULL, NULL, NULL, 0, '2022-05-23 02:48:09'),
(61, 'P/7324', 'RALPH-OKORIE CHIOMA', 'OKORIE CHIKODI ESTHER', '3286009010', '5820.00', 'FCMB', 'clientservice@isaluhospitals.com', 3, NULL, 1, 1, 19, 19, '2022-05-23 03:07:07', 1, 0, NULL, 0, NULL, NULL, 0, 0, 0, 25, 1, NULL, NULL, NULL, NULL, NULL, 0, '2022-05-23 02:48:09'),
(62, 'F/5915D', 'OGUNDARE KEHINDE ', 'ABIODUN OGUNDARE', '1583014078', '19700.00', 'ECO BANK', 'clientservice@isaluhospitals.com', 3, NULL, 1, 1, 19, 19, '2022-05-23 03:11:13', 1, 0, NULL, 0, NULL, NULL, 0, 0, 0, 25, 1, NULL, NULL, NULL, NULL, NULL, 0, '2022-05-23 02:48:09'),
(63, 'F/9341A', 'KOLAWOLE AUGUSTINA OLUWATOSIN', 'EGBEBI AUGUSTINA OLUWATOSIN', '3066733558', '60000.00', 'FIRST BANK', 'clientservice@isaluhospitals.com', 3, NULL, 0, 0, NULL, NULL, NULL, 0, 0, NULL, NULL, NULL, NULL, 1, 0, 0, 25, 1, NULL, NULL, NULL, NULL, NULL, 0, '2022-05-23 02:48:09'),
(64, 'F/9341A', 'KOLAWOLE AUGUSTINA OLUWATOSIN', 'EGBEBI AUGUSTINA OLUWATOSIN', '3066733558', '60000.00', 'FIRST BANK', 'clientservice2@isaluhospitals.com', 3, NULL, 1, 1, 19, 19, '2022-05-23 03:18:17', 1, 0, NULL, 0, NULL, NULL, 0, 0, 0, 25, 1, NULL, NULL, NULL, NULL, NULL, 0, '2022-05-23 02:48:09'),
(65, 'MMS/P/302A', 'OWINZEEGBA RAPHAEL EROMOSELE', 'RAPHAEL OWINZEEGBA', '2806223020', '8006.00', 'FCMB', 'clientservice2@isaluhospitals.com', 3, NULL, 0, 0, NULL, NULL, NULL, 1, 0, NULL, 0, NULL, NULL, 1, 0, 24, 25, 1, NULL, NULL, NULL, NULL, NULL, 0, '2022-05-23 02:48:09');

-- --------------------------------------------------------

--
-- Table structure for table `requisition_detail`
--

CREATE TABLE `requisition_detail` (
  `reqdetailid` int(11) NOT NULL,
  `reqnumber` int(11) NOT NULL,
  `itemid` int(11) NOT NULL,
  `Description` varchar(255) DEFAULT NULL,
  `qty` float NOT NULL,
  `uom` varchar(11) NOT NULL,
  `price` decimal(19,4) NOT NULL DEFAULT 0.0000
) ENGINE=InnoDB DEFAULT CHARSET=latin1;

--
-- Dumping data for table `requisition_detail`
--

INSERT INTO `requisition_detail` (`reqdetailid`, `reqnumber`, `itemid`, `Description`, `qty`, `uom`, `price`) VALUES
(65, 69, 98, NULL, 20, 'roll', '49000.0000'),
(66, 69, 101, NULL, 20, 'roll', '18000.0000'),
(67, 70, 103, NULL, 6, 'Pcs', '0.0000'),
(68, 70, 113, NULL, 6, 'Pcs', '0.0000'),
(69, 70, 151, NULL, 2, 'realm', '0.0000'),
(70, 70, 232, NULL, 3, 'Pcs', '0.0000'),
(71, 69, 106, NULL, 20, 'Pcs', '7000.0000'),
(72, 69, 103, NULL, 100, 'Pcs', '2800.0000'),
(73, 69, 110, NULL, 9, 'Pcs', '12600.0000'),
(74, 69, 113, NULL, 100, 'Pcs', '2500.0000'),
(75, 69, 120, NULL, 12, 'Pcs', '1200.0000'),
(76, 69, 121, NULL, 24, 'Pcs', '1200.0000'),
(77, 69, 126, NULL, 10, 'Pcs', '3600.0000'),
(78, 69, 151, NULL, 60, 'realm', '132000.0000'),
(79, 72, 151, NULL, 2, 'realm', '4400.0000'),
(80, 72, 120, NULL, 2, 'Pcs', '200.0000'),
(82, 85, 249, NULL, 6, 'Pcs', '235000.0000'),
(83, 88, 250, NULL, 60, 'realm', '2200.0000'),
(84, 88, 251, NULL, 10, 'Pcs', '360.0000'),
(85, 88, 252, NULL, 3, 'Pcs', '1900.0000'),
(86, 88, 253, NULL, 24, 'Pcs', '183.3300'),
(87, 88, 254, NULL, 1, 'Pcs', '2500.0000'),
(88, 88, 255, NULL, 100, 'Pcs', '25.0000'),
(89, 88, 256, NULL, 9, 'Pcs', '1400.0000'),
(90, 88, 257, NULL, 14, 'Pcs', '1000.0000'),
(91, 88, 258, NULL, 24, 'pack', '291.6600'),
(92, 88, 259, NULL, 24, 'Pcs', '50.0000'),
(93, 88, 260, NULL, 2, 'Pcs', '1200.0000'),
(94, 88, 261, NULL, 1, 'Pcs', '1800.0000'),
(95, 88, 262, NULL, 12, 'Pcs', '500.0000'),
(96, 88, 263, NULL, 12, 'Pcs', '100.0000'),
(97, 88, 264, NULL, 6, 'Pcs', '100.0000'),
(98, 89, 287, NULL, 2, 'Pcs', '25000.0000'),
(99, 88, 265, NULL, 100, 'Pcs', '28.0000'),
(100, 88, 266, NULL, 36, 'Pcs', '513.8800'),
(101, 88, 267, NULL, 20, 'roll', '900.0000'),
(102, 88, 268, NULL, 20, 'roll', '2450.0000'),
(103, 88, 269, NULL, 7, 'pack', '700.0000'),
(104, 88, 270, NULL, 2, 'Pcs', '1500.0000'),
(105, 91, 271, NULL, 16, 'bag', '2375.0000'),
(107, 91, 272, NULL, 6, 'keg', '7500.0000'),
(108, 91, 273, NULL, 10, 'keg', '6500.0000'),
(109, 91, 274, NULL, 4, 'bag', '6500.0000'),
(110, 91, 275, NULL, 288, 'Pcs', '168.0600'),
(111, 91, 276, NULL, 4, 'carton ', '12500.0000'),
(112, 91, 277, NULL, 600, 'Pcs', '350.0000'),
(113, 91, 278, NULL, 600, 'Pcs', '341.6600'),
(114, 91, 279, NULL, 288, 'Pcs', '69.4500'),
(115, 91, 280, NULL, 24, 'Pcs', '475.0000'),
(116, 91, 281, NULL, 10, 'pack', '480.0000'),
(117, 91, 282, NULL, 15, 'roll', '533.3300'),
(118, 91, 283, NULL, 288, 'Pcs', '52.0800'),
(119, 91, 284, NULL, 288, 'Pcs', '29.1600'),
(120, 91, 285, NULL, 60, 'Pcs', '700.0000'),
(121, 91, 286, NULL, 4, 'carton ', '9300.0000'),
(123, 95, 249, NULL, 6, 'Pcs', '1410000.0000'),
(124, 96, 249, NULL, 6, 'Pcs', '235000.0000'),
(125, 98, 249, NULL, 6, 'Pcs', '1410000.0000'),
(126, 105, 231, NULL, 2, 'Pcs', '0.0000'),
(127, 105, 107, NULL, 1, 'pack', '0.0000'),
(128, 105, 151, NULL, 5, 'realm', '0.0000'),
(129, 120, 293, NULL, 1, 'Pcs', '20000.0000'),
(130, 120, 294, NULL, 1, 'Pcs', '1500.0000'),
(131, 122, 295, NULL, 1, 'Pcs', '0.0000'),
(132, 125, 296, NULL, 1, 'installatio', '24527.0000'),
(133, 127, 309, NULL, 1, 'monthly', '0.0000'),
(134, 128, 309, NULL, 1, 'monthly', '0.0000'),
(135, 129, 151, NULL, 1, 'realm', '0.0000'),
(136, 129, 233, NULL, 1, 'Pcs', '0.0000'),
(137, 130, 310, NULL, 7000, 'liters', '635.0000'),
(138, 132, 151, NULL, 1, 'realm', '0.0000'),
(139, 132, 107, NULL, 1, 'pack', '0.0000'),
(140, 132, 242, NULL, 1, 'Pcs', '0.0000'),
(141, 133, 296, NULL, -1, 'installatio', '0.0000'),
(142, 135, 311, NULL, 4, 'monthly', '1000.0000'),
(143, 138, 151, NULL, 15, 'realm', '0.0000'),
(144, 136, 314, NULL, 5, 'bag', '5900.0000'),
(145, 136, 315, NULL, 5, 'Pcs', '4200.0000'),
(146, 139, 317, NULL, 1, '1CAR', '70000.0000'),
(152, 143, 296, NULL, 1, 'installatio', '103305.0000'),
(156, 145, 160, NULL, 2, 'Pcs', '0.0000'),
(157, 146, 320, NULL, 1, 'tonnes', '68000.0000'),
(158, 147, 296, NULL, 1, 'installatio', '300000.0000'),
(159, 148, 296, NULL, 1, 'installatio', '100000.0000'),
(161, 150, 151, NULL, 1, 'realm', '0.0000'),
(162, 150, 143, NULL, 1, 'Pcs', '0.0000'),
(163, 154, 143, NULL, 3, 'Pcs', '0.0000'),
(164, 156, 324, NULL, 1, 'Pcs', '50000.0000'),
(165, 158, 160, NULL, 4, 'Pcs', '0.0000'),
(166, 161, 310, NULL, 7000, 'liters', '635.0000'),
(167, 163, 310, NULL, 7000, 'liters', '0.0000'),
(168, 164, 310, NULL, 7000, 'liters', '635.0000'),
(169, 155, 384, NULL, 3, 'pack', '0.0000'),
(170, 155, 110, NULL, 2, 'Pcs', '0.0000'),
(171, 155, 382, NULL, 2, 'pack', '0.0000'),
(172, 155, 381, NULL, 2, 'pack', '0.0000'),
(173, 165, 277, NULL, 600, 'Pcs', '180.0000'),
(174, 165, 278, NULL, 600, 'Pcs', '40.0000'),
(175, 166, 307, NULL, 5, 'pack', '6400.0000'),
(176, 168, 397, NULL, 65, 'Pcs', '320.0000'),
(177, 168, 398, NULL, 130, 'Pcs', '80.0000'),
(178, 169, 324, NULL, 1, 'Pcs', '50000.0000'),
(179, 170, 417, NULL, 20, 'Pcs', '900.0000'),
(180, 173, 437, NULL, 6, 'sachet', '200.0000'),
(181, 173, 438, NULL, 5, 'loaf', '450.0000'),
(182, 174, 324, NULL, 1, 'Pcs', '50000.0000'),
(184, 176, 256, NULL, 1, 'Pcs', '0.0000'),
(185, 177, 441, NULL, 17, 'Pcs', '250.0000'),
(186, 177, 472, NULL, 100, 'pack', '250.0000'),
(187, 177, 473, NULL, 2, 'Pcs', '22000.0000'),
(188, 181, 495, NULL, 1, 'Pcs', '4980000.0000'),
(189, 186, 232, NULL, 1, 'Pcs', '0.0000'),
(190, 188, 160, NULL, 4, 'Pcs', '0.0000'),
(191, 193, 98, NULL, 2, 'roll', '0.0000'),
(192, 193, 151, NULL, 5, 'realm', '0.0000'),
(193, 194, 504, NULL, 1, 'kg', '1000.0000'),
(194, 194, 503, NULL, 3, 'Pcs', '50.0000'),
(195, 194, 505, NULL, 1, 'Pcs', '200.0000'),
(196, 194, 506, NULL, 4, 'PORTION', '200.0000'),
(197, 196, 143, NULL, 3, 'Pcs', '0.0000'),
(198, 196, 126, NULL, 4, 'Pcs', '0.0000'),
(199, 196, 289, NULL, 3, 'Pcs', '0.0000'),
(200, 197, 314, NULL, 5, 'bag', '5900.0000'),
(201, 197, 315, NULL, 5, 'Pcs', '4200.0000'),
(204, 200, 127, NULL, 9, 'Pcs', '0.0000'),
(206, 201, 526, NULL, 2, 'Pcs', '28500.0000'),
(207, 202, 527, NULL, 3, 'Pcs', '5000.0000'),
(209, 210, 536, NULL, 2, 'pack', '2500.0000'),
(210, 210, 538, NULL, 1, 'PORTION', '500.0000'),
(211, 210, 537, NULL, 2, 'pack', '300.0000'),
(212, 211, 538, NULL, 1, 'PORTION', '500.0000'),
(213, 212, 497, NULL, 1, 'Pcs', '68750.0000'),
(214, 213, 497, NULL, 1, 'Pcs', '500000.0000'),
(216, 182, 318, NULL, 1, 'Pcs', '0.0000'),
(217, 214, 143, NULL, 2, 'Pcs', '0.0000'),
(218, 214, 151, NULL, 1, 'realm', '0.0000'),
(219, 214, 231, NULL, 2, 'Pcs', '0.0000'),
(220, 214, 211, NULL, 20, 'Pcs', '0.0000'),
(221, 214, 240, NULL, 2, 'Pcs', '0.0000'),
(222, 214, 318, NULL, 50, 'Pcs', '0.0000'),
(223, 214, 539, NULL, 1, 'keg', '0.0000'),
(224, 218, 540, NULL, 15, 'gallon', '23000.0000'),
(225, 218, 541, NULL, 10, 'gallon', '23000.0000'),
(226, 218, 542, NULL, 10, 'gallon', '23000.0000'),
(227, 218, 543, NULL, 2, 'gallon', '7500.0000'),
(228, 218, 544, NULL, 4, 'bundle', '3500.0000'),
(229, 218, 545, NULL, 10, 'gallon', '8000.0000'),
(230, 218, 546, NULL, 5, 'gallon', '8000.0000'),
(231, 218, 547, NULL, 5, 'gallon', '8000.0000'),
(232, 218, 548, NULL, 4, 'gallon', '8000.0000'),
(233, 218, 549, NULL, 1, 'carton', '4000.0000'),
(234, 218, 550, NULL, 5, 'keg', '2500.0000'),
(235, 218, 551, NULL, 20, 'yards', '250.0000'),
(236, 220, 277, NULL, 600, 'Pcs', '180.0000'),
(237, 220, 278, NULL, 600, 'Pcs', '40.0000'),
(238, 223, 535, NULL, 300, 'Pcs', '0.0000'),
(239, 223, 510, NULL, 3, 'Pcs', '0.0000'),
(240, 223, 215, NULL, 3, 'Pcs', '0.0000'),
(241, 223, 143, NULL, 3, 'Pcs', '0.0000'),
(242, 226, 98, NULL, 3, 'roll', '0.0000'),
(243, 226, 107, NULL, 1, 'pack', '0.0000'),
(244, 226, 101, NULL, 3, 'roll', '0.0000'),
(245, 226, 103, NULL, 3, 'Pcs', '0.0000'),
(246, 227, 683, NULL, 3, 'pack', '0.0000'),
(247, 228, 497, NULL, 6, 'Pcs', '330000.0000'),
(251, 230, 683, NULL, 4, 'pack', '0.0000'),
(252, 232, 498, NULL, 200, 'Pcs', '4000.0000'),
(253, 233, 310, NULL, 5000, 'liters', '0.0000'),
(254, 235, 98, NULL, 3, 'roll', '0.0000'),
(255, 235, 101, NULL, 3, 'roll', '0.0000'),
(256, 235, 231, NULL, 2, 'Pcs', '0.0000'),
(257, 235, 107, NULL, 1, 'pack', '0.0000'),
(258, 236, 229, NULL, 4, 'Pcs', '0.0000');

-- --------------------------------------------------------

--
-- Table structure for table `requisition_header`
--

CREATE TABLE `requisition_header` (
  `reqnumber` int(11) NOT NULL,
  `reqby` varchar(36) NOT NULL,
  `reqdate` datetime NOT NULL,
  `coment` varchar(255) NOT NULL,
  `approved` tinyint(1) NOT NULL DEFAULT 0,
  `audited` tinyint(1) NOT NULL DEFAULT 0,
  `auditedby` varchar(36) NOT NULL,
  `approvedby` varchar(36) DEFAULT NULL,
  `approvalRequest` int(11) NOT NULL DEFAULT 0,
  `voided` tinyint(1) NOT NULL DEFAULT 0,
  `req_description` varchar(255) DEFAULT NULL,
  `return` int(11) DEFAULT NULL,
  `returnedby` int(11) DEFAULT NULL,
  `description` varchar(255) DEFAULT NULL,
  `departmentid` int(11) NOT NULL,
  `returned` int(11) DEFAULT 0,
  `awaiting_price` int(11) NOT NULL DEFAULT 1,
  `requisitiontype` int(11) NOT NULL,
  `payment_status` tinyint(1) NOT NULL DEFAULT 0,
  `payment_date` datetime DEFAULT NULL,
  `auditeddate` datetime DEFAULT NULL,
  `approveddate` datetime DEFAULT NULL,
  `procapproveddate` datetime DEFAULT NULL,
  `returneddate` datetime DEFAULT NULL,
  `paidby` int(11) DEFAULT NULL,
  `payment_process_status` int(11) DEFAULT 0
) ENGINE=InnoDB DEFAULT CHARSET=latin1;

--
-- Dumping data for table `requisition_header`
--

INSERT INTO `requisition_header` (`reqnumber`, `reqby`, `reqdate`, `coment`, `approved`, `audited`, `auditedby`, `approvedby`, `approvalRequest`, `voided`, `req_description`, `return`, `returnedby`, `description`, `departmentid`, `returned`, `awaiting_price`, `requisitiontype`, `payment_status`, `payment_date`, `auditeddate`, `approveddate`, `procapproveddate`, `returneddate`, `paidby`, `payment_process_status`) VALUES
(69, 'procurement@isaluhospitals.com', '2022-05-10 11:27:55', 'Price Calculation is wrong', 0, 0, '19', NULL, 1, 0, NULL, NULL, NULL, 'STATIONERY', 1, 1, 1, 1, 0, '0000-00-00 00:00:00', NULL, NULL, NULL, NULL, NULL, 0),
(70, 'account@isaluhospitals.com', '2022-05-10 12:05:05', '', 1, 1, '19', '19', 1, 0, NULL, NULL, NULL, '2 RIMS OF PAPER\n6 BLACK PEN \n1 BLACK PEN \n6 OFFICE FILE \n3 RED PEN', 6, 0, 0, 1, 0, '0000-00-00 00:00:00', '2022-05-10 12:05:05', '2022-05-10 12:05:05', NULL, NULL, NULL, 0),
(72, 'clientservice@isaluhospitals.com', '2022-05-11 10:16:21', '', 1, 1, '19', '19', 1, 0, NULL, NULL, NULL, 'stationary', 3, 0, 0, 1, 0, '0000-00-00 00:00:00', '2022-05-11 10:16:21', '2022-05-11 10:16:21', NULL, NULL, NULL, 0),
(85, 'procurement@isaluhospitals.com', '2022-05-12 10:00:02', 'KIV', 0, 0, '19', NULL, 1, 0, NULL, NULL, NULL, '6pcs of Midea Air-condition (2HP) for Site Annex', 1, 1, 1, 2, 0, '0000-00-00 00:00:00', NULL, NULL, NULL, NULL, NULL, 0),
(88, 'procurement2@isaluhospitals.com', '2022-05-12 10:56:42', 'Wrong Amount', 1, 1, '19', '19', 1, 0, NULL, NULL, NULL, 'STATIONERIES FOR THE MONTH OF MAY,2022', 1, 0, 0, 2, 0, '0000-00-00 00:00:00', '2022-05-12 10:56:42', '2022-05-12 10:56:42', NULL, NULL, NULL, 0),
(89, 'it@isalu.com', '2022-05-12 11:02:15', '', 1, 1, '19', '22', 1, 0, NULL, NULL, NULL, 'POE POWER PACK FOR RADIO TRANSMITTER', 2, 0, 0, 2, 0, '0000-00-00 00:00:00', '2022-05-12 11:02:15', '2022-05-12 11:02:15', NULL, NULL, NULL, 0),
(91, 'procurement@isaluhospitals.com', '2022-05-12 11:19:47', 'Price Calculation is wrong', 1, 1, '19', '22', 1, 0, NULL, NULL, NULL, 'HOUSE KEEPING ITEMS FOR THE MONTH OF MAY 2022', 1, 0, 0, 2, 0, '0000-00-00 00:00:00', '2022-05-12 11:19:47', '2022-05-12 11:19:47', NULL, NULL, NULL, 0),
(95, 'procurement@isaluhospitals.com', '2022-05-12 12:13:56', 'Price Calculation is wrong', 0, 0, '19', NULL, 1, 0, NULL, NULL, NULL, 'PURCHASE OF 6PCS OF AIR CONDITION @ SITE ANNEX OFFICES FOR ADMIT STAFF @ 235,000=#1,410,000', 1, 1, 1, 2, 0, '0000-00-00 00:00:00', NULL, NULL, NULL, NULL, NULL, 0),
(96, 'procurement@isaluhospitals.com', '2022-05-12 12:42:30', 'put on hold', 0, 0, '19', '22', 1, 0, NULL, NULL, NULL, 'PURCHASE OF 6PCS OF AIR CONDITIONER @ 235,000 @ SITE ANNEX FOR ADMIN STAFFS OFFICE', 1, 1, 1, 2, 0, '0000-00-00 00:00:00', NULL, NULL, NULL, NULL, NULL, 0),
(98, 'procurement@isaluhospitals.com', '2022-05-12 12:47:28', 'Price Calculation is wrong', 0, 0, '19', NULL, 1, 0, NULL, NULL, NULL, '6PCS OF AIR CONDITONER @ 235,000 @ SITE ANNEX', 1, 1, 1, 2, 0, '0000-00-00 00:00:00', NULL, NULL, NULL, NULL, NULL, 0),
(105, 'clientservice@isaluhospitals.com', '2022-05-12 04:13:07', '', 1, 1, '19', '19', 1, 0, NULL, NULL, NULL, 'A4 paper, Staple pin and 2 pens For HMO desk usage.', 3, 0, 0, 1, 0, '0000-00-00 00:00:00', '2022-05-12 04:13:07', '2022-05-12 04:13:07', NULL, NULL, NULL, 0),
(120, 'it@isalu.com', '2022-05-13 06:56:03', 'Not Properly filled', 0, 0, '19', NULL, 1, 0, NULL, NULL, NULL, 'CARTRIDGE FOR PRINTER', 2, 0, 0, 2, 0, '0000-00-00 00:00:00', NULL, NULL, '2022-05-13 06:56:03', NULL, NULL, 0),
(122, 'it@isalu.com', '2022-05-13 07:11:03', '', 1, 1, '19', '19', 1, 0, NULL, NULL, NULL, 'BIXOLON PRINTER FOR CASH DESK ', 2, 0, 0, 2, 0, '0000-00-00 00:00:00', '2022-05-13 07:11:03', '2022-05-13 07:11:03', NULL, NULL, NULL, 0),
(125, 'procurement@isaluhospitals.com', '2022-05-13 09:57:54', '', 1, 1, '19', '19', 1, 0, NULL, NULL, NULL, 'Payment for outstanding tile milling works @site main building', 1, 0, 0, 2, 0, '0000-00-00 00:00:00', '2022-05-13 09:57:54', '2022-05-13 09:57:54', NULL, NULL, NULL, 0),
(127, 'it@isalu.com', '2022-05-13 10:44:46', 'Claim had been used', 0, 0, '19', NULL, 1, 0, NULL, NULL, NULL, 'Google mail subscription for the month of April', 2, 0, 0, 2, 0, '0000-00-00 00:00:00', NULL, NULL, '2022-05-23 05:46:20', NULL, NULL, 0),
(128, 'it@isalu.com', '2022-05-13 11:19:32', 'Claim had been used', 0, 0, '19', NULL, 1, 0, NULL, NULL, NULL, 'subcription for Amazon web services', 2, 0, 0, 2, 0, '0000-00-00 00:00:00', NULL, NULL, '2022-05-23 05:46:12', NULL, NULL, 0),
(129, 'audit@isaluhospitals.com', '2022-05-13 12:28:25', '', 1, 1, '19', '19', 1, 0, NULL, NULL, NULL, '1 ream of A4 paper, 1 piece of green pen', 7, 0, 0, 1, 0, '0000-00-00 00:00:00', '2022-05-13 12:28:25', '2022-05-13 12:28:25', NULL, NULL, NULL, 0),
(130, 'procurement@isaluhospitals.com', '2022-05-13 12:36:06', '', 1, 1, '19', '22', 1, 0, NULL, NULL, NULL, 'SUPPLY OF 7000LITRES OF DIESEL @635 FOR ISALU AND SITE', 1, 0, 0, 2, 0, '0000-00-00 00:00:00', '2022-05-13 12:36:06', '2022-05-13 12:36:06', NULL, NULL, NULL, 0),
(132, 'mainstore@isaluhospitals.com', '2022-05-13 01:17:10', '', 1, 1, '19', '19', 1, 0, NULL, NULL, NULL, 'cellotape, A4 paper,staple pin for main store usage.', 14, 0, 0, 1, 0, '0000-00-00 00:00:00', '2022-05-13 01:17:10', '2022-05-13 01:17:10', NULL, NULL, NULL, 0),
(133, 'procurement@isaluhospitals.com', '2022-05-13 03:34:35', '', 0, 0, '19', NULL, 1, 0, NULL, NULL, NULL, 'SANKAZ  Gate repair @ Site ', 1, 0, 0, 2, 0, '0000-00-00 00:00:00', NULL, NULL, '2022-05-23 05:45:29', NULL, NULL, 0),
(135, 'bcc@isaluhospitals.com', '2022-05-13 04:40:32', 'Claim is to be used for this.', 0, 0, '19', NULL, 1, 0, NULL, NULL, NULL, 'CUG SUBSCRIPTION (4,000.00)\nWARDROUND DOCTOR	9095994080	\nNEW CALL DOCTOR	8096938058	\nMAINTENANCE AY	8093930762	\nPHARMACY GENERAL (OFFICE)	8172001529	', 16, 0, 0, 2, 0, '0000-00-00 00:00:00', NULL, NULL, '2022-05-13 04:40:32', NULL, NULL, 0),
(136, 'procurement@isaluhospitals.com', '2022-05-13 04:44:59', '', 1, 1, '19', '19', 1, 0, NULL, NULL, NULL, 'Purchase of 5 bag of pop cement\nPurchase of 5pcs of glover paint for Site Annex', 1, 0, 0, 2, 0, '0000-00-00 00:00:00', '2022-05-13 04:44:59', '2022-05-13 04:44:59', NULL, NULL, NULL, 0),
(138, 'bcc@isaluhospitals.com', '2022-05-13 06:13:12', '', 1, 1, '19', '19', 1, 0, NULL, NULL, NULL, 'Outstanding requisition(previously approved), A4 paper, For BCC usage.', 16, 0, 0, 1, 0, '0000-00-00 00:00:00', '2022-05-13 06:13:12', '2022-05-13 06:13:12', NULL, NULL, NULL, 0),
(139, 'procurement@isaluhospitals.com', '2022-05-13 06:55:12', '', 1, 1, '19', '19', 1, 0, NULL, NULL, NULL, 'Old ambulance repair', 1, 0, 0, 2, 0, '0000-00-00 00:00:00', '2022-05-13 06:55:12', '2022-05-13 06:55:12', NULL, NULL, NULL, 0),
(143, 'procurement@isaluhospitals.com', '2022-05-16 10:12:55', '', 1, 1, '19', '22', 1, 0, NULL, NULL, NULL, 'Balance payment for installation of suspended ceiling at site annex BQ. 15%', 1, 0, 0, 2, 0, '0000-00-00 00:00:00', '2022-05-16 10:12:55', '2022-05-16 10:12:55', NULL, NULL, NULL, 0),
(145, 'maintenance@isaluhospitals.com', '2022-05-16 10:29:55', '', 1, 1, '19', '19', 1, 0, NULL, NULL, NULL, 'Duracell battery are needed for Vital Station in OPD', 19, 0, 0, 1, 0, '0000-00-00 00:00:00', '2022-05-16 10:29:55', '2022-05-16 10:29:55', NULL, NULL, NULL, 0),
(146, 'procurement2@isaluhospitals.com', '2022-05-16 10:45:34', '', 1, 1, '19', '19', 1, 0, NULL, NULL, NULL, 'Supply of granite 5tonnes to site annex', 1, 0, 0, 2, 0, '0000-00-00 00:00:00', '2022-05-16 10:45:34', '2022-05-16 10:45:34', NULL, NULL, NULL, 0),
(147, 'procurement2@isaluhospitals.com', '2022-05-16 10:54:19', '', 1, 1, '19', '22', 1, 0, NULL, NULL, NULL, 'Payment on account for external ventilated facade installation. N300,000', 1, 0, 0, 2, 0, '0000-00-00 00:00:00', '2022-05-16 10:54:19', '2022-05-16 10:54:19', NULL, NULL, NULL, 0),
(148, 'procurement@isaluhospitals.com', '2022-05-16 11:54:18', '', 1, 1, '19', '19', 1, 0, NULL, NULL, NULL, 'Payment for installation of AC at site annex. N100,000. to balance N120,000.', 1, 0, 0, 2, 0, '0000-00-00 00:00:00', '2022-05-16 11:54:18', '2022-05-16 11:54:18', NULL, NULL, NULL, 0),
(150, 'laboratory@isaluhospitals.com', '2022-05-16 12:45:07', '', 1, 1, '19', '19', 1, 0, NULL, NULL, NULL, 'A4 PAPER,PAPER TAPE NEEDED FOR LAB.USE', 5, 0, 0, 1, 0, '0000-00-00 00:00:00', '2022-05-16 12:45:07', '2022-05-16 12:45:07', NULL, NULL, NULL, 0),
(154, 'procurement@isaluhospitals.com', '2022-05-16 04:12:04', '', 1, 1, '19', '19', 1, 0, NULL, NULL, NULL, 'STATIONARY', 1, 0, 0, 1, 0, '0000-00-00 00:00:00', '2022-05-16 04:12:04', '2022-05-16 04:12:04', NULL, NULL, NULL, 0),
(155, 'pharmacy@isaluhospitals.com', '2022-05-16 04:15:23', '', 1, 1, '19', '19', 1, 0, NULL, NULL, NULL, 'tablet  and syrup stickers', 10, 0, 0, 1, 0, '0000-00-00 00:00:00', '2022-05-16 04:15:23', '2022-05-16 04:15:23', NULL, NULL, NULL, 0),
(156, 'kitchen@isaluhospitals.com', '2022-05-16 04:26:45', 'Not Properly Described', 0, 0, '19', NULL, 1, 0, NULL, NULL, NULL, 'New blended is needed for kitchen use.', 12, 0, 0, 2, 0, '0000-00-00 00:00:00', NULL, NULL, '2022-05-23 05:45:17', NULL, NULL, 0),
(158, 'bcc@isaluhospitals.com', '2022-05-16 05:51:38', 'Not well defended', 0, 0, '19', NULL, 1, 0, NULL, NULL, NULL, 'A PACK OF CALCULATOR BATTERY FOR BCC USE. ', 16, 0, 0, 1, 0, '0000-00-00 00:00:00', NULL, NULL, '2022-05-16 05:51:38', NULL, NULL, 0),
(161, 'procurement@isaluhospitals.com', '2022-05-17 09:47:01', 'Price Calculation is wrong', 1, 1, '19', '22', 1, 0, NULL, NULL, NULL, 'PURCHASE OF 7000LITRES OF DIESEL @ 635 TO ISALU AND SITE', 1, 0, 0, 2, 0, '0000-00-00 00:00:00', '2022-05-17 09:47:01', '2022-05-17 09:47:01', NULL, NULL, NULL, 0),
(163, 'procurement@isaluhospitals.com', '2022-05-17 10:01:37', '', 0, 0, '19', NULL, 0, 0, NULL, NULL, NULL, 'PURCHASE OF 7000LITRES OF DIESEL @ ISALU AND SITE', 1, 0, 0, 2, 0, '0000-00-00 00:00:00', NULL, NULL, '2022-05-17 10:01:37', NULL, NULL, 0),
(164, 'procurement@isaluhospitals.com', '2022-05-17 10:05:42', 'Duplicated', 0, 0, '19', NULL, 1, 0, NULL, NULL, NULL, 'PURCHASE OF 7000LITRES DIESEL @ ISALU AND SITE', 1, 0, 0, 2, 0, '0000-00-00 00:00:00', NULL, NULL, '2022-05-17 10:05:42', NULL, NULL, 0),
(165, 'procurement@isaluhospitals.com', '2022-05-17 10:25:30', '', 1, 1, '19', '22', 1, 0, NULL, NULL, NULL, 'PRINTING ON TOWELS AND BAGS AT ISALU FOR PATIENT PACK', 1, 0, 0, 2, 0, '0000-00-00 00:00:00', '2022-05-17 10:25:30', '2022-05-17 10:25:30', NULL, NULL, NULL, 1),
(166, 'procurement@isaluhospitals.com', '2022-05-17 10:57:22', '', 1, 1, '19', '19', 1, 0, NULL, NULL, NULL, 'PURCHASE OF 5PCAKS OF RITCHER MALARIA ITEMS FOR LABORATORY IN ISALU', 1, 0, 0, 2, 0, '0000-00-00 00:00:00', '2022-05-17 10:57:22', '2022-05-17 10:57:22', NULL, NULL, NULL, 0),
(168, 'procurement@isaluhospitals.com', '2022-05-17 11:00:23', 'Wrong Description - IOU Purchase', 0, 0, '19', NULL, 1, 0, NULL, NULL, NULL, 'Purchase of bolts, nuts and antirust watcher for stampede concrete chamber at site annex', 1, 0, 0, 2, 0, '0000-00-00 00:00:00', NULL, NULL, '2022-05-17 11:00:23', NULL, NULL, 0),
(169, 'procurement@isaluhospitals.com', '2022-05-17 11:09:03', 'Not Properly Described', 0, 0, '19', NULL, 1, 0, NULL, NULL, NULL, 'PURCHASE OF BLENDER FOR KITCHEN (IOU) 50000', 1, 0, 0, 2, 0, '0000-00-00 00:00:00', NULL, NULL, '2022-05-17 11:09:03', NULL, NULL, 0),
(170, 'procurement@isaluhospitals.com', '2022-05-17 11:18:11', '', 1, 1, '19', '19', 1, 0, NULL, NULL, NULL, 'Purchase of damarcating driveway Keb2 for site annex.', 1, 0, 0, 2, 0, '0000-00-00 00:00:00', '2022-05-17 11:18:11', '2022-05-17 11:18:11', NULL, NULL, NULL, 0),
(173, 'kitchen@isaluhospitals.com', '2022-05-17 11:40:28', '', 1, 1, '19', '19', 1, 0, NULL, NULL, NULL, 'Need extra breads for breakfast\nNeed rat poison to rodents\n', 12, 0, 0, 2, 0, '0000-00-00 00:00:00', '2022-05-17 11:40:28', '2022-05-17 11:40:28', NULL, NULL, NULL, 0),
(174, 'procurement@isaluhospitals.com', '2022-05-17 11:58:03', '', 1, 1, '19', '19', 1, 0, NULL, NULL, NULL, 'PURCHASE OF 1PCS OF BLENDER FOR KITCHEN USE AS IOU', 1, 0, 0, 2, 0, '0000-00-00 00:00:00', '2022-05-17 11:58:03', '2022-05-17 11:58:03', NULL, NULL, NULL, 0),
(176, 'procurement@isaluhospitals.com', '2022-05-17 12:15:25', '', 1, 1, '19', '19', 1, 0, NULL, NULL, NULL, '1 PCS OF HARD COVER NOTE AND 1 PCS OF STAMP PAD FOR SITE SECURITY FOR RECORD KEEPING AND DOCUMENTATION ', 1, 0, 0, 2, 0, '0000-00-00 00:00:00', '2022-05-17 12:15:25', '2022-05-17 12:15:25', NULL, NULL, NULL, 0),
(177, 'procurement@isaluhospitals.com', '2022-05-17 12:18:39', 'ITEMS NOT FULLY SUPPLIED', 0, 0, '19', NULL, 1, 0, NULL, NULL, NULL, 'PRINTING OF MATERIALS USE  IN ISALU', 1, 0, 0, 2, 0, '0000-00-00 00:00:00', NULL, NULL, '2022-05-23 05:45:06', NULL, NULL, 0),
(181, 'procurement@isaluhospitals.com', '2022-05-17 03:54:39', '', 1, 1, '19', '22', 1, 0, NULL, NULL, NULL, 'PURCHASE OF GENERATOR @ ISALU IN AY', 1, 0, 0, 2, 0, '0000-00-00 00:00:00', '2022-05-17 03:54:39', '2022-05-17 03:54:39', NULL, NULL, NULL, 0),
(182, 'nursing@isaluhospitals.com', '2022-05-17 04:32:32', '', 0, 0, '19', NULL, 1, 0, NULL, NULL, NULL, '10 REDVAC DRAIN FOR PATIENT USE \n20 ADULT NASAL PROMP FOR THEATER USE\n10 PAPER TAPE FOR THEATER USE\n1 PACK OF BLACK SUCTION  CATHETER FOR THEATER USE\n10 CONNECTING TUBES FOR THEATER USE\n2 BOTTLES OS ISOFLORANE FOR ANESTHETIC MACHINE\n1 PACK OF FACE MASK FO', 4, 0, 0, 1, 0, '0000-00-00 00:00:00', NULL, NULL, '2022-05-23 05:44:52', NULL, NULL, 0),
(186, 'yosanusi@isaluhospitals.com', '2022-05-17 06:55:47', '', 1, 1, '19', '19', 1, 0, NULL, NULL, NULL, 'RED BIRO', 17, 0, 0, 1, 0, '0000-00-00 00:00:00', '2022-05-17 06:55:47', '2022-05-17 06:55:47', NULL, NULL, NULL, 0),
(188, 'bcc@isaluhospitals.com', '2022-05-18 08:27:00', '', 1, 1, '19', '19', 1, 0, NULL, NULL, NULL, '1 PACK OF CALCULATOR BATTERY FOR BCC USE.', 16, 0, 0, 1, 0, '0000-00-00 00:00:00', '2022-05-18 08:27:00', '2022-05-18 08:27:00', NULL, NULL, NULL, 0),
(193, 'clientservice@isaluhospitals.com', '2022-05-18 09:40:44', '', 1, 1, '19', '19', 1, 0, NULL, NULL, NULL, '2 ROLLS OF BIXOLLON PAPER, 5 PACKS OF A4 PAPER, 2 OFFICE CHAIRS', 3, 0, 0, 1, 0, '0000-00-00 00:00:00', '2022-05-18 09:40:44', '2022-05-18 09:40:44', NULL, NULL, NULL, 0),
(194, 'kitchen@isaluhospitals.com', '2022-05-18 10:17:31', '', 1, 1, '19', '19', 1, 0, NULL, NULL, NULL, 'Patient in annex 1 order for catfish peppersoup and agidi for today\"s dinner.\nPatients in  ay order for akara 4 potions for breakfast\n', 12, 0, 0, 2, 0, '0000-00-00 00:00:00', '2022-05-18 10:17:31', '2022-05-18 10:17:31', NULL, NULL, NULL, 0),
(196, 'nursing@isaluhospitals.com', '2022-05-18 10:57:16', '', 1, 1, '19', '19', 1, 0, NULL, NULL, NULL, '', 4, 0, 0, 1, 0, '0000-00-00 00:00:00', '2022-05-18 10:57:16', '2022-05-18 10:57:16', NULL, NULL, NULL, 0),
(197, 'procurement@isaluhospitals.com', '2022-05-18 12:35:54', 'Duplication', 0, 0, '19', NULL, 1, 0, NULL, NULL, NULL, 'PURCHASE OF BUILDING MATERIALS @ SITE', 1, 0, 0, 2, 0, '0000-00-00 00:00:00', NULL, NULL, '2022-05-18 12:35:54', NULL, NULL, 0),
(200, 'nursing@isaluhospitals.com', '2022-05-18 01:06:48', '', 1, 1, '19', '19', 1, 0, NULL, NULL, NULL, '2 flits for anx1 dw, 1 for a1, 1 for a2, 1 for a3, 1 for g/ward, 1 for recovery, 2 for anx 1up', 4, 0, 0, 1, 0, '0000-00-00 00:00:00', '2022-05-18 01:06:48', '2022-05-18 01:06:48', NULL, NULL, NULL, 0),
(201, 'procurement@isaluhospitals.com', '2022-05-18 02:37:08', 'Claim had been used', 0, 0, '19', NULL, 1, 0, NULL, NULL, NULL, 'Payment for tplink 24ports switch for site annex, 2pcs @N28,500 each', 1, 0, 0, 2, 0, '0000-00-00 00:00:00', NULL, NULL, '2022-05-18 02:37:08', NULL, NULL, 0),
(202, 'procurement@isaluhospitals.com', '2022-05-18 03:54:09', '', 1, 1, '19', '19', 1, 0, NULL, NULL, NULL, 'Purchase of AC external unit wall for site annex. 3pcs', 1, 0, 0, 2, 0, '0000-00-00 00:00:00', '2022-05-18 03:54:09', '2022-05-18 03:54:09', NULL, NULL, NULL, 0),
(210, 'kitchen@isaluhospitals.com', '2022-05-19 10:19:04', 'UNRIPE PLANTAIN TO BE REMOVED ', 0, 0, '19', NULL, 1, 0, NULL, NULL, NULL, 'We need to buy serviette and matches \nwhich was not purchase at the general market\nPatient in annex 2 request for unripe plantain for lunch ', 12, 0, 0, 2, 0, '0000-00-00 00:00:00', NULL, NULL, '2022-05-19 10:19:04', NULL, NULL, 0),
(211, 'kitchen@isaluhospitals.com', '2022-05-19 10:38:54', '', 1, 1, '19', '19', 1, 0, NULL, NULL, NULL, 'Additional portion of unripe plantain is needed at AY', 12, 0, 0, 2, 0, '0000-00-00 00:00:00', '2022-05-19 10:38:54', '2022-05-19 10:38:54', NULL, NULL, NULL, 0),
(212, 'procurement@isaluhospitals.com', '2022-05-19 11:08:28', '', 1, 1, '19', '19', 1, 0, NULL, NULL, NULL, 'Balance payment for painting works at site annex bq. N68750', 1, 0, 0, 2, 0, '0000-00-00 00:00:00', '2022-05-19 11:08:28', '2022-05-19 11:08:28', NULL, NULL, NULL, 1),
(213, 'procurement@isaluhospitals.com', '2022-05-19 11:58:19', 'Claim had been used', 0, 0, '19', NULL, 1, 0, NULL, NULL, NULL, 'Payment on account for civil works at site mainbuilding. N500,000', 1, 0, 0, 2, 0, '0000-00-00 00:00:00', NULL, NULL, '2022-05-19 11:58:19', NULL, NULL, 0),
(214, 'radiology@isaluhospitals.com', '2022-05-19 03:38:36', '', 0, 0, '19', NULL, 1, 0, NULL, NULL, NULL, 'sterilizing tape\npaper tape\nultrasound scan gel\npen\nA4 printing paper\n', 11, 0, 0, 1, 0, '0000-00-00 00:00:00', NULL, NULL, '2022-05-19 03:38:36', NULL, NULL, 0),
(218, 'procurement2@isaluhospitals.com', '2022-05-19 06:14:33', '', 0, 1, '19', '22', 1, 0, NULL, NULL, NULL, 'QUOTATION FOR PAINTING OF A.Y BUILDING BOTH INSIDE AND OUTSIDE AND WE ARE TO BUY THE MATERIALS BY OURSELF', 1, 0, 0, 2, 0, '0000-00-00 00:00:00', '2022-05-19 06:14:33', NULL, NULL, NULL, NULL, 0),
(220, 'procurement@isaluhospitals.com', '2022-05-20 10:33:22', '', 0, 0, '19', NULL, 1, 0, NULL, NULL, NULL, '600PCS OF BRANDING OF TOWELS @ 180', 1, 0, 0, 2, 0, '0000-00-00 00:00:00', NULL, NULL, '2022-05-20 10:33:22', NULL, NULL, 0),
(223, 'nursing@isaluhospitals.com', '2022-05-20 03:57:35', '', 0, 0, '19', NULL, 1, 0, NULL, NULL, NULL, 'injection card, nasal plung adult, nasal plung paediatric, paper tape needed for Emergency unit.', 4, 0, 0, 1, 0, '0000-00-00 00:00:00', NULL, NULL, '2022-05-23 05:44:31', NULL, NULL, 0),
(225, 'clientservice@isaluhospitals.com', '2022-05-23 08:58:25', '', 0, 0, '19', NULL, 0, 0, NULL, NULL, NULL, '3 ROLLS OF BIXOLON PAPER\n3 ROLLS OF POS PAPER\n3 PENS\n1 STAPLE PIN', 3, 0, 1, 1, 0, NULL, NULL, NULL, NULL, NULL, NULL, 0),
(226, 'clientservice@isaluhospitals.com', '2022-05-23 08:59:34', '', 0, 0, '19', NULL, 1, 0, NULL, 0, 0, 'CASHDESK UNIT', 3, 0, 0, 1, 0, NULL, NULL, NULL, '2022-05-23 05:43:12', NULL, NULL, 0),
(227, 'pharmacy@isaluhospitals.com', '2022-05-23 09:06:36', '', 0, 0, '19', NULL, 1, 0, NULL, 0, 0, 'prescription sheet 4 packs', 10, 0, 0, 1, 0, NULL, NULL, NULL, '2022-05-23 05:40:02', NULL, NULL, 0),
(228, 'procurement2@isaluhospitals.com', '2022-05-23 09:11:16', '', 0, 0, '19', NULL, 1, 0, NULL, 0, 0, 'PURCHASE OF 6PCS OF AC @ SITE', 1, 0, 0, 2, 0, NULL, NULL, NULL, '2022-05-23 05:43:00', NULL, NULL, 0),
(230, 'pharmacy@isaluhospitals.com', '2022-05-23 09:31:22', '', 1, 1, '19', '19', 1, 0, NULL, 0, 0, 'prescription', 10, 0, 0, 1, 0, NULL, '2022-05-23 09:58:59', '2022-05-23 09:58:59', '2022-05-23 09:57:13', NULL, NULL, 0),
(231, 'pharmacy@isaluhospitals.com', '2022-05-23 09:53:09', '', 0, 0, '19', NULL, 0, 0, NULL, NULL, NULL, 'PRESCRIPTION sheet', 10, 0, 1, 1, 0, NULL, NULL, NULL, NULL, NULL, NULL, 0),
(232, 'procurement2@isaluhospitals.com', '2022-05-23 09:54:56', '', 0, 0, '19', NULL, 1, 0, NULL, 0, 0, 'PURCHASE OF 200BAGS OF CEMENT @4000 @SITE', 1, 0, 0, 2, 0, NULL, NULL, NULL, '2022-05-23 05:38:40', NULL, NULL, 0),
(233, 'procurement2@isaluhospitals.com', '2022-05-23 10:15:19', '', 0, 0, '19', NULL, 1, 0, NULL, 0, 0, 'SUPPLY OF 5000LITRES OF  DIESEL @ 635', 1, 0, 0, 2, 0, NULL, NULL, NULL, '2022-05-23 10:49:55', NULL, NULL, 0),
(234, 'procurement2@isaluhospitals.com', '2022-05-23 10:51:50', '', 0, 0, '19', NULL, 0, 0, NULL, NULL, NULL, 'PURCHASE OF LABORATORY ITEMS FOR THE MONTH OF APRIL 2022', 1, 0, 0, 2, 0, NULL, NULL, NULL, NULL, NULL, NULL, 0),
(235, 'clientservice2@isaluhospitals.com', '2022-05-23 10:56:32', '', 0, 0, '19', NULL, 1, 0, NULL, 0, 0, '3 ROLLS OF BIXOLON PAPER\n3 ROLLS OF POS PAPER\n1 PACK OF STAPLE PIN\n2 BIROS', 3, 0, 0, 1, 0, NULL, NULL, NULL, '2022-05-23 05:39:23', NULL, NULL, 0),
(236, 'it@isalu.com', '2022-05-23 12:49:40', 'put on hold', 0, 0, '19', NULL, 1, 0, NULL, 0, 19, 'Laptop battery\nModel: HQ-TRE 71025 (JCO3)', 2, 1, 1, 2, 0, NULL, NULL, NULL, '2022-05-23 05:40:49', '2022-05-27 07:36:30', NULL, 0);

-- --------------------------------------------------------

--
-- Table structure for table `uom`
--

CREATE TABLE `uom` (
  `id` int(11) NOT NULL,
  `uomname` varchar(20) NOT NULL
) ENGINE=InnoDB DEFAULT CHARSET=latin1;

--
-- Dumping data for table `uom`
--

INSERT INTO `uom` (`id`, `uomname`) VALUES
(10, 'Pcs'),
(11, 'pack'),
(12, 'dozen'),
(13, 'liters'),
(14, 'carton'),
(15, 'realm'),
(16, 'roll'),
(17, 'bag'),
(18, 'carton '),
(19, 'keg'),
(20, 'installation'),
(21, 'bottle'),
(22, 'monthly'),
(23, 'yearly'),
(24, 'galon'),
(25, 'gallon'),
(26, '1CAR'),
(27, 'tonnes'),
(28, 'sachet'),
(29, 'loaf'),
(30, 'kg'),
(31, 'PORTION'),
(32, 'bundle'),
(33, 'yards'),
(34, 'bundle '),
(35, 'other'),
(36, 'paint'),
(37, 'crate'),
(38, 'cylinder');

-- --------------------------------------------------------

--
-- Table structure for table `users`
--

CREATE TABLE `users` (
  `id` int(11) NOT NULL,
  `name` varchar(36) NOT NULL,
  `email` varchar(36) NOT NULL,
  `password` varchar(36) NOT NULL,
  `user_roleid` int(11) NOT NULL,
  `login_attempt` int(11) NOT NULL DEFAULT 0,
  `departmentid` int(11) NOT NULL
) ENGINE=InnoDB DEFAULT CHARSET=latin1;

--
-- Dumping data for table `users`
--

INSERT INTO `users` (`id`, `name`, `email`, `password`, `user_roleid`, `login_attempt`, `departmentid`) VALUES
(1, 'IT', 'it@isalu.com', 'cd583446b7cac435a84920a7d524ae8b', -1, 1, 2),
(19, 'Audit', 'audit@isaluhospitals.com', '83878c91171338902e0fe0fb97a8c47a', 1, 1, 7),
(20, 'GU (Procurement)', 'procurement@isaluhospitals.com', '93aa88d53279ccb3e40713d4396e198f', 3, 1, 1),
(21, 'Account', 'account@isaluhospitals.com', '815bfabdb81b8c068304980343e02cba', 4, 1, 6),
(22, 'MD/CEO', 'yosanusi@isaluhospitals.com', '9ed04da71ff9947afab3cd880a7dd26b', 2, 1, 17),
(23, 'GU (HR)', 'hr@isaluhospitals.com', '5f4dcc3b5aa765d61d8327deb882cf99', 5, 1, 13),
(24, 'BCC HOD', 'bcc@isaluhospitals.com', 'e47429a2e15df3ded842178ff6d837ef', 7, 1, 16),
(25, 'Client Service HOD', 'clientservice@isaluhospitals.com', '5f4dcc3b5aa765d61d8327deb882cf99', 8, 1, 3),
(26, 'GU (Radiology) ', 'radiology@isaluhospitals.com', 'a3cf66963cec3d59abb731b6ce910c6e', 0, 1, 11),
(27, 'GU (Laboratory)', 'laboratory@isaluhospitals.com', '5f4dcc3b5aa765d61d8327deb882cf99', 0, 1, 5),
(28, 'GU (Nursing) ', 'nursing@isaluhospitals.com', '5f4dcc3b5aa765d61d8327deb882cf99', 0, 1, 4),
(29, 'GU (Quickbook)', 'quickbook@isaluhospitals.com', '5f4dcc3b5aa765d61d8327deb882cf99', 0, 0, 9),
(30, 'Test', 'test@isaluhospitals.com', '5f4dcc3b5aa765d61d8327deb882cf99', 0, 1, 18),
(31, 'Quality Control', 'qualitycontrol@isaluhospitals.com', '5f4dcc3b5aa765d61d8327deb882cf99', 0, 0, 15),
(32, 'GU (Pharmacy)', 'pharmacy@isaluhospitals.com', 'bf4e28785ab0560951dd0766f8059c4a', 0, 1, 10),
(33, 'GU (Medical)', 'medical@isaluhospitals.com', '7cbdd4e997c3b8e759f8d579bb30f6f1', 0, 1, 17),
(34, 'GU (Kitchen)', 'kitchen@isaluhospitals.com', '09228dac155633b13780552bc01dc2e0', 0, 1, 12),
(35, 'procurement2', 'procurement2@isaluhospitals.com', '7c6a180b36896a0a8c02787eeafb0e4c', 0, 1, 1),
(36, 'Security Department', 'security@isalu.com', 'e91e6348157868de9dd8b25c81aebfb9', 0, 1, 13),
(37, 'Main Store', 'mainstore@isaluhospitals.com', 'a773b3ad900819de179be72d96687c38', 0, 1, 14),
(38, 'Kazeem', 'ayindekazeem99@gmail.com', '767e955464233667bfd855686a55b352', -1, 1, 2),
(39, 'Maintenance', 'maintenance@isaluhospitals.com', '5f4dcc3b5aa765d61d8327deb882cf99', 0, 1, 19),
(40, 'HOD ( I T )', 'ibidun@isaluhospitals.com', '5f4dcc3b5aa765d61d8327deb882cf99', 8, 0, 2),
(41, 'HOD (Audit)', 'odusanya@isaluhospitals.com', '5f4dcc3b5aa765d61d8327deb882cf99', 8, 0, 7),
(42, 'GU (Audit)', 'audt2@isaluhospitals.com', '5f4dcc3b5aa765d61d8327deb882cf99', 0, 0, 7),
(43, 'HOD (Procurement)', 'biyi@isaluhospitals.com', '7c6a180b36896a0a8c02787eeafb0e4c', 8, 1, 1),
(44, 'HOD (Account)', 'raji@isaluhospitals.co', '5f4dcc3b5aa765d61d8327deb882cf99', 8, 0, 6),
(45, 'Ayandokun', 'ayandokun@isaluhospitals.com', '05519a7f2f34838626950862cae4f520', 4, 1, 6),
(46, 'Aminat', 'aminat@isaluhospitals.com', '69422252036ff9f0e9838439f3a7926e', 4, 1, 6),
(47, 'Olamide', 'olamide@isaluhospitals.com', '89cc1e22bda64e9dcd890344e567322c', 4, 1, 6),
(48, 'Rita', 'rita@isaluhospitals.com', '8a75e8fa9a693b6eb10e7a648f6f6dbf', 4, 1, 6),
(49, 'Nathaniel', 'nathaniel@isaluhospitals.com', '2ea5de4ae2586ec0b9a2e7d321f12670', 4, 1, 6),
(50, 'HOD (HR)', 'labode@isaluhospitals.com', '5f4dcc3b5aa765d61d8327deb882cf99', 8, 1, 13),
(51, 'GU (Client service)', 'clientservice2@isaluhospitals.com', '5f4dcc3b5aa765d61d8327deb882cf99', 0, 1, 3),
(52, 'HOD (Pharmacy)', 'oriyomi@isaluhospitals.com', '5f4dcc3b5aa765d61d8327deb882cf99', 8, 0, 10),
(53, 'HOD (Laboratory)', 'orioye@isaluhospitals.com', '5f4dcc3b5aa765d61d8327deb882cf99', 8, 0, 5),
(54, 'HOD (Radiology)', 'obajimi@isaluhospitals.com', '5f4dcc3b5aa765d61d8327deb882cf99', 8, 0, 11),
(55, 'HOD (Medical)', 'drofoegbu@isaluhospitals.com', '5f4dcc3b5aa765d61d8327deb882cf99', 8, 0, 17),
(56, 'HOD (Nursing)', 'oshoiribhor@isaluhospitals.com', '5f4dcc3b5aa765d61d8327deb882cf99', 8, 1, 4),
(57, 'HOD (Kitchen)', 'amadi@isaluhospitals.com', '5f4dcc3b5aa765d61d8327deb882cf99', 8, 1, 12);

-- --------------------------------------------------------

--
-- Table structure for table `user_type`
--

CREATE TABLE `user_type` (
  `id` int(11) NOT NULL,
  `role_id` int(11) NOT NULL,
  `role_name` varchar(10) NOT NULL
) ENGINE=InnoDB DEFAULT CHARSET=latin1;

--
-- Indexes for dumped tables
--

--
-- Indexes for table `claims_category`
--
ALTER TABLE `claims_category`
  ADD PRIMARY KEY (`id`);

--
-- Indexes for table `claims_detail`
--
ALTER TABLE `claims_detail`
  ADD PRIMARY KEY (`id`);

--
-- Indexes for table `claims_header`
--
ALTER TABLE `claims_header`
  ADD PRIMARY KEY (`id`);

--
-- Indexes for table `departments`
--
ALTER TABLE `departments`
  ADD PRIMARY KEY (`id`);

--
-- Indexes for table `items`
--
ALTER TABLE `items`
  ADD PRIMARY KEY (`itemid`),
  ADD UNIQUE KEY `itemid` (`itemid`);

--
-- Indexes for table `item_movement`
--
ALTER TABLE `item_movement`
  ADD PRIMARY KEY (`id`),
  ADD UNIQUE KEY `id` (`id`);

--
-- Indexes for table `refunds_detail`
--
ALTER TABLE `refunds_detail`
  ADD PRIMARY KEY (`id`);

--
-- Indexes for table `refunds_header`
--
ALTER TABLE `refunds_header`
  ADD PRIMARY KEY (`id`);

--
-- Indexes for table `requisition_detail`
--
ALTER TABLE `requisition_detail`
  ADD PRIMARY KEY (`reqdetailid`);

--
-- Indexes for table `requisition_header`
--
ALTER TABLE `requisition_header`
  ADD PRIMARY KEY (`reqnumber`);

--
-- Indexes for table `uom`
--
ALTER TABLE `uom`
  ADD PRIMARY KEY (`id`);

--
-- Indexes for table `users`
--
ALTER TABLE `users`
  ADD PRIMARY KEY (`id`);

--
-- Indexes for table `user_type`
--
ALTER TABLE `user_type`
  ADD PRIMARY KEY (`id`);

--
-- AUTO_INCREMENT for dumped tables
--

--
-- AUTO_INCREMENT for table `claims_category`
--
ALTER TABLE `claims_category`
  MODIFY `id` int(11) NOT NULL AUTO_INCREMENT, AUTO_INCREMENT=115;

--
-- AUTO_INCREMENT for table `claims_detail`
--
ALTER TABLE `claims_detail`
  MODIFY `id` int(11) NOT NULL AUTO_INCREMENT, AUTO_INCREMENT=556;

--
-- AUTO_INCREMENT for table `claims_header`
--
ALTER TABLE `claims_header`
  MODIFY `id` int(11) NOT NULL AUTO_INCREMENT, AUTO_INCREMENT=265;

--
-- AUTO_INCREMENT for table `departments`
--
ALTER TABLE `departments`
  MODIFY `id` int(11) NOT NULL AUTO_INCREMENT, AUTO_INCREMENT=20;

--
-- AUTO_INCREMENT for table `items`
--
ALTER TABLE `items`
  MODIFY `itemid` int(11) NOT NULL AUTO_INCREMENT, AUTO_INCREMENT=684;

--
-- AUTO_INCREMENT for table `item_movement`
--
ALTER TABLE `item_movement`
  MODIFY `id` int(11) NOT NULL AUTO_INCREMENT, AUTO_INCREMENT=263;

--
-- AUTO_INCREMENT for table `refunds_detail`
--
ALTER TABLE `refunds_detail`
  MODIFY `id` int(11) NOT NULL AUTO_INCREMENT, AUTO_INCREMENT=68;

--
-- AUTO_INCREMENT for table `refunds_header`
--
ALTER TABLE `refunds_header`
  MODIFY `id` int(11) NOT NULL AUTO_INCREMENT, AUTO_INCREMENT=66;

--
-- AUTO_INCREMENT for table `requisition_detail`
--
ALTER TABLE `requisition_detail`
  MODIFY `reqdetailid` int(11) NOT NULL AUTO_INCREMENT, AUTO_INCREMENT=259;

--
-- AUTO_INCREMENT for table `requisition_header`
--
ALTER TABLE `requisition_header`
  MODIFY `reqnumber` int(11) NOT NULL AUTO_INCREMENT, AUTO_INCREMENT=237;

--
-- AUTO_INCREMENT for table `uom`
--
ALTER TABLE `uom`
  MODIFY `id` int(11) NOT NULL AUTO_INCREMENT, AUTO_INCREMENT=39;

--
-- AUTO_INCREMENT for table `users`
--
ALTER TABLE `users`
  MODIFY `id` int(11) NOT NULL AUTO_INCREMENT, AUTO_INCREMENT=58;

--
-- AUTO_INCREMENT for table `user_type`
--
ALTER TABLE `user_type`
  MODIFY `id` int(11) NOT NULL AUTO_INCREMENT;
COMMIT;

/*!40101 SET CHARACTER_SET_CLIENT=@OLD_CHARACTER_SET_CLIENT */;
/*!40101 SET CHARACTER_SET_RESULTS=@OLD_CHARACTER_SET_RESULTS */;
/*!40101 SET COLLATION_CONNECTION=@OLD_COLLATION_CONNECTION */;
