-- phpMyAdmin SQL Dump
-- version 5.1.1
-- https://www.phpmyadmin.net/
--
-- Host: 127.0.0.1
-- Generation Time: Jul 13, 2022 at 04:36 PM
-- Server version: 10.4.21-MariaDB
-- PHP Version: 7.4.23

SET SQL_MODE = "NO_AUTO_VALUE_ON_ZERO";
START TRANSACTION;
SET time_zone = "+00:00";


/*!40101 SET @OLD_CHARACTER_SET_CLIENT=@@CHARACTER_SET_CLIENT */;
/*!40101 SET @OLD_CHARACTER_SET_RESULTS=@@CHARACTER_SET_RESULTS */;
/*!40101 SET @OLD_COLLATION_CONNECTION=@@COLLATION_CONNECTION */;
/*!40101 SET NAMES utf8mb4 */;

--
-- Database: `requisitionapp`
--

-- --------------------------------------------------------

--
-- Table structure for table `claims_category`
--

CREATE TABLE `claims_category` (
  `id` int(11) NOT NULL,
  `name` varchar(36) DEFAULT NULL,
  `description` text NOT NULL,
  `created_at` date NOT NULL DEFAULT current_timestamp(),
  `createdby` varchar(36) NOT NULL
) ENGINE=InnoDB DEFAULT CHARSET=utf8mb4;

--
-- Dumping data for table `claims_category`
--

INSERT INTO `claims_category` (`id`, `name`, `description`, `created_at`, `createdby`) VALUES
(8, 'Drugs', 'Drugs', '2022-05-05', 'it@isalu.com'),
(9, 'Test', 'Test', '2022-05-05', 'it@isalu.com'),
(10, 'Immunization', 'Immunization', '2022-05-05', 'it@isalu.com'),
(11, 'Generator & Lubricants', 'Generator & Lubricants', '2022-05-05', 'it@isalu.com'),
(12, 'Laboratory Reagents', 'Laboratory Reagents', '2022-05-05', 'it@isalu.com'),
(13, 'X-ray & Scan', 'X-ray & Scan', '2022-05-05', 'it@isalu.com'),
(14, 'Kitchen / Canteen Items', 'Kitchen / Canteen Items', '2022-05-05', 'it@isalu.com'),
(15, 'Household items', 'Household items', '2022-05-05', 'it@isalu.com'),
(16, 'Consultation', 'Consultation', '2022-05-05', 'it@isalu.com'),
(17, 'Directors\' Emolument', 'Directors\' Emolument', '2022-05-05', 'it@isalu.com'),
(18, 'Directors\' Fees', 'Directors\' Fees', '2022-05-06', 'it@isalu.com'),
(19, 'Salaries / Wages', 'Salaries / Wages', '2022-05-06', 'it@isalu.com'),
(20, 'Allowances', 'Allowances', '2022-05-06', 'it@isalu.com'),
(21, 'Staff Medical & Welfare', 'Staff Medical & Welfare', '2022-05-06', 'it@isalu.com'),
(22, 'Pension', 'Pension', '2022-05-06', 'it@isalu.com'),
(23, 'Training & Development', 'Training & Development', '2022-05-06', 'it@isalu.com'),
(24, 'PAYE', 'PAYE', '2022-05-06', 'it@isalu.com'),
(25, 'Commission: on referral', 'Commission: on referral', '2022-05-06', 'it@isalu.com'),
(26, 'Commission: on debt Recovery', 'Commission: on debt Recovery', '2022-05-06', 'it@isalu.com'),
(27, 'Performance Bonus', 'Performance Bonus', '2022-05-06', 'it@isalu.com'),
(28, 'Overtime', 'Overtime', '2022-05-06', 'it@isalu.com'),
(29, 'Payment in lieu of Leave ', 'Payment in lieu of Leave ', '2022-05-06', 'it@isalu.com'),
(30, 'A/C Repair and Maintenance', 'A/C Repair and Maintenance', '2022-05-06', 'it@isalu.com'),
(31, 'Ambulance Ford Repair and Maintenanc', 'Ambulance Ford Repair and Maintenance', '2022-05-06', 'it@isalu.com'),
(32, 'Ambulance Volkswagen Repair and Main', 'Ambulance Volkswagen Repair and Maintenance', '2022-05-06', 'it@isalu.com'),
(33, 'Bank Charges', 'Bank Charges', '2022-05-06', 'it@isalu.com'),
(34, 'Bank Interest', 'Bank Interest', '2022-05-06', 'it@isalu.com'),
(35, 'Big Gen Repair / maintenance', 'Big Gen Repair / maintenance', '2022-05-06', 'it@isalu.com'),
(36, 'Camry 2008 (GM 2) Repair and Mainten', 'Camry 2008 (GM 2) Repair and Maintenance', '2022-05-06', 'it@isalu.com'),
(37, 'Computer & Accessory', 'Computer & Accessory', '2022-05-06', 'it@isalu.com'),
(38, 'Electrical Maintenance', 'Electrical Maintenance', '2022-05-06', 'it@isalu.com'),
(39, 'Electrical Maintenance @ANNEX 1', 'Electrical Maintenance @ANNEX 1', '2022-05-06', 'it@isalu.com'),
(40, 'Electrical Maintenance @ANNEX 2', 'Electrical Maintenance @ANNEX 2', '2022-05-06', 'it@isalu.com'),
(41, 'Electrical Maintenance @ AY', 'Electrical Maintenance @ AY', '2022-05-06', 'it@isalu.com'),
(42, 'Equipment Maintenance', 'Equipment Maintenance', '2022-05-06', 'it@isalu.com'),
(43, 'Ford Edge (GM 3) Repair and Maintena', 'Ford Edge (GM 3) Repair and Maintenance', '2022-05-06', 'it@isalu.com'),
(44, 'Fueling - Ambulance Ford', 'Fueling - Ambulance Ford', '2022-05-06', 'it@isalu.com'),
(45, 'Fueling - Ambulance Volkswagen', 'Fueling - Ambulance Volkswagen', '2022-05-06', 'it@isalu.com'),
(46, 'Fueling - Big Gen', 'Fueling - Big Gen', '2022-05-06', 'it@isalu.com'),
(47, 'Fueling - Camry 2008 (GM 2)', 'Fueling - Camry 2008 (GM 2)', '2022-05-06', 'it@isalu.com'),
(48, 'Fueling - Ford Edge (GM3)', 'Fueling - Ford Edge (GM3)', '2022-05-06', 'it@isalu.com'),
(49, 'Fueling - Hilux', 'Fueling - Hilux', '2022-05-06', 'it@isalu.com'),
(50, 'Fueling - Toyota Highlander (CEO)', 'Fueling - Toyota Highlander (CEO)', '2022-05-06', 'it@isalu.com'),
(51, 'Fueling - Toyota Highlander (GM 1)', 'Fueling - Toyota Highlander (GM 1)', '2022-05-06', 'it@isalu.com'),
(52, 'Fueling - Toyota Sienna', 'Fueling - Toyota Sienna', '2022-05-06', 'it@isalu.com'),
(53, 'Fueling - tricycle', 'Fueling - tricycle', '2022-05-06', 'it@isalu.com'),
(54, 'Gen Repair / Maintenance', 'Gen Repair / Maintenance', '2022-05-06', 'it@isalu.com'),
(55, 'Gen Repair / Maintenance @ Annex 2 -', 'Gen Repair / Maintenance @ Annex 2 - 100KVA', '2022-05-06', 'it@isalu.com'),
(56, 'Gen Repair / Maintenance @ Annex 2 -', 'Gen Repair / Maintenance @ Annex 2 - 60KVA', '2022-05-06', 'it@isalu.com'),
(57, 'Gen Repair / Maintenance @ AY - 135K', 'Gen Repair / Maintenance @ AY - 135KVA', '2022-05-06', 'it@isalu.com'),
(58, 'Gen Repair / Maintenance @ AY - 350K', 'Gen Repair / Maintenance @ AY - 350KVA', '2022-05-06', 'it@isalu.com'),
(59, 'Gen Repair / Maintenance @ CEO - 5KV', 'Gen Repair / Maintenance @ CEO - 5KVA', '2022-05-06', 'it@isalu.com'),
(60, 'General Maintenance', 'General Maintenance', '2022-05-06', 'it@isalu.com'),
(61, 'Hilux Repair and maintenance ', 'Hilux Repair and maintenance ', '2022-05-06', 'it@isalu.com'),
(62, 'Housekeeping ', 'Housekeeping', '2022-05-06', 'it@isalu.com'),
(63, 'Insurance / Pension', 'Insurance / Pension', '2022-05-06', 'it@isalu.com'),
(64, 'License Renewal Charges', 'License Renewal Charges', '2022-05-06', 'it@isalu.com'),
(65, 'Light & Heat (PHCN)', 'Light & Heat (PHCN)', '2022-05-06', 'it@isalu.com'),
(66, 'Electricity Bill @ ANNEX 2', 'Electricity Bill @ ANNEX 2', '2022-05-06', 'it@isalu.com'),
(67, 'Electricity Bill @ AY', 'Electricity Bill @ AY', '2022-05-06', 'it@isalu.com'),
(68, 'MD Domestic / Med. Exps', 'MD Domestic / Med. Exps', '2022-05-06', 'it@isalu.com'),
(69, 'Office & Utility Expenses', 'Office & Utility Expenses', '2022-05-06', 'it@isalu.com'),
(70, 'Postage ', 'Postage', '2022-05-06', 'it@isalu.com'),
(71, 'Telephone', 'Telephone', '2022-05-06', 'it@isalu.com'),
(72, 'Newspaper & Periodicals', 'Newspaper & Periodicals', '2022-05-06', 'it@isalu.com'),
(73, 'PR / Entertainment', 'PR / Entertainment', '2022-05-06', 'it@isalu.com'),
(74, 'Printing', 'Printing', '2022-05-06', 'it@isalu.com'),
(75, 'Stationery ', 'Stationery ', '2022-05-06', 'it@isalu.com'),
(76, 'Rent', 'Rent', '2022-05-06', 'it@isalu.com'),
(77, 'Rates', 'Rates', '2022-05-06', 'it@isalu.com'),
(78, 'Sales Commission', 'Sales Commission', '2022-05-06', 'it@isalu.com'),
(79, 'Sundry / Advertisement ', 'Sundry / Advertisement ', '2022-05-06', 'it@isalu.com'),
(80, 'Taxes ', 'Taxes', '2022-05-06', 'it@isalu.com'),
(81, 'Renovation', 'Renovation', '2022-05-06', 'it@isalu.com'),
(82, 'Tax Consultancy Fee', 'Tax Consultancy Fee', '2022-05-06', 'it@isalu.com'),
(83, 'Toyota Highlander (CEO) Repair and M', 'Toyota Highlander (CEO) Repair and Maintenance ', '2022-05-06', 'it@isalu.com'),
(84, 'Toyota Highlander (GM 1) Repair and ', 'Toyota Highlander (GM 1) Repair and Maintenance ', '2022-05-06', 'it@isalu.com'),
(85, 'Toyota Sienna Repair and Maintenance', 'Toyota Sienna Repair and Maintenance', '2022-05-06', 'it@isalu.com'),
(86, 'Transport / Travel', 'Transport / Travel', '2022-05-06', 'it@isalu.com'),
(87, 'Tricycle Repair and Maintenance', 'Tricycle Repair and Maintenance', '2022-05-06', 'it@isalu.com'),
(88, 'Security Expenses', 'Security Expenses', '2022-05-06', 'it@isalu.com'),
(89, 'Refund to Patients', 'Refund to Patients', '2022-05-06', 'it@isalu.com'),
(90, 'Audit Fees', 'Audit Fees', '2022-05-06', 'it@isalu.com'),
(91, 'Legal Charges', 'Legal Charges', '2022-05-06', 'it@isalu.com'),
(92, 'Other Professional Consultancy Fee', 'Other Professional Consultancy Fee', '2022-05-06', 'it@isalu.com'),
(93, 'Spectranet Subscription', 'Spectranet Subscription', '2022-05-09', 'it@isalu.com'),
(94, 'LAWMA', 'LAWMA CHARGES', '2022-05-11', 'it@isalu.com'),
(95, 'SITE WORKS', 'SITE WORK', '2022-05-11', 'it@isalu.com'),
(96, 'POWER PACK', 'POWER PACK', '2022-05-11', 'it@isalu.com'),
(97, 'INDUCTEE', 'INDUCTION', '2022-05-11', 'it@isalu.com'),
(98, 'REFRESHMENT ', 'REFRESHMENT', '2022-05-11', 'it@isalu.com'),
(99, 'Snacks', 'Snacks', '2022-05-11', 'it@isalu.com'),
(100, 'Drinks', 'Drinks', '2022-05-11', 'it@isalu.com'),
(101, 'Space', 'Space', '2022-05-11', 'it@isalu.com'),
(102, 'IT', 'IT', '2022-05-11', 'it@isalu.com'),
(103, 'Diesel', 'Diesel', '2022-05-11', 'it@isalu.com'),
(104, 'Building Materials', 'Building Materials', '2022-05-11', 'it@isalu.com'),
(105, 'physiotherapist', 'physiotherapist', '2022-05-11', 'it@isalu.com'),
(106, 'WEBSITE/BLOG', 'WEBSITE/BLOG', '2022-05-12', 'it@isalu.com'),
(107, 'Extra Duty', 'Extra Duty', '2022-05-13', 'it@isalu.com'),
(108, 'Prepaid Recharge (Annex 2)', 'Prepaid Recharge (Annex 2)', '2022-05-13', 'it@isalu.com'),
(109, 'EXTERNAL INVESTIGATION (LAB/RADIOLOG', 'EXTERNAL INVESTIGATION', '2022-05-13', 'it@isalu.com'),
(110, 'CUG subscription ', 'CUG subscription', '2022-05-13', 'it@isalu.com'),
(111, 'PANLA FISH', 'PANLA FISH', '2022-05-18', 'it@isalu.com'),
(112, 'oxygen purchase', 'oxygen purchase', '2022-05-20', 'it@isalu.com'),
(114, 'Plumbing materials', 'Plumbing materials', '2022-05-20', 'it@isalu.com'),
(115, 'Transportation fee', 'Transportation ', '2022-05-24', 'it@isalu.com'),
(116, 'Stipend for compassionate leave ', 'Stipend for compassionate leave ', '2022-05-25', 'it@isalu.com'),
(117, 'Unpaid Salary', 'salary', '2022-05-26', 'it@isalu.com'),
(118, 'Radio Installation', 'Radio Installation', '2022-05-26', 'it@isalu.com'),
(119, 'Kitchen Urgent Expenses', 'Kitchen Urgent Expenses', '2022-05-27', 'it@isalu.com'),
(120, 'Water Dispenser', 'Water Dispenser', '2022-05-27', 'it@isalu.com'),
(121, 'stipend for lost of parent', 'stipend for lost of parent', '2022-05-27', 'it@isalu.com'),
(122, 'GMAIL SUBSCRIPTION', 'SUBSCRIPTION', '2022-05-29', 'it@isalu.com'),
(123, 'AWS(AMAZON WEB SERVICES) SUBSCRIPTIO', 'MONTHLY AWS SUBSCRIPTION', '2022-05-31', 'it@isalu.com'),
(124, 'REMOTE DESKTOP LICENSE', 'REMOTE DESKTOP LICENSE', '2022-05-31', 'it@isalu.com'),
(125, 'KITCHEN BUDGET FOR THE MONTH OF JUNE', 'KITCHEN BUDGET FOR THE MONTH OF JUNE 2022', '2022-06-01', 'it@isalu.com'),
(126, 'bulk sms', 'purchasing of  bulk sms unit', '2022-06-02', 'it@isalu.com'),
(127, 'Office Chairs', 'Office Chairs', '2022-06-07', 'it@isalu.com'),
(128, 'Specialist payment', 'Specialist payment', '2022-06-08', 'it@isalu.com');

-- --------------------------------------------------------

--
-- Table structure for table `claims_detail`
--

CREATE TABLE `claims_detail` (
  `id` int(11) NOT NULL,
  `claim_id` int(11) NOT NULL,
  `Amount` decimal(19,4) NOT NULL,
  `Description` text NOT NULL
) ENGINE=InnoDB DEFAULT CHARSET=utf8mb4;

--
-- Dumping data for table `claims_detail`
--

INSERT INTO `claims_detail` (`id`, `claim_id`, `Amount`, `Description`) VALUES
(25, 27, '20000.0000', 'For Spectranet Subscriptions (Annex 2 usage).'),
(31, 33, '1000.0000', '3 Pepsi  (N450), 1 buiscuit (N50), 3 coke (450),  one craker buiscuit (N50)'),
(32, 34, '51000.0000', 'PAYMENT FOR 3 PINTS OF BLOOD--INV NUB 05327.'),
(33, 34, '51000.0000', 'PAYMENT FOR 3 PINT OF BLOOD -----INV NUMB 05325'),
(35, 35, '68000.0000', ' PAYMENT FOR 4 PINT OF BLOOD----INV NUMB 05734'),
(36, 36, '34000.0000', 'PAYMENT FOR 2 PINTS OF BLOOD---INV NUM 02472'),
(37, 37, '750.0000', 'Samson Adekomaya   (Nursing)\nEzenwaka Chiamaka   (Nursing)\nDr Ogbonna         (Doctor)'),
(38, 38, '1750.0000', 'Refreshment for intending employee'),
(48, 44, '7750.0000', 'REPLACEMENT OF MICROWAVE ELEMENT '),
(49, 44, '1500.0000', 'TRANSPORTATION TO PURCHASE OF ELEMENT FOR MICROWAVE'),
(61, 51, '245857.0000', '2% commission on sales turnover'),
(62, 52, '1100.0000', 'PURCAHSE OF 2PCS OF BULB @ 300 AND 4 MINUTE GUM 500'),
(63, 53, '30000.0000', '2PCS OF HP 840 KEYBOARD 2 15000'),
(64, 54, '150000.0000', 'PLASTERING OF STAIRCASE STRINGERS AND SOFFIT '),
(65, 55, '90000.0000', '180AH DEEP CYCLE BATTERIES'),
(66, 55, '5000.0000', 'TRANSPORTATION'),
(67, 55, '7125.0000', 'VAT'),
(68, 56, '37600.0000', 'SERVICING OF 60KVA GEN. SET'),
(69, 56, '20000.0000', 'ELECTRICAL REPAIRS (LAPTOP DETECTION)'),
(70, 56, '4320.0000', 'VAT 7.5%'),
(71, 57, '10000.0000', 'REMOVAL OF SCALFOLDING CLIPS '),
(73, 60, '4500.0000', 'COMPLETE DOOR KEY @ NEW DOCTORS ROOM'),
(74, 60, '4440.0000', '12 YARDS OF SAND PAPER'),
(95, 62, '1679539.0000', 'APRIL NEPA BILL FOR 2022 IN ISALU HOSPITALS LIMITED'),
(97, 64, '1270000.0000', '2000LITRE OF DIESEL @ SITE @ 635'),
(98, 65, '4000.0000', 'WIRING WORK AT HMO AND DOCTORS ROOM IN AY'),
(99, 66, '90000.0000', '180AH DEEP CYCLE BATTERIES'),
(100, 66, '5000.0000', 'TRANSPROTATION'),
(101, 66, '6750.0000', 'VAT 0N COST 7.5%'),
(102, 67, '37600.0000', 'SERVICING OF 60KVA GEN. SET'),
(103, 67, '20000.0000', 'ELECTRICAL REPAIRS ON LAPTOP DETECTION'),
(104, 67, '4275.0000', 'VAT ON COST 7.5%'),
(105, 68, '5000.0000', 'DATA SUBSCRIPTION'),
(117, 70, '2500.0000', 'For local government vaccine.'),
(118, 71, '5000.0000', 'BALANCE PAYMENT FOR ROOFING WORK @ AY AND ANNEX 1 AND INITIAL PAYMENT WAS 12000 AND WE GAVE HIM 7000 BEFORE AND NOW 5000'),
(123, 75, '7500.0000', '1500*5 PACKS OF DRINKS FOR MOTHER-CRAFT'),
(124, 75, '16800.0000', '280*60PCS OF SNACKS FOR MOTHER-CRAFT'),
(125, 75, '25000.0000', 'AY SPACE FOR MOTHER-CRAFT LECTURE'),
(128, 77, '5000.0000', 'DATA SUBSCRIPTION FOR WEBSITE / BLOG '),
(129, 78, '81400.0000', '6pcs gall of white paints. (N9000 each), 1pc of white paints, (8500 each). 6pcs gallon of thiner (N300 each). 3pcs of filler (N3000 each) for painting of Doctors Rm, HMO, Rm 103, Rm 104 '),
(130, 79, '36000.0000', 'Additional paints for painting Doctors Rm, HMO, Rm 103 and Rm 104.\n4 gallons pitches @ N9000each\n'),
(131, 72, '1410000.0000', 'Site Annex\n6pcs of Midea split unit AC @N235,000 each.'),
(133, 81, '1410000.0000', 'PURCHASE OF 6PCS OF AIR CONDITION @ SITE ANNEX @ 235,000'),
(134, 82, '56545.0000', '65kva generator maintenance in Annex2. see invoice no: ISL/G/022/004'),
(135, 83, '500.0000', '3 cocacola (450) 1 biscuit  (50)'),
(137, 83, '500.0000', '3 pepsi (450) 1 cracker biscuite (50)'),
(139, 84, '1410000.0000', '6PCS OF AIR CONDITIONER @ 235,000 FOR ADMIN STAFF @ SITE ANNEX '),
(140, 85, '1750.0000', 'Refreshment for intending employees\n7 cokes  (1050)\n7 biscuits  (700)'),
(141, 86, '5000.0000', 'PURCHASE OF 2PCS OF PAN CONNECTOR @ 2500 IN NURSERY UNIT AND BALM GILEAD HOUSE BESIDE SITE ANNEX (IOU)'),
(142, 87, '8000.0000', 'change of fuel pump chamber  I.O.U'),
(143, 88, '1000.0000', 'Additional payment for furniture work at AY ( couch consulting room 6)'),
(148, 93, '85000.0000', 'Purchase of sharp sand for Site Annex. See Invoice 00025'),
(150, 95, '30000.0000', '2PCS OF WALL FAN @ 15000 FOR ADMIN STAFF IN SITE ANNEX'),
(151, 96, '30000.0000', '2PCS OF WALL FAN @15000 FOR ADMIN STAFF IN SITE ANNEX AS IOU'),
(152, 97, '18705.0000', 'BALANCE PAYMENT FOR VAT @ SITE ANNEX'),
(153, 98, '80000.0000', 'ESTIMATE OF GATE REPAIR'),
(155, 99, '5500.0000', 'BREAD'),
(156, 99, '200.0000', 'SCENT LEAF'),
(157, 99, '700.0000', 'UGU'),
(158, 99, '3000.0000', 'EFOR'),
(159, 99, '1000.0000', 'AGIDI'),
(160, 99, '3000.0000', 'EJA KIKA'),
(161, 99, '500.0000', 'EWEDU'),
(162, 99, '15000.0000', 'CAT FISH'),
(163, 99, '3000.0000', 'PLAINTAIN'),
(164, 99, '32000.0000', 'GAS'),
(167, 100, '800.0000', ' 1pcs of padlock to secure the fuel @ Annex 2'),
(168, 100, '3000.0000', '2pcs of chain @ 1500 to secure the fuel @ Annex 2 '),
(169, 100, '1000.0000', '1pcs of evostic gum to gum the carpet @ doctors room in Annex 1'),
(170, 101, '4000.0000', 'For Extra duty'),
(171, 102, '50000.0000', 'Subscription of  prepaid meter in ANX 2  '),
(172, 104, '293700.0000', 'STATIONERIES FOR THE MONTH OF MAY 2022 IN ISALU WITH THE INVOICE NUMBER OF (0011541 AND 0011542)'),
(173, 105, '50000.0000', 'Subscription of prepaid meter ANX 2 I.O.U'),
(178, 106, '34000.0000', 'PAYMENT FOR 2 PINTS OF BLOOD----INV NUMB 05735'),
(180, 107, '58000.0000', 'PAYMENT FOR 5 PINTS OF BLOOD --- INV NUMB 05334'),
(181, 108, '1600.0000', 'RENTAGE FOR CHAIR OF 2 DOZEN @ 800 FOR MOTHERCRAFT ON SATURDAYS 14/5/2022 IN ISALU'),
(182, 109, '1000.0000', 'PURCHASE OF BUSHING FOR FIXING OF NEW PUMP @ AY (IOU)'),
(183, 109, '1400.0000', 'PAN CONNECTOR IN STAFF TOILET (IOU)'),
(184, 109, '4000.0000', 'LONG NECK TAP @ AY KITCHEN SINK (IOU)'),
(186, 110, '38000.0000', 'SUPPLY OF 16BAGS OF TISSUE PAPER @2375 FROM BELIMPEX COMPANY'),
(187, 110, '205000.0000', 'SUPPLY OF 600PCS OF BAGS @ 341.67'),
(189, 114, '70560.0000', 'HYPARXIS INTEGRATED SOLUTIONS FOR THE MONTH OF APRIL'),
(190, 113, '38000.0000', 'SUPPLY OF 16BAGS OF TISSUE PAPER 2375 FROM BELIMPEX COMPANY TO ISALU '),
(191, 113, '205000.0000', 'SUPPLY OF 600PCS OF BAGS @ 341.67 FROM LAGOS ISLAND'),
(192, 113, '591200.0000', 'OTHERS ITEMS ARE TO BE PURCHASE FROM OPEN MARKET (IOU)'),
(193, 116, '23200.0000', '0.45M LONGSTANDING SHEET 8M @ 2900'),
(194, 115, '2000.0000', 'Being cost of changing Nursing station Annex 1 down and the Ward Managers CUG charging points'),
(195, 116, '1000.0000', 'NAIL'),
(196, 116, '3000.0000', 'TRANSPORTATION'),
(197, 116, '15000.0000', 'WORKMANSHIP'),
(198, 120, '38000.0000', 'SUPPLY OF 16BAGS OF TISSUE PAPER @ 2375 FROM BELIMPEX COMPANY (IOU)'),
(199, 120, '205000.0000', 'SUPPLY OF 600PCS OF BAGS @ 341.67 FROM LAGOS ISLAND'),
(200, 120, '591200.0000', 'OTHERS ITEM WILL BE BUY FROM OPEN MARKET (IOU)'),
(201, 121, '205000.0000', 'SUPPLY OF 600PCS OF BAGS @ 341.67 FROM LAGOS ISLAND (IOU)'),
(202, 121, '38000.0000', '16BAGS OF TISSUE PAPER @ 2375 FROM BELIMPEX COMPANY (IOU)'),
(203, 121, '591200.0000', 'OTHERS WILL BE PURCHASE FROM THE OPEN MARKET (IOU)'),
(204, 122, '6059.3000', 'AMAZON WEB SERVICE SUBSCRIPTION FOR THE MONTH OF APRIL ($10.27 at the rate of N590)'),
(205, 123, '25000.0000', 'PURCHASE OF TOKUNBO AUTOMATOR FOR GREEN HIGHLANDER'),
(206, 123, '3000.0000', 'WORKMANSHIP FOR REPAIR OF GREEN HIGHLANDER AUTOMATOR'),
(209, 124, '6000.0000', '3PCS OF 18WATT LED LIGHT @ 2000 FOR OLD DOCTORS ROOM'),
(211, 127, '71100.0000', 'Being payment for external investigation (BRAIN MRI) @ clinx '),
(212, 128, '25000.0000', 'PURCHASE OF TOKUNBO ALTERNATOR'),
(213, 128, '3000.0000', 'WORKMANSHIP FOR REPAIR OF GREEN HIGHLANDER ALTERNATOR FOR GM 1 OFFICIAL CAR'),
(214, 129, '80000.0000', 'Repair of site Annex Gate '),
(215, 130, '85000.0000', 'PAYMENT FOR 5PINTS OF BLOOD INV NUMB 05334 (CORRECTED ONE )'),
(217, 131, '2000.0000', 'BEING PAYMENT FOR THE OVERTIME DONE IN PLACE OF IKENA CHIDIKE THAT WAS ABSENT FROM DUTY ON SUNDAY, MAY 1, 2022'),
(218, 132, '2000.0000', 'BEING PAYMENT FOR THE OVERTIME DONE IN PLACE OF GODWIN IDZI) THAT WAS ABSENT FROM DUTY ON SUNDAY, MAY 1, 2022'),
(219, 133, '4000.0000', 'BEING ABSENT FROM DUTY FOR GODWIN IDZI AND IKENNA CHIDIKE(3D SECURITY)  ON SUNDAY, MAY 1, 2022'),
(220, 135, '7000.0000', 'purchase of Dopamin injection emergency I.O.U'),
(221, 136, '4000.0000', 'WARDROUND DOCTOR	09095994080, NEW CALL DOCTOR	08096938058, MAINTENANCE AY	08093930762, PHARMACY GENERAL (OFFICE)	08172001529\n'),
(222, 137, '4000.0000', 'RECHARGE OF CUG MONTHLY SUBSCRIPTION ON THE FOLLOWING CUG LINES\nWARDROUND DOCTOR	9095994080\nNEW CALL DOCTOR	8096938058\nMAINTENANCE AY	8093930762\nPHARMACY GENERAL (OFFICE)	8172001529\n'),
(223, 138, '1000.0000', 'SEDIK MOHAMMED HG/2251A'),
(224, 138, '1000.0000', 'OBI FELIX MSH/3420A'),
(225, 138, '1000.0000', 'ANOKAM UCHECHUKWU HG/2002A'),
(226, 138, '1000.0000', 'AKIGBOGUN OMOTONILOLA RH/692A'),
(227, 138, '1000.0000', 'IMAJI FARUNA F/9445B'),
(228, 138, '1000.0000', 'OSUNLETI ADEBISI P/9869'),
(229, 138, '1000.0000', 'MBAEGBU EZINNE HG/1944A'),
(230, 138, '1000.0000', 'AKANDE OMOBOLANLE CL/99A'),
(231, 138, '1000.0000', 'ADEBAYO OLAJIDE F/2477D( INPATIENT)'),
(233, 140, '1000.0000', 'OTI OLUFUNKE HG/1483'),
(234, 140, '1000.0000', 'ANOKAN UCHECHUKWU HG/2002A'),
(235, 140, '1000.0000', 'FABILOLA OLUWASINAOLA MSH/4760A'),
(236, 140, '1000.0000', 'ONYEKWE JUDE MSH/1633D'),
(237, 140, '1000.0000', 'FASHOLA DANIEL MSH/5979A'),
(238, 140, '1000.0000', 'ITODO CHIEMEZUE HG/7676A'),
(239, 140, '1000.0000', 'IGUNBOR EFOSA HG/578B'),
(240, 140, '1000.0000', 'KANIKWU ANTHONY LB/237A'),
(241, 140, '1000.0000', 'AKINDELE CLARA MSH/6534A'),
(242, 140, '1000.0000', 'KEHINDE PROSPER MSH/3354B'),
(243, 140, '1000.0000', 'OBI FELIX MSH/3420A'),
(244, 140, '1000.0000', 'OBIORA EMMANUEL HG/8109A'),
(245, 140, '1000.0000', 'OLUGA OLAYINKA MSH/2318A'),
(246, 140, '1000.0000', 'OLUSEGUN CHRISTIANA LH/125A'),
(247, 140, '1000.0000', 'DAWODU ADEYINKA MSH/3741A'),
(248, 141, '35000.0000', 'Purchase of silicon for external facade tiling installation @site mainbuilding. N3500 each for 10pcs IOU'),
(249, 142, '12000.0000', 'MARINE  BOARD'),
(250, 142, '1200.0000', '2\'\' OF CONCRETE NAIL 2 PACKS @ 600 FOR SITE '),
(251, 142, '3000.0000', 'SAWNING OF 3 BOARDS \nNOTE: THE INVOICE OF THIS ITEMS ARE 000504 @ SITE ANNEX AND MAINBUILDING'),
(252, 143, '5500.0000', 'BREAD'),
(253, 143, '5000.0000', 'VEGETABLE SOUP'),
(254, 143, '2000.0000', 'GRINDING'),
(255, 143, '26000.0000', 'EGG'),
(256, 143, '500.0000', 'EWEDU'),
(257, 143, '1800.0000', 'AKARA'),
(258, 143, '10000.0000', 'YAM'),
(259, 143, '600.0000', 'HOT DOG'),
(260, 143, '500.0000', 'MOI-MOI FISH'),
(261, 143, '13500.0000', 'PAP'),
(262, 143, '4000.0000', 'PLAINTAIN'),
(263, 143, '500.0000', 'UZIZA'),
(264, 143, '1000.0000', 'BREAD'),
(265, 143, '37400.0000', 'CHICKEN'),
(266, 143, '38700.0000', 'FISH'),
(267, 144, '10000.0000', 'PAYMENT OF LOADING BROKEN BLOCKS@SITE\n'),
(268, 145, '5000.0000', '1/4 PLYWOOD IMPORTED'),
(269, 145, '500.0000', '1 PAN OF 3/4\" SCREW'),
(270, 145, '400.0000', '1 PAN OF 2\" SCREW'),
(271, 145, '600.0000', '1 PAN OF 1\" NAIL'),
(272, 146, '70000.0000', 'Repair of engine gas cylinder for the old ambulance'),
(273, 147, '5000.0000', '1/4 PLYWOOD IMPORTED'),
(274, 147, '500.0000', '1 PAN OF 3/4\" SCREW'),
(275, 147, '400.0000', '1 PAN OF 2\" SCREW'),
(276, 147, '600.0000', '1 PAN 0F NAIL\nNOTE THE REPAIR OF DRUG SHELVES FOR THE PHARMACY MAIN STORE'),
(277, 148, '68000.0000', '5 TONNES OF GRANITE STONE  FOR SITE '),
(278, 149, '100000.0000', 'Payment for AC installation at site annex, N100,000. to balance N120,000 after all installations'),
(279, 151, '76000.0000', 'PURCHASE OF 2 KEGS OF  ENGINE OIL FOR DIESEL GENERATOR @38000'),
(280, 152, '1800.0000', 'For extra 12 bottles of drinks for Mother craft'),
(281, 152, '1700.0000', 'For extra snacks  (3 baked fish @300 and 4 jam doughnut @ 200) For Mother craft'),
(282, 153, '30000.0000', 'PAYMENT FOR HP840 KEYBOARDS G1&G2 (WITH LIGHT) FOR QUICK BOOK AND CASH DESK'),
(283, 154, '76000.0000', 'I.O.U PURCHASE OF 2KEGS OF ENGINE OIL FOR GENERATOR @ 38000'),
(284, 155, '8000.0000', 'WORKMANSHIP FOR PIECES & RE FIXING OF DRUG SHELVES FROM ANNEX 2 TO SITE '),
(285, 156, '10000.0000', 'Relocation of cables from wall to the board at Site '),
(286, 157, '100000.0000', 'Prepaid PHCN bill for MD house'),
(287, 158, '13000.0000', 'Being payment for external investigations for the month of April'),
(288, 159, '1000.0000', 'Additional payment for the purchase of silicon for Site Mainbuilding.\n12pcs @N3000 each'),
(289, 160, '11800.0000', '6 SMALL ENVELOP @ N450                       = N2,700\n14 BIG ENVELOP @ N650                           = N9,100\nTOTAL AMOUNT                                           = N11,800'),
(290, 161, '8000.0000', 'WORKMANSHIP FOR PIECES AND REFIXING OF DRUG SHELVE FROM ANNEX 2 TO NEW SITE '),
(291, 162, '5000.0000', '1/4 PLYWOOD IMPORTED FOR PAHARMACY STORE @ ANNEX 2'),
(292, 162, '500.0000', 'PAN OF 3/4 SCREW FOR PHARMACY STORE @ ANNEX 2'),
(293, 162, '400.0000', '2\'\' OF PAN SCREW FOR PHARMACY STORE IN ANNEX 2'),
(294, 162, '600.0000', '1\'\' OF  PAN PAIL AT PHARMACY STORE IN ANNEX '),
(296, 163, '50000.0000', 'REPLACEMENT OF WHEEL TYRE'),
(298, 163, '20000.0000', 'SERVICING OF X-RAY MACHINE AT RADIOLOGY'),
(299, 163, '5000.0000', 'TRANSFORMER OIL TOPUP FOR REPAIR OF WHEEL CHAIR AT RADIOLOGY INVOICE NUMBER 03227'),
(301, 166, '6400.0000', '5 PACKS OF MALARIA CASSETTE'),
(303, 167, '635.0000', 'Supply of 7000litres of diesel @ isalu and site'),
(304, 168, '635.0000', 'Supply of 7000litres of diesel @ isalu and a.y'),
(305, 169, '4445000.0000', 'Supply of 7000litres of diesel @ A.Y and Site'),
(306, 171, '4980000.0000', 'Purchase of generator @ A.Y'),
(307, 172, '7000.0000', 'PHYSIOTHERAPY CONSULT'),
(308, 173, '1000.0000', 'OSUNLETI ADEBISI  ---P/9869'),
(309, 173, '1000.0000', 'AKINDIPE FRANCISCA--AVO/189A'),
(310, 173, '1000.0000', 'GODO OLUWABUNMI-- MSH/2119C'),
(311, 173, '1000.0000', 'AKANDE OMOBOLANLE ---CL/99A'),
(312, 173, '1000.0000', 'IMAJI FARUNA---F/9445B'),
(313, 173, '1000.0000', 'MBAEGBU EZINNE---HG/1944A'),
(314, 173, '1000.0000', 'KEHINDE PROSPER---MSH/3354B'),
(315, 174, '300000.0000', 'Payment for external facade installation at site main building.'),
(316, 175, '1400.0000', 'balance for panla fish that was purchase yesterday'),
(317, 176, '1300.0000', '#1000 for CUG subscription, #100 for SIM card and #200 for transportation to Ogba. '),
(318, 177, '1300.0000', '#1000 for CUG subscription, #200 for transport and #100 for sim card'),
(319, 179, '8000.0000', 'PURCHASE OF WHITE DRUM OF PAINT FOR SITE'),
(321, 178, '57000.0000', 'Payment for TP-LINK 24 port switch for site annex. @28,500 each'),
(322, 180, '1500.0000', 'REFILLING OF HP TONER CARTRIDGE AT H M O OFFICE'),
(323, 180, '20000.0000', 'SUPPLY OF HP LASER JET CARTRIDGE  TONER FOR INPATIENT BILLING DEPARTMENT  '),
(324, 181, '15000.0000', 'Purchase of AC unit wall hanger. 3pcs @5,000 each'),
(325, 182, '35000.0000', 'PAYMENT FOR SCAFFOLDING WORK TO SUPPORT EXTERNAL FACADE TILLING AT SITE MAIN BUILDING  '),
(326, 165, '75000.0000', 'SERVICING OF X-RAY, REPLACEMENT OF TYRES AND TOP TRANSFORMER  TOP UP OIL.'),
(327, 184, '103305.0000', 'Balance payment for suspended ceiling installation at site annex bq. 15%'),
(328, 183, '30000.0000', 'BEING PART PAYMENT OF SCAFFOLDING WORK TO SUPPORT EXTERNAL FACADE TILLING AT SITE MAIN BUILDING '),
(329, 183, '5000.0000', 'BALANCE PAYMENT SHOULD BE PAID AFTER  COMPLETION OF WORRK'),
(330, 185, '800.0000', 'ADDITIONAL PURCHASE OF PADLOCK FOR PETROL  '),
(331, 186, '500.0000', 'ANGLE BRACKET'),
(332, 186, '500.0000', 'AGES TABLE'),
(333, 186, '500.0000', 'GUM'),
(334, 186, '1000.0000', 'CUTTING'),
(335, 186, '6000.0000', 'WORKMANSHIP'),
(336, 186, '500.0000', '2PCS OF CABINET'),
(337, 186, '600.0000', '2PCS OF HANDLE'),
(346, 188, '31200.0000', ' Stampede concrete items for site annex.   \nAnt rust bolt and nuts=65x320=N20800\nM Watcher antirust=130x80=N10400\nTotal=N31200'),
(347, 189, '300.0000', '2 INCHES OF ELBOW'),
(350, 189, '1500.0000', '2 PCS OF MAGIC WASTE'),
(351, 189, '3500.0000', '2 PCS OF 1500'),
(352, 189, '1500.0000', 'SYPHONE'),
(353, 190, '2800.0000', 'MODICATE INJ 10AMPS 280each'),
(354, 191, '18000.0000', 'Purchase of keb2 for stampede work at site annex. N900 each'),
(355, 192, '2800.0000', 'purchase of modicate inj 10amps  280each '),
(359, 195, '4500.0000', 'SYPHONE  ANOTHER BRAND FOR STAFF TOILET '),
(360, 196, '500000.0000', 'Payment on account for civil works at site mainbuilding. N500,000'),
(362, 197, '68000.0000', 'PAYMENT FOR 4 PINTS OF BLOOD------INV NUM    02473'),
(364, 198, '85000.0000', 'PAYMENT OF 5 PINTS OF BLOOD-------INV  NUMB 05343'),
(365, 200, '500.0000', 'ANGLE BRACKET  '),
(366, 200, '500.0000', 'AGES TABLE'),
(367, 200, '500.0000', 'GUM'),
(368, 200, '1000.0000', 'CUTTING OF MBF TO PIECES'),
(369, 200, '500.0000', '2PCS OF CABINET HANGES'),
(370, 200, '600.0000', '2PCS OF HANDLE 300EACH '),
(371, 200, '6000.0000', 'WORKMANSHIP '),
(375, 195, '3000.0000', '2\'\' OF MAGIC WASTE @ ANNEX 1 KITCHEN @ 1500'),
(376, 195, '1500.0000', '1 & HALF BOTTLE TRAP @ SITE'),
(377, 195, '3000.0000', '2PCS OF BASIN TAP @ ANNEX 1 KITCHEN'),
(378, 201, '500.0000', '  UNRIPE PLANTAIN FOR 2 PATIENT IN A Y NEIGHBOR BED 4 AND  ANNEX 2 GENERAL BED 3'),
(379, 201, '1000.0000', 'PATIENT IN ANNEX 1 ORDER FOR CATFISH PEPPER SOUP '),
(380, 201, '150.0000', '3PIECES OF AGIDI  '),
(381, 201, '50.0000', 'SCENT LEAF '),
(382, 201, '800.0000', '4PORTION OF AKARA'),
(383, 201, '2500.0000', '5LOAF OF BREAD'),
(384, 201, '1000.0000', '6SEARCHET OF RAT POISON  '),
(385, 201, '800.0000', '8PIECES OF MATCHES '),
(386, 201, '5000.0000', 'SERVIETTE PAPER @2500 EACH'),
(387, 202, '20000.0000', 'Maintanence of A.Y transformer and the refilling of oil due to oil shortage in the transformer.'),
(388, 203, '1047500.0000', 'PURCHASE OF PAINTING MATERIALS @ A.Y FOR PAINTING THE BUILDING'),
(389, 204, '25000.0000', 'For compassionate leave. '),
(390, 205, '2500.0000', 'Additional 1pcs of AC hanger @ site for installing of AC for Admin staff in site annex'),
(392, 206, '600.0000', 'BREAD '),
(393, 206, '200.0000', 'SCENT LEAF '),
(394, 206, '500.0000', 'UGU'),
(395, 206, '1000.0000', 'VEGETABLE'),
(396, 206, '1000.0000', 'AGIDI '),
(397, 206, '3000.0000', 'ROUND FISH'),
(398, 206, '500.0000', 'EWEDU'),
(399, 206, '15000.0000', 'CATFISH'),
(400, 206, '4000.0000', 'PLANTAIN'),
(401, 206, '2000.0000', 'GRINDING'),
(402, 207, '6000.0000', 'BREAD'),
(403, 207, '200.0000', 'SCENT LEAF'),
(404, 207, '500.0000', 'UGU'),
(405, 208, '4250.0000', 'BRANDING OF BEDSPREAD @ ISALU FOR PATIENT USE IN THE WARD'),
(406, 208, '25000.0000', 'BOOKLETS OF MEAL TICKET FOR STAFF DAILING MEAL @ ISALU'),
(407, 207, '3000.0000', 'VEGETABLE '),
(408, 210, '4500.0000', 'SYPHONE ANOTHER BRAND FOR STAFF TOILET '),
(409, 207, '1000.0000', 'AGIDI'),
(410, 210, '3000.0000', '2\'\' OF MAGIC WASTE @ ANNEX 1 KITCHEN @1500 EACH'),
(411, 207, '3000.0000', 'ROUNDFISH'),
(412, 207, '500.0000', 'EWEDU'),
(413, 207, '15000.0000', 'CATFISH'),
(414, 210, '1500.0000', '1& HALF BOTTLE TRAP @SITE'),
(415, 207, '4000.0000', 'PLANTAIN'),
(416, 207, '2000.0000', 'GRINDING'),
(417, 210, '3000.0000', '2PCS OF BASIN TAP @ ROOM 103 & RECOVERY '),
(418, 212, '1500.0000', 'CASTOR FOR THE WARDROBE FOR BCC '),
(419, 212, '3000.0000', '6PCS CABINET HANGES 500EACH'),
(420, 212, '18000.0000', 'BACK COVER FOR 3 BACK OF WARDROPE '),
(421, 212, '1500.0000', 'SCREW AND NAIL '),
(422, 213, '1000.0000', 'WATER HEATER FLEXIBLE WIRE HOT  FOR ROOM 112'),
(425, 211, '7500.0000', '10PCS OF 15WAT LIGHT LED A&T@750'),
(426, 214, '32000.0000', 'MALARIA KIT 5PACKS @ 6400'),
(427, 215, '700.0000', 'CHANGING OF ONE NEW TYRE'),
(428, 216, '76000.0000', '(I.O.U) PURCHASE OF 2KEGS OF ENGINE OIL @38000 EACH'),
(429, 217, '300.0000', 'PURCHASE OF 1 PACK OF TIGER BATTERY FOR HMO DEPARTMENT'),
(430, 218, '6000.0000', '2 CUBIC METER  OXYGEN  2BOTTLE   3000EACH'),
(431, 218, '6000.0000', '4 CUBIC METER OXYGEN 1BOTTLE OXYGEN 6000EACH '),
(432, 218, '18000.0000', '6 CUBIC METER 2BOTTLES  9000 EACH'),
(433, 218, '4000.0000', 'LOGISTICS AND TRANSPORTATION '),
(434, 219, '1500.0000', 'TRANSPORTATION TO ALLEN AND OBA AKRAN TO PRICE THE PAINT IN THE COMPANY FOR PAINTING OF AY BUILDING'),
(435, 220, '8050.0000', 'Plumbing materials for routing AC pipe from Landlady house to site annex.\n1. 1\" pipe 1500x4=6000\n2. 1\" elbow 150x6=900\n3. 1\" socket 100x4=400\n4. small gum= 800\n5.  1\" clip 150x3=450\nTotal=N8550'),
(436, 221, '2500.0000', 'IRON TAP FOR HOT WATER IN LAUNDRY '),
(437, 222, '8050.0000', 'Payment for piping materials route from Landlady house to site annex. IOU\n1. 1\" pipe 1500x4=6000\n2. 1\" elbow 150x6=900\n3. 1\" socket 100x4=400\n4. 1\" clip150x3=450\n5. small gum= 800\n\nTotal= 8550 IOU'),
(438, 223, '1000.0000', 'TRANSPORTATION TO OJOTA AND ALIEN AVENUE FOR PRICING OF AC  '),
(442, 225, '15000.0000', 'LABOUR FEE FOR BCC TABLES AND WARDROBES FITTING'),
(443, 227, '1000.0000', 'transportation to ojota for pricing of AC for admin staff in site annex '),
(444, 228, '400.0000', 'Transport to bank'),
(445, 229, '4000.0000', 'Installation labour for piping works of routing AC storm drain pipes from Landlady house to site annex.'),
(446, 230, '8050.0000', 'Plumbing materials for routing AC pipe from Landlady house to site annex. 1. 1\" pipe 1500x4=6000 2. 1\" elbow 150x6=900 3. 1\" socket 100x4=400 4. small gum= 800 5. 1\" clip 150x3=450 Total=N8550. We are given N500 discount.'),
(447, 231, '81550.0000', '23.3 OF 40/40 ALUMINUM PROFILE @ 3500'),
(448, 231, '10000.0000', '2 PACKETS OF ALUMINUM @ 5000'),
(449, 231, '42000.0000', '6 LENGHTS OF CURTAIN TRACK @ 7000'),
(450, 231, '52500.0000', '15 PACKETS OF CURTAINS RUNNER @ 3500'),
(451, 231, '60000.0000', '30 YARDS OF CURTAINS MATERIALS @ 2000'),
(452, 231, '33950.0000', 'WORKMANSHIP FOR WORKING @ HMO AND DOCTORS ROOM IN A.Y\nNOTE: WE ARE TO ADVANCE PAYMENT OF #220,000 THEN AFTER WORK DONE WE WILL PAY THE BALANCE '),
(453, 232, '1000.0000', 'ASHIMI ORIYOMI----MSH/874B'),
(454, 232, '1000.0000', 'OLUYEMI OLUWATOBI---F/6591A'),
(455, 232, '1000.0000', 'OLAIYA TEMITAYO---RH/298A'),
(456, 232, '1000.0000', 'ATOKI TAIWO---MSH/1100A'),
(457, 232, '1000.0000', 'NWABUNIE CHIBUZOR---MSH/1303A'),
(458, 232, '1000.0000', 'ANOKAM UCHECHUKWU----HG/2002A'),
(459, 232, '1000.0000', 'KEHINDE PROSPER---MSH/3354B'),
(460, 232, '1000.0000', 'OMOKANYE EYIUCHE---HG/77B'),
(461, 232, '1000.0000', 'YUSUF OLUFUNMILOLA---AMH/66B'),
(462, 232, '1000.0000', 'OLUGA OLAYINKA---MSH/2318A'),
(463, 232, '1000.0000', 'IGUNBOR EFOSA---HG/578B'),
(464, 232, '1000.0000', 'AKANDE OMOBOLANLE---CL/99A'),
(465, 233, '20400.0000', '12 YARDS OF COTTON MATERIALS , ACCESSORIES WITH SEWING @ 1700 IN HMO OFFICE FOR CONVERTING TO THE WARD @ A.Y'),
(466, 234, '250000.0000', 'BEING PAYMENT FOR PR FOR MATERIALS AND TESTING @ SITE'),
(467, 235, '5500.0000', 'BREAD'),
(468, 235, '5000.0000', 'VEGETABLE SOUP'),
(469, 235, '1500.0000', 'GRINDING'),
(470, 235, '26000.0000', 'EGG'),
(471, 235, '500.0000', 'EWEDU'),
(472, 235, '600.0000', 'AKARA'),
(473, 235, '10000.0000', 'YAM'),
(474, 235, '500.0000', 'MOI-MOI FISH'),
(475, 235, '13500.0000', 'PAP'),
(476, 235, '500.0000', 'UZIZA'),
(477, 235, '600.0000', 'HOT DOG'),
(478, 235, '3000.0000', 'PLAINTAIN'),
(479, 235, '120000.0000', 'BEEF'),
(480, 235, '32000.0000', 'GAS'),
(481, 236, '136745.0000', 'SUPPLY OF 5 CARTONS OF M-18D DILUENT 20L @ 27349'),
(482, 236, '27349.0000', '1CARTON OF M-30R RINSE 20L'),
(483, 236, '87021.0000', '3CARTONS OF CFL LYSE 500ML @ 29007'),
(484, 237, '112000.0000', '4CARTONS OF EDTA VACCUTAINER BOTTLE @ 28000'),
(485, 237, '28000.0000', '2 PACKS OF ESR DISPETTE @ 14000'),
(486, 237, '17500.0000', '25 PACKS OF FROSTED SLIDE @ 700'),
(487, 237, '22000.0000', '2 PACKS OF ACCU CHEK LANCET @ 11000'),
(488, 237, '10000.0000', '2 PACKS OF SWAB STICK @ 5000'),
(489, 237, '4000.0000', '2 PACKS OF YELLOW TIPS @ 2000'),
(490, 237, '5000.0000', '2 PACKS OF BLUE TIPS @ 2500'),
(491, 237, '30000.0000', '20 PCS OF ACETATE PAPER @ 1500'),
(492, 237, '56000.0000', '4 PACKS @ HIV DETERMINE @ 14000'),
(493, 237, '37000.0000', '1 CARTON OF PETRI DISH '),
(494, 237, '140000.0000', '10 PACKS OF MALARIA PAN @ 14000'),
(495, 238, '22000.0000', '4 PACKS OF HBSAG DIASPOT @ 5500'),
(496, 238, '16500.0000', '3 PACKS OF HBSAG MICRO POINT @ 5500'),
(497, 238, '90000.0000', '5 PACKS OF PY BLOOD MICRO POINT @ 7500'),
(498, 238, '10000.0000', '1 PACK OF HIV STAT PACK'),
(499, 238, '30000.0000', '4 PACKS OF HCV @ 7500'),
(500, 238, '11000.0000', '2 PACKS OF VDRL DIASPOT @ 5500'),
(501, 238, '15200.0000', '4 PACKS OF COMBI 10 PUS @ 3800'),
(502, 238, '9000.0000', '5 PACKS OF COMBI 3 @ 1800'),
(503, 238, '10000.0000', '5 PACKS OF TONGUE DEPRESSOR @ 2000'),
(504, 238, '15000.0000', '1 CARTON OF VAGINAL SPECULUM MEDIUM'),
(505, 238, '36000.0000', '2 PACKS OF POTASSIUM TECO @ 18000'),
(506, 238, '50000.0000', '2 CARTONS OF UNIVERSAL BOTTLE @ 25000'),
(507, 238, '27000.0000', '3 PACKS OF H-PYLORI MICRO POINT @ 9000'),
(508, 238, '35000.0000', '1 CARTON OF PLAIN VACCUTAINER'),
(509, 238, '40000.0000', '1 PACK OF PROLACTIN ACCUBIND'),
(510, 238, '40000.0000', '1 PACK OF FT4 ACCUBIND'),
(511, 238, '8000.0000', '10 PACKS OF MAXI DISC @ 800'),
(512, 238, '17000.0000', '1 CARTON OF VAGINAL SPECULUM LARGE'),
(513, 240, '28000.0000', '1 CARTON OF GLASS'),
(514, 240, '56000.0000', '4 PACKS OF HPYLORI CTK @ 14000'),
(515, 240, '6000.0000', '1 PACK OF SMALL PASTUER PIPETTE'),
(516, 239, '150000.0000', 'THE SERVICING OF 350KVA GENERATOR @AY'),
(517, 241, '267000.0000', '10 PACKS OF CLOVER A/C CATRIDGE @ 26700'),
(518, 242, '64326.0000', '3 CARTONS OF M52D DILUENT 20L @ 21442'),
(519, 242, '99453.0000', '3 CARTONS OF DIFF LYSE 500ML @ 33151'),
(520, 242, '65637.0000', '3 CARTONS OF M5DLH LYSE 500ML @ 21879'),
(522, 243, '13277.6500', '1 PCS OF ALP 110'),
(523, 243, '87492.0000', '1 PCS OF HDL C 160'),
(524, 243, '25000.0000', '500PCS OF ERBA SAMPLE CUPS @ 50'),
(525, 243, '39972.7100', 'XL MULTICAL'),
(526, 243, '31950.2100', 'ERBA CALCIUM CHLORIDE'),
(527, 244, '1980000.0000', '6PCS OF PANASONIC AC 2HP R410 KU18UKD'),
(528, 245, '3175000.0000', 'SUPPLY OF 5000LITRES OF DIESEL @ 635'),
(529, 246, '800000.0000', '200 BAGS OF CEMENT @ 4000'),
(530, 247, '30000.0000', '2 TRIPS OF CARTAWAY OF SEPTIC TANK @ A.Y @ 15000 AS IOU'),
(531, 248, '12000.0000', 'LABOUR FOR FURNITURE WORK @ BCC CABINET AND TABLE FROM A.Y TO SITE ANNEX'),
(532, 249, '30000.0000', '2PCS OF KEYBOARDS @ 15000 '),
(538, 254, '1000.0000', 'ADDITIONAL PR FOR LUNCH FOR MIKANO'),
(539, 255, '1000.0000', 'ADDITIONAL PR LUNCH FOR MIKANO'),
(540, 258, '25000.0000', '10PCS OF AC HANGER @ 2500'),
(543, 259, '3500.0000', 'TWO KONE'),
(544, 259, '1500.0000', 'TWO RUBBER'),
(545, 260, '1980000.0000', '6PCS OF AC @ 330000'),
(546, 259, '1200.0000', 'FOUR BOLT &NUT'),
(547, 259, '6000.0000', 'WORKMANSHIP'),
(548, 261, '3500.0000', 'TWO KONE'),
(549, 261, '1500.0000', 'TWO RUBBER'),
(550, 261, '1200.0000', 'FOUR BOLT &NUT'),
(551, 261, '6000.0000', 'WORKMANSHIP'),
(552, 262, '3500.0000', 'TWO KONE'),
(553, 262, '1500.0000', 'TWO RUBBER'),
(554, 262, '1200.0000', 'FOUR BOLT & NUT'),
(555, 262, '6000.0000', 'WORKMANSHIP'),
(556, 263, '2500.0000', 'IMMUNIZATION FEE'),
(557, 264, '12000.0000', 'LABOUR FOR FURNITURE WORK @ BCC FROM A.Y TO ISALU'),
(558, 266, '3175000.0000', 'SUPPLY OF 5000LITRES OF DIESEL @ 635'),
(559, 267, '3000.0000', 'PURCHASE OF 2MTR OF OXYGEN 1 BOTTLE '),
(560, 267, '12000.0000', 'PURCHASE OF 4MTRS  OF OXYGEN 2 BOTTLES @ 6000 EACH '),
(561, 267, '3000.0000', 'LOGISTICS AND TRANSPORTATION '),
(562, 268, '914505.0000', 'Payment for waterproofing works at  Site Mainbuilding and Site Annex.'),
(563, 269, '1000.0000', 'PR FOR LUNCH FOR MIKANO'),
(564, 270, '42000.0000', 'PURCHASE OF 1PCS OF TYRE FOR HILUX CAR WITH INVOICE NUMBER 0004307'),
(566, 271, '7500.0000', 'PURCHASE OF 10PCS OF 15W LED AKT @ 750 WITH INVOICE NUMBER 000241'),
(568, 272, '18500.0000', 'REPLACEMENT OF FUSER UNITS (COMPLETE) 1PCS'),
(569, 272, '6000.0000', 'REPAIRING OF POWER BOARD '),
(570, 272, '2500.0000', 'LABOUR FOR REPAIR OF PRINTER FUSER UNIT'),
(571, 272, '0.0000', 'NOTE : BEING PAYMENT FOR REPAIR OF ONE HP LASERJET PRO 400 PRINTER @ HR OFFICE WITH INVOICE NUMBER 001186'),
(572, 273, '26000.0000', '4PCS OF 8PORTS SWITCH @ SITE ANNEX @ 6500(IOU)'),
(574, 274, '32000.0000', '40BOOKS OF PRESCRIPTION SHEET @ 800 \nACCOUNT NUMBER IS 0003600594'),
(577, 277, '13000.0000', '2PCS OF OIL FILTER FOR SERVICING OF 135KVA GEN. SET IN AY @6500 WITH INVOICE NUMBER 0005358'),
(578, 277, '13600.0000', '2PCS OF PRIMARY AND SECONDARY FUEL FILTER @ 6800'),
(579, 277, '40000.0000', '25LITRES OF ENGINE OIL @ 1600'),
(580, 277, '5000.0000', 'TRANSPORTATION AND CLEANING MATEND FOR SERVICING'),
(581, 277, '5000.0000', 'LABOUR FOR SERVICING OF GEN. SET IN AY'),
(582, 278, '800.0000', 'Transport fare to Greenbay HMO'),
(583, 279, '910000.0000', '70% OF MINOR THEATER AND MAJOR THEATER @ SITE FOR MOBILIZATION OF WORK'),
(584, 280, '20000.0000', '2PCS OF ENGINE COIL @ 10000'),
(585, 280, '3000.0000', 'LABOUR FOR REPAIR OF MD/ CEO CAR\'S '),
(586, 281, '1000.0000', 'OSUNLETI ADEBISI P/9869'),
(587, 281, '1000.0000', 'ATOKI TAIWO MSH/1100A'),
(588, 281, '1000.0000', 'MOMAH JUDE HG/1510A'),
(589, 281, '1000.0000', 'IMAJI FARUNA F/9445B'),
(590, 281, '15000.0000', 'FANNY FELIX OLUWAMAYOWA MSH/5645A'),
(591, 282, '15000.0000', 'PAINTING OF HMO /BCC OFFICE AND DOCTOR\'S ROOM'),
(592, 283, '68000.0000', 'Payment for 4pints of blood (sixty eight thousand naira only). INV NUMB: 001641'),
(593, 284, '550000.0000', 'PAYMENT FOR CUBICLE PARTITIONING FOR CHANGING ROOM AT SITE ANNEX '),
(594, 285, '100000.0000', 'PAYMENT FOR SIGNAGE POST AT SITE ANNEX.'),
(595, 286, '80000.0000', '60% ADVANCE PAYMENT OF TOTAL SUM OF 100,000 FOR SIGNAGE POST AT SITE'),
(596, 287, '17727.9000', 'COMMISSION ON REFERRAL 10% PATIENT NAME ANTIGA DANIEL'),
(597, 288, '17727.9000', 'COMMISSION ON REFERRAL 10% PATIENT NAME ANTIGA DANIEL'),
(599, 290, '5000.0000', 'Wedding stipend given to staff'),
(600, 291, '25000.0000', 'Unpaid salary'),
(601, 292, '15000.0000', 'FANNY FELIX OLUWAMAYOWA  MSH/5645A'),
(602, 292, '1000.0000', 'OSUNLETI ADEBISI P/9869'),
(603, 292, '1000.0000', 'ATOKI TAIWO MSH/1100A'),
(604, 292, '1000.0000', 'MOMAH JUDE HG/1510A'),
(605, 292, '1000.0000', 'IMAJI FARUNA F/9445B'),
(606, 294, '500.0000', '3 coke     450\n1 biscuit    50'),
(607, 294, '500.0000', '3 coke     450\n1 biscuit  50'),
(608, 293, '600.0000', 'Transport to bank on the 24th and 25th May 2O22'),
(609, 295, '3000.0000', 'LABOUR FEES FOR FIXING OF WATER HEATER IN ROOM 204'),
(610, 296, '60000.0000', 'BALANCE PAYMENT FOR PARTITIONING OF HMO OFFICE @ AY'),
(611, 296, '20400.0000', 'PAYMENT FOR 12YRDS OF CURTAIN  MATERIALS AND ACCESSORIES FOR PARTITIONING . '),
(612, 297, '2000.0000', 'ADDITIONAL PAYMENT FOR VEHICLE TO EMPTY SEPTIC TANK IN AY  '),
(613, 298, '80000.0000', 'RADIO INSTALLATION'),
(614, 299, '96000.0000', 'Being registration number payment for the two newly bought Toyota sienna (48,000 each)'),
(615, 300, '96000.0000', 'Being payment for registration number for the two newly bought Toyota Sienna Wagon (48,000 per one)'),
(616, 302, '80000.0000', 'RADIO INSTALLATION FOR ANNEX2'),
(617, 301, '15000.0000', 'PAYMENT FOR EXTRA WORK DONE. REQUESTED BY MD '),
(618, 303, '9000.0000', '2SET OF CABLE FOR TENS AND EMS  @ 4000 AND TRANSPORTATION IS 1000'),
(619, 304, '150000.0000', 'PART PAYMENT FOR PAINTING OF AY BUILDING IN ISALU'),
(620, 305, '3000.0000', 'FURNITURE WORK @ MD/CEO HOUSE (BED REPAIR)'),
(621, 306, '120000.0000', '150PCS OF ABDOMINAL MOP @ 800'),
(622, 307, '21600.0000', '12PCS OF WALL HANGERS @ 1800'),
(624, 310, '2000.0000', 'WELDERING OF GREENHIGHLANDER SALENCER'),
(627, 311, '1050000.0000', 'Payment for refurbishment and equipment renovation for the Toyota ambulance. 70% upfront payment'),
(629, 312, '2600.0000', 'PURCHASE OF MOBIL OIL FOR HILUX'),
(630, 313, '5000.0000', '2LABOUR FOR MOVING OF PLASTERING SAND TO 1 - 3 FLOOR '),
(631, 308, '50000.0000', 'IOU PURCHASE OF 2 PINTS OF O negative blood'),
(632, 314, '5000.0000', '2 LABOUR FOR CLEARING OF BASEMENT AND OTHER WORKS'),
(633, 318, '2000.0000', 'FOR MOLTIVATE ABU AND ABDULAHI '),
(634, 317, '50000.0000', 'IOU PURCHASE OF 2PINTS OF O NEGATIVE BLOOD'),
(635, 316, '1600.0000', '2loafs of bread for 4 patients  and 3portion of Akara for 3 patients.'),
(636, 319, '167900.0000', 'PURCHASE OF 2 CWAY WATER DISPENSER@ 83950 FOR SITE ANNEX'),
(637, 320, '2000.0000', 'MOTIVATION FOR ABU AND ABDULLAHI ON ASSET RELOCATION SUPPORT'),
(638, 321, '1000.0000', 'AKANDE OMOBOLANLE ---CL/99A'),
(640, 321, '1000.0000', 'IGUNBOR EFOSA -----HG/578B'),
(641, 321, '1000.0000', 'OLUGA OLAYINKA MSH/2318A'),
(642, 321, '1000.0000', 'YUSUF OLUFUNMILOLA AMH/66B'),
(643, 321, '1000.0000', 'OMOKANYE EYIUCHE HG/77B'),
(644, 321, '1000.0000', 'KEHINDE PROSPER MSH/3354B'),
(645, 321, '1000.0000', 'ANOKAM UCHECHI HG/2002A'),
(646, 321, '1000.0000', 'NWABUNIE CHIBUZOR MSH/1303A'),
(647, 321, '1000.0000', 'ATOKI TAIWO MSH/1100A'),
(648, 321, '1000.0000', 'OLAIYA TEMITAYO RH/298A'),
(649, 321, '1000.0000', 'OLUYEMI OLUWATOBI F/6591A'),
(650, 321, '1000.0000', 'ASHIMI ORIYOMI MSH/874B'),
(651, 324, '7000.0000', 'SOWING OF 2PCS OF MARKING TOUCH (OLD MARKING CONVERTING TO SMALL MARKING TOUCH FOR ROOM 113(HMO)'),
(653, 325, '15000.0000', 'CAT FISH'),
(654, 325, '1000.0000', 'AGIDI'),
(657, 326, '15000.0000', 'CAT FISH'),
(658, 326, '1000.0000', 'AGIDI'),
(659, 326, '3000.0000', 'EJA KIKA'),
(660, 326, '500.0000', 'EWEDU'),
(661, 326, '4000.0000', 'PLAINTAIN'),
(662, 326, '500.0000', 'UGU'),
(663, 326, '3000.0000', 'EFOR'),
(664, 326, '6000.0000', 'BREAD'),
(665, 326, '200.0000', 'SCENT LEAF'),
(666, 326, '2000.0000', 'GRINDING'),
(667, 326, '500.0000', 'SPRING ONIONS'),
(668, 326, '1300.0000', 'OKRO'),
(669, 327, '1000.0000', 'TRANSPORTATION FOR FOLLOWING THE LOGISTIC TO MUSHIN TO THE OFFICE(AMBULANCE)'),
(670, 328, '600.0000', 'Transport to bank for 26th and 27th May 2022'),
(674, 331, '129000.0000', '3DRUMS OF AGELESS SARTIN 2887A PAINT FOR INTERNAL PAINTING @ 43000'),
(675, 331, '129000.0000', '3 DRUMS OF AGELESS SARTIN 2885D @ 43000'),
(676, 331, '129000.0000', '3 DRUMS OF AGELESS SARTIN WHITE@43000'),
(677, 331, '12000.0000', '1 PCS OF AGELESS OF GLOSS BLACK @ 12000'),
(678, 332, '5000.0000', 'stipend for compassionate leave'),
(679, 333, '117000.0000', '6DRUMS OF AGELESS EMULSION WHITE PAINT DOR PAINTING OF EXTERNAL BUILDING @ AY AND THE PAYMENT IS IN ADVANCE BUT THEY WILL BRING THE MATERIALS TO NIGHT(IOU)'),
(680, 333, '72000.0000', '6 GALLONS OF PAINT FOR AY BUILDING (IOU) @ 12000'),
(681, 333, '129000.0000', '3 DRUMS OF AGELESS SARTIN @ 43000 FOR PAINTING OF INTERNAL (IOU)'),
(682, 334, '82500.0000', 'Being payment for the purchase of refreshment for 55 staff (1500 per one)'),
(683, 333, '129000.0000', '3 DRUMS OF AGELESS SARTIN @43000 (IOU)'),
(684, 333, '129000.0000', '3DRUMS OF AGELESS SARTIN PAINT @ 43000 WHITE (IOU)'),
(685, 333, '12000.0000', '1GALLONS OF AGELESS GLOSS BLACK (IOU)'),
(686, 335, '21600.0000', '12PCS OF WALL HANGER @ 1800 (IOU) FOR HOSPITALS USE'),
(687, 338, '5000.0000', 'stipend for lost of Dad'),
(688, 339, '10000.0000', 'PAYMENT TO DR AYETERU FOR HER COMING WHEN INVITED,EVEN THOUGH THE PATIENT DELIVERED BEFORE  HER ARRIVAL'),
(689, 340, '65000.0000', 'Payment for additional door for Annex BQ for drug store entry at site annex'),
(690, 341, '15000.0000', 'CAT FISH'),
(691, 341, '1000.0000', 'AGIDI'),
(692, 341, '3000.0000', 'EJA KIKA'),
(693, 341, '500.0000', 'EWEDU'),
(694, 341, '4000.0000', 'PLAINTAIN'),
(695, 341, '500.0000', 'UGU'),
(696, 341, '3000.0000', 'EFOR'),
(697, 341, '6000.0000', 'BREAD'),
(699, 341, '200.0000', 'SCENT LEAF'),
(700, 341, '2000.0000', 'GRINDING'),
(701, 341, '500.0000', 'SPRING ONIONS'),
(702, 341, '1300.0000', 'OKRO'),
(703, 342, '5000.0000', 'Stipend for lost of parent'),
(704, 343, '38000.0000', 'OIL FOR GEN ANNEX 2'),
(705, 344, '72720.0000', 'GMAIL SUBSRIPTION FOR THE MONTH OF MAY'),
(707, 346, '20000.0000', 'BCC INTERNET ROUTER SUBSCRIPTION FOR A MONTH'),
(708, 347, '62000.0000', 'CUG SUBSCRIPTION FOR THE MONTH OF JUNE, 2022\n1	MD	8172001518	 1,000.00 \n2	HRM	8172001519	 1,000.00 \n3	Matron	8172001521	 1,000.00 \n4	WARD MANAGER SUPERVISOR	8093930671	 1,000.00 \n5	OPD NURSING STATION AY	8172025729	 1,000.00 \n6	WARD MANAGER	8172001523	 1,000.00 \n7	A1 NURSING STATION	8179365561	 1,000.00 \n8	AY 2 NURSING STATION	8172025730	 1,000.00 \n9	NURSING A3	8179385702	 1,000.00 \n10	NURSERY	8171057209	 1,000.00 \n11	ANNEX1 UP	9090691681	 1,000.00 \n12	ANNEX 1DOWN	9090708560	 1,000.00 \n13	THEATRE (1)	8093930906	 1,000.00 \n14	RECOVERY ROOM	8171057206	 1,000.00 \n15	ANNEX 2 NURSES	8179366619	1,000.00\n16	EMERGENCY AY NURSES	8179366618	1,000.00\n17	P.A OPERATIONS	9090703755	 1,000.00 \n18	PROCUREMENT DEPT	8188267936	 1,000.00 \n19	AMBULANCE DRIVER	8093930771	 1,000.00 \n20	SIENNA DRIVER	8172002265	 1,000.00 \n21	KEKE NAPEP	8172002239	 1,000.00 \n22	Mr. Raji	8172002263	 1,000.00 \n23	MRS OJUROYE	8172002261	 1,000.00 \n24	MR. Afolayan	8172001526	 1,000.00 \n25	HMO	8172002259	 1,000.00 \n26	MRS OLATONA	8172001524	 1,000.00 \n27	QUALITY ASSURANCE  -  GINA	8093938344	 1,000.00 \n28	HELP DESK	8172001522	 1,000.00 \n29	APPROVAL	9090398308	 1,000.00 \n30	ADMISSION BILLING UNIT	9095338059	 1,000.00 \n31	ISALU HOTLINE	8099902223	 1,000.00 \n32	ACCOUNT	8180422908	 1,000.00 \n33	MR PAUL	8172001528	 1,000.00 \n34	LAB	8172002268	 1,000.00 \n35	PHARMACY HOD	8172001530	 1,000.00 \n36	GENERAL WARD	8188267932	 1,000.00 \n37	PHARMACY GENERAL (OFFICE)	8172001529	 1,000.00 \n38	IN PATIENT PHARMACY	8172001537	 1,000.00 \n39	PHARMACY STORE	9095994010	 1,000.00 \n40	OPD HOUSEKEEPER	8172001532	 1,000.00 \n41	ANNEX 1 HOUSEKEEPER	8175047340	 1,000.00 \n42	KITCHEN AY	8172001534	 1,000.00 \n43	ANNEX 1KITCHEN	8175047353	 1,000.00 \n44	ANNEX 2 KITCHEN	8179366622	1,000.00\n45	MAINTENANCE ANNEX	8093930767	 1,000.00 \n46	MAINTENANCE AY	8093930762	 1,000.00 \n47	AY SECURITY	8093930603	 1,000.00 \n48	SECURITY ANNEX 2	8093930850	 1,000.00 \n49	SECURITY SITE	8180098123	 1,000.00 \n50	WARDROUND DOCTOR	9095994080	 1,000.00 \n51	NEW CALL DOCTOR	8096938058	 1,000.00 \n52	RADIOLOGY AND IMAGING DEPT	8183475654	 1,000.00 \n53	AUDITOR	8093077590	 1,000.00 \n54	AUDITOR ASSISTANT	8179366616	 1,000.00 \n55	IT HOD	8090909570	 1,000.00 \n56	IT DEPT (OFFICE)	8180098124	 1,000.00 \n57	AY HOUSEKEEPER 	8093930768	 1,000.00 \n58	ANNEX 2 HOUSEKEEPER	8093930788	 1,000.00 \n59	HR OFFICER	9090703734	 1,000.00 \n60	ASSIST FACILITY MANAGER	8090179789	 1,000.00 \n61	QUICKBOOK	8179366621	1,000.00\n62	QUALITY CONTROL	8179366611	1,000.00\n	TOTAL		 62,000.00 \n'),
(709, 348, '62000.0000', 'CUG SUBSCRIPTION FOR THE MONTH OF JUNE, 2022\n1	MD	8172001518	 1,000.00 \n2	HRM	8172001519	 1,000.00 \n3	Matron	8172001521	 1,000.00 \n4	WARD MANAGER SUPERVISOR	8093930671	 1,000.00 \n5	OPD NURSING STATION AY	8172025729	 1,000.00 \n6	WARD MANAGER	8172001523	 1,000.00 \n7	A1 NURSING STATION	8179365561	 1,000.00 \n8	AY 2 NURSING STATION	8172025730	 1,000.00 \n9	NURSING A3	8179385702	 1,000.00 \n10	NURSERY	8171057209	 1,000.00 \n11	ANNEX1 UP	9090691681	 1,000.00 \n12	ANNEX 1DOWN	9090708560	 1,000.00 \n13	THEATRE (1)	8093930906	 1,000.00 \n14	RECOVERY ROOM	8171057206	 1,000.00 \n15	ANNEX 2 NURSES	8179366619	1,000.00\n16	EMERGENCY AY NURSES	8179366618	1,000.00\n17	P.A OPERATIONS	9090703755	 1,000.00 \n18	PROCUREMENT DEPT	8188267936	 1,000.00 \n19	AMBULANCE DRIVER	8093930771	 1,000.00 \n20	SIENNA DRIVER	8172002265	 1,000.00 \n21	KEKE NAPEP	8172002239	 1,000.00 \n22	Mr. Raji	8172002263	 1,000.00 \n23	MRS OJUROYE	8172002261	 1,000.00 \n24	MR. Afolayan	8172001526	 1,000.00 \n25	HMO	8172002259	 1,000.00 \n26	MRS OLATONA	8172001524	 1,000.00 \n27	QUALITY ASSURANCE  -  GINA	8093938344	 1,000.00 \n28	HELP DESK	8172001522	 1,000.00 \n29	APPROVAL	9090398308	 1,000.00 \n30	ADMISSION BILLING UNIT	9095338059	 1,000.00 \n31	ISALU HOTLINE	8099902223	 1,000.00 \n32	ACCOUNT	8180422908	 1,000.00 \n33	MR PAUL	8172001528	 1,000.00 \n34	LAB	8172002268	 1,000.00 \n35	PHARMACY HOD	8172001530	 1,000.00 \n36	GENERAL WARD	8188267932	 1,000.00 \n37	PHARMACY GENERAL (OFFICE)	8172001529	 1,000.00 \n38	IN PATIENT PHARMACY	8172001537	 1,000.00 \n39	PHARMACY STORE	9095994010	 1,000.00 \n40	OPD HOUSEKEEPER	8172001532	 1,000.00 \n41	ANNEX 1 HOUSEKEEPER	8175047340	 1,000.00 \n42	KITCHEN AY	8172001534	 1,000.00 \n43	ANNEX 1KITCHEN	8175047353	 1,000.00 \n44	ANNEX 2 KITCHEN	8179366622	1,000.00\n45	MAINTENANCE ANNEX	8093930767	 1,000.00 \n46	MAINTENANCE AY	8093930762	 1,000.00 \n47	AY SECURITY	8093930603	 1,000.00 \n48	SECURITY ANNEX 2	8093930850	 1,000.00 \n49	SECURITY SITE	8180098123	 1,000.00 \n50	WARDROUND DOCTOR	9095994080	 1,000.00 \n51	NEW CALL DOCTOR	8096938058	 1,000.00 \n52	RADIOLOGY AND IMAGING DEPT	8183475654	 1,000.00 \n53	AUDITOR	8093077590	 1,000.00 \n54	AUDITOR ASSISTANT	8179366616	 1,000.00 \n55	IT HOD	8090909570	 1,000.00 \n56	IT DEPT (OFFICE)	8180098124	 1,000.00 \n57	AY HOUSEKEEPER 	8093930768	 1,000.00 \n58	ANNEX 2 HOUSEKEEPER	8093930788	 1,000.00 \n59	HR OFFICER	9090703734	 1,000.00 \n60	ASSIST FACILITY MANAGER	8090179789	 1,000.00 \n61	QUICKBOOK	8179366621	1,000.00\n62	QUALITY CONTROL	8179366611	1,000.00\n	TOTAL		 62,000.00 \n'),
(710, 349, '3000.0000', 'TRANSPORT TO\nCBN (TINUBU SQUARE)\nTOP CRUST (AGIDINGBI)\nSLOT (IKEJA)\nADRON HOMES (OMOLE)'),
(711, 350, '100000.0000', 'Payment on account for tiling works site annex. Micheal Awokojo'),
(712, 351, '38000.0000', 'PURCHASE OF ENGINE OIL FOR GENERATOR @ANNEX 2'),
(713, 352, '38000.0000', 'ADDITIONAL ENGINE OIL FOR GENERATOR AT ANNEX 2'),
(714, 353, '68000.0000', 'PAYMENT FOR 4PINTS OF BLOOD   (INV ----NUMB    05208'),
(715, 354, '39000.0000', '(I.O.U) PURCHASE OF ENGINE OIL @ ANNEX 2'),
(716, 355, '39000.0000', 'PURCHASE OF ADDITIONAL ENGINE OIL (I.O.U)'),
(717, 356, '1000.0000', 'AJAYI OLUSOJI'),
(718, 356, '1000.0000', 'OREGUNWA OLABISI MBO/05A'),
(719, 356, '1000.0000', 'ARIYO EYITAYO ZM/90A'),
(720, 356, '1000.0000', 'ANOKAM UCHECHUKWU HG/2002A'),
(721, 356, '1000.0000', 'DAWODU ADEYINKA MSH/3741A'),
(722, 356, '1000.0000', 'ITODO CHIEMEZUE HG/7676A'),
(723, 356, '1000.0000', 'AKINDELE CLARA MSH/6534A'),
(724, 356, '1000.0000', 'UMAR MUSA F/670A'),
(725, 357, '249000.0000', 'Hikvision DS-2CD1143GO-4mp dome @N41500 each 6pcs for site annex.'),
(726, 356, '1000.0000', 'AKINDIPE FRANCISCA AVO/189A'),
(727, 356, '1000.0000', 'OKOEBOR MOSES MSH/5489B'),
(728, 356, '1000.0000', 'OLAIYA TEMITAYO RH/298A'),
(729, 356, '1000.0000', 'OLUGA OLAYINKA MSH/2318A'),
(730, 357, '166000.0000', 'Hikvision DS-2CD1143GO-1 Bullet @N41500 each 4pcs for site annex'),
(731, 356, '1000.0000', 'YUSUF OLUFUNMILOLA AMH/66B'),
(732, 358, '17000.0000', 'PR FOR PRAYER AT THE NEW SITE ANNEX'),
(733, 357, '84000.0000', 'Lan balun @N2800 each 30pcs for site annex'),
(734, 357, '88000.0000', 'Hikvision DS-760BNI-Q2 NVR, @N88,000 each 1pcs for site annex'),
(735, 359, '24527.0000', 'Balance payment for 347 tilles milling for external facade works at site mainbuilding.'),
(736, 360, '900.0000', 'Transport to bank on the 24th, 25th and 30th May 2022'),
(737, 360, '900.0000', 'Transport to bank on the 24th, 25th and 30th May 2022'),
(738, 362, '900.0000', 'Being transport to bank on the 24th, 25th and 30th May 2022'),
(740, 363, '15000.0000', 'PURCHASE OF 5 GALLON OF THINNER @3000'),
(742, 363, '4800.0000', 'PURCHASE OF 1CARTON OF POLY-FILLAR @4800'),
(743, 365, '8000.0000', 'PURCHASE OF 1DRUM OF WHITE PAINT FOR SITE@8000'),
(744, 364, '93000.0000', '1) PAYMENT FOR 4 PINTS OF POSITIVE BLOO(68000)INV NUMB  \n  05213                                                                                                                                    2) PAYMENT FOR 1 PINTS OF O NEGATIVE BLOOD(25000) INV NUMB--05213'),
(745, 367, '68000.0000', 'PAYMENT FOR 4 PINTS OF POSITIVE BLOOD  INV NUMB 00018'),
(746, 366, '5000.0000', 'REPAIR OF MR RAJI  CHAIR BY FIXING HYDRAULIC GAS PIPE '),
(747, 366, '152000.0000', 'PURCHASE OF 4PCS OF CHAIR (3CHAIRS FOR PROCUREMENT DEPARTMENT 1CHAIR FOR HR DEPARTMENT)'),
(748, 368, '40000.0000', 'Rewining of coil for hoist machine at site mainbuilding.'),
(749, 368, '9000.0000', 'Fixing of bearing 2pcs for hoist machine at site mainbuilding'),
(750, 368, '1000.0000', 'Grease for hoist machine at site mainbuilding'),
(751, 368, '6000.0000', 'Transportation for repair of hoist machine at site mainbuilding'),
(752, 368, '9000.0000', 'Labour for repair of hoist machine for site mainbuilding'),
(753, 369, '8000.0000', 'PURCHASE OF 1DRUM OF WHITE PAINT @ 8000 FOR SITE ANNEX'),
(754, 371, '6000.0000', '2 bottles of 2mtrs @3000 each '),
(755, 371, '6000.0000', '1 bottles of 4 mtrs @ 6000 each '),
(756, 372, '4200.0000', 'PURCHASE OF GLOSS PAINT FOR SITE ANNEX'),
(757, 373, '15000.0000', 'PURCHASE OF 5GALLON OF THINA '),
(758, 373, '4800.0000', 'PURCHASE OF 1CARTON OF POLY-FILLA FOR SITE ANNEX'),
(759, 374, '8000.0000', 'THE REPAIR OF DOORS FOR ROOM 203,103,205 AND RECOVERY TOILET DOOR'),
(760, 375, '1600.0000', '4CABINET INCHES @400'),
(761, 375, '1000.0000', 'ONE BOTTLE GUM'),
(762, 376, '2000.0000', 'three loafs of bread  (1500) and plantain (500) '),
(763, 375, '1000.0000', 'AGES TAP 10YARDS @1000'),
(764, 375, '1500.0000', 'CUTTING OF BOARD'),
(765, 375, '12000.0000', 'WORKMANSHIP'),
(766, 377, '4000.0000', 'TOMATOES'),
(767, 377, '10000.0000', 'EGG'),
(768, 377, '2000.0000', 'TATASHE'),
(769, 377, '1000.0000', 'PLAINTAIN'),
(770, 377, '1500.0000', 'GRINDING'),
(771, 377, '1500.0000', 'CARROT'),
(772, 377, '4000.0000', 'PALM OIL'),
(773, 377, '6000.0000', 'BREAD'),
(774, 377, '500.0000', 'GREEN PEPPER '),
(775, 377, '30000.0000', 'BEEF'),
(776, 378, '93000.0000', '(1) PAYMENT FOR 4 PINTS OF BLOOD(68000) ----INV NUMB 05213           (2)  PAYMENT FOR 1 PINT OF O NEGATIVE BLOOD(25000) ----INV NUMB   05215'),
(777, 379, '1000.0000', 'BALOGUN IYIOLUWA HG/3450A'),
(778, 379, '1000.0000', 'ADEYA OLUKEMI AMH/13A'),
(779, 379, '1000.0000', 'OSUNLETI ADEBISI P/9869'),
(780, 379, '1000.0000', 'ATOKI TAIWO MSH/1100A'),
(781, 379, '1000.0000', 'KANU CHIDI F/9577D'),
(782, 379, '1000.0000', 'UMAR MUSA F/670A'),
(783, 379, '1000.0000', 'AKANDE OMOBOLANLE CL/99A'),
(784, 379, '1000.0000', 'AKINDIPE FRANCISCA AVO/189A'),
(785, 379, '1000.0000', 'MBAEGBU EZINNE HG/1944A'),
(786, 379, '1000.0000', 'OLUSEGUN CHRISTIANA LH/125A'),
(787, 379, '1000.0000', 'IMAJI FARUNA F/9445B'),
(788, 380, '39000.0000', 'PACKING OF WASTE @SITE MAIN BUILDING'),
(789, 381, '4000.0000', 'AGIDI / EKO 80PCS @ 50'),
(790, 381, '10000.0000', 'BAWA 1BAG '),
(791, 381, '500.0000', 'BAYLEAF 1PACK'),
(792, 381, '32000.0000', 'BEANS OLO 2 HALF BAG'),
(793, 381, '33000.0000', 'BEANS OLOYIN HALF BAG'),
(794, 381, '300000.0000', 'MEAT FOR A MONTH'),
(795, 381, '66500.0000', 'BREAD 133LOAVES @500'),
(796, 381, '6000.0000', 'CABBAGE'),
(797, 381, '8000.0000', 'CARRIER OF LOAD'),
(798, 381, '13000.0000', 'CARROT'),
(799, 381, '72800.0000', 'CHICKEN 4CARTONS @ 18200'),
(800, 381, '8000.0000', 'CRAY FISH 2PAINTS @ 4000'),
(801, 381, '2000.0000', 'CUCUMBER'),
(802, 381, '6000.0000', 'DRY FISH'),
(803, 381, '6100.0000', 'DRY PEPPER'),
(804, 381, '104000.0000', 'EGG 52 CRATES @2000'),
(805, 381, '34500.0000', 'ELUBO 3GARAWA @ 11500'),
(806, 381, '20600.0000', 'EGUSI 8PAINTS @ 2575'),
(807, 381, '2000.0000', 'MOIMOI FISH'),
(808, 381, '30000.0000', 'YELLOW GARI 2 & HALF BAG '),
(809, 381, '96000.0000', 'GAS 3CYLINDER @ 32000'),
(810, 381, '4000.0000', 'GRANDNULATED SUGAR 2PAINTS @ 2000'),
(811, 381, '10000.0000', 'GRINDING OF PEPPE'),
(812, 381, '2000.0000', 'LOCUST BEANS'),
(813, 381, '1000.0000', 'LETTUCE'),
(814, 381, '800.0000', 'MATCHES'),
(815, 381, '6000.0000', 'MOIMOI LEAVES 2DOZENS @ 3000'),
(816, 381, '10000.0000', 'NYLON'),
(817, 381, '60000.0000', 'CATFISH 60KG @ 15000'),
(818, 381, '14250.0000', 'OGBONO 1&PAINT'),
(819, 381, '8000.0000', 'OKRO'),
(820, 381, '12000.0000', 'ONIONS A BAG'),
(821, 381, '66000.0000', 'PALM OIL 3KEGS @ 22000'),
(822, 381, '82000.0000', 'PANLA FISH 4CARTONS @ 20500'),
(823, 381, '54000.0000', 'PAP FOR A MONTH (16NYLONS @ 13500)'),
(824, 381, '1200.0000', 'PEPPER SOUP SPICES'),
(825, 381, '22000.0000', 'PLAINTAIN'),
(826, 381, '5000.0000', 'POTATOES'),
(827, 381, '5000.0000', 'POMO'),
(828, 381, '3450.0000', 'POUNDO YAM 3PCS @1150'),
(829, 381, '3450.0000', 'POUNDO YAM 3PCS @1150'),
(830, 381, '3450.0000', 'POUNDO YAM 3PCS @1150'),
(831, 381, '3450.0000', 'POUNDO YAM 3PCS @1150'),
(832, 381, '3450.0000', 'POUNDO YAM 3PCS @1150'),
(833, 381, '3450.0000', 'POUNDO YAM 3PCS @1150'),
(834, 381, '3450.0000', 'POUNDO YAM 3PCS @1150'),
(835, 381, '5700.0000', 'RED KIDNEY 1PACK'),
(836, 381, '137500.0000', 'RICE 5BAGS @ 27500'),
(837, 381, '8200.0000', 'GREEN RODO A BAG'),
(838, 381, '26000.0000', 'RODO A BAG'),
(839, 381, '2000.0000', 'RUNNERS BEANS'),
(840, 381, '1400.0000', 'SALT 2PAINTS @ 700'),
(841, 381, '1000.0000', 'SCENT LEAF'),
(842, 381, '20800.0000', 'SEMO 4BAGS @5200'),
(843, 381, '5000.0000', 'SPRING ONION'),
(844, 381, '10000.0000', 'STOCK FISH'),
(845, 381, '10000.0000', 'TATASHE A BAG'),
(846, 381, '2500.0000', 'THYME A CARTON'),
(847, 381, '40000.0000', 'TOMATOES 3BASKETS @ 13,333'),
(848, 381, '7500.0000', 'TRANSPORT FARE'),
(849, 381, '2000.0000', 'UGWU'),
(850, 381, '20000.0000', 'VEGETABLE SOUP'),
(851, 381, '2000.0000', 'UZIZA'),
(852, 381, '12000.0000', 'VEGETABLE'),
(853, 381, '8000.0000', 'WASTE BIN NYLON HALF CARTON'),
(854, 381, '12000.0000', 'WHEAT 7PAINTS @ 1714'),
(855, 381, '40000.0000', 'YAM FOR A MONTH'),
(856, 381, '57000.0000', 'INDOMIE 15CARTONS @ 3800'),
(857, 381, '8600.0000', 'SALAD CREAM 6BOTTLES @1,433.33'),
(858, 381, '4500.0000', 'GREEN PEAS HALF PACK'),
(859, 381, '34000.0000', 'HOLLANDIA MILK 10CARTONS @ 3400'),
(860, 381, '21000.0000', 'INDUSTRIAL BUTTER A CARTON'),
(861, 381, '2500.0000', 'LIPTON TEA HALF PACK'),
(862, 381, '43000.0000', 'MAGGI 2CATONS @21500'),
(863, 381, '14000.0000', 'MILO SACHET A CARTON'),
(864, 381, '28400.0000', 'PEAK MILK SACHET 2 CARTONS @14200'),
(865, 381, '6000.0000', 'QUAKER OAT'),
(866, 381, '7500.0000', 'SERVITTE 3PACKS @ 2500'),
(867, 381, '48600.0000', 'SPAGETTI 7PAINTS @6943'),
(868, 381, '15000.0000', 'SACHET SUGAR HALF CARTON'),
(869, 381, '6000.0000', 'SWEET CORN A PACK'),
(870, 381, '10000.0000', '3CROWN SACHET A CARTON'),
(871, 381, '21500.0000', 'TIN TOMATOES 1 & HALF CARTON'),
(872, 381, '145000.0000', 'VEGETABLE 5KEGS @ 29000'),
(873, 381, '12000.0000', 'ROUND FISH'),
(874, 381, '4000.0000', 'AKARA'),
(875, 381, '6000.0000', 'MISCELLENOUS'),
(876, 381, '0.0000', 'KITCHEN BUDGET FOR THE MONTH OF JUNE 2022.'),
(879, 386, '21679.0000', '$35.54 at the rate of 610naira per 1$'),
(880, 388, '35000.0000', 'REMOTE DESKTOP LICENSE'),
(884, 390, '6000.0000', 'MISCELLENOUS'),
(885, 390, '4000.0000', 'AKARA'),
(886, 390, '12000.0000', 'ROUND FISH'),
(887, 390, '145000.0000', 'VEGETABLE OIL 5KEGS @29000'),
(888, 390, '21500.0000', 'TIN TOMATOES 1 &HALF CARTON'),
(889, 390, '10000.0000', '3 CROWN SACHET A CARTON'),
(890, 390, '6000.0000', 'SWEET CORN A PACK'),
(891, 390, '15000.0000', 'SACHET SUGAR HALF CARTON'),
(892, 390, '48600.0000', 'SPAGHETTI 7PAINTS @6943'),
(893, 390, '7500.0000', 'SERVIETTE 3 PACKS @2500'),
(894, 390, '6000.0000', 'QUAKER OAT'),
(895, 390, '28400.0000', 'PEAK MILK SACHET 2 CARTON @14200'),
(896, 390, '14000.0000', 'MILO SACHET A CARTON'),
(897, 390, '43000.0000', 'MAGGI 2 CARTON @21500'),
(898, 390, '2500.0000', 'LIPTON TEA HALF PACK'),
(899, 390, '21000.0000', 'INDUSTRIAL BUTTER A CARTON');
INSERT INTO `claims_detail` (`id`, `claim_id`, `Amount`, `Description`) VALUES
(900, 390, '34000.0000', 'HOLLANDIA MILK 10 CARTONS @ 3400'),
(901, 390, '4500.0000', 'GREEN PEAS HALF PACK'),
(902, 390, '8600.0000', 'SALAD CREAM 6 BOTTLES @1433.33'),
(903, 390, '57000.0000', 'INDOMIE 15 CARTONS @3800'),
(904, 390, '40000.0000', 'YAM FOR A MONTH'),
(905, 390, '12000.0000', 'WHEAT 7 PAINTS @1714'),
(906, 390, '8000.0000', 'WASTE BIN NYLON HALF CARTON'),
(907, 390, '12000.0000', 'VEGETABLE'),
(908, 390, '2000.0000', 'UZIZA'),
(909, 390, '20000.0000', 'VEGETABLE SOUP INGREDIENT'),
(910, 390, '2000.0000', 'UGU'),
(911, 390, '7500.0000', 'TRANSPORT FARE'),
(912, 390, '40000.0000', 'TOMATOES 3 BASKETS @13333'),
(913, 390, '2500.0000', 'THYME HALF CARTON'),
(914, 390, '10000.0000', 'TATASHE A BAG'),
(915, 390, '10000.0000', 'STOCK FISH'),
(916, 390, '5000.0000', 'SPRING ONIONS'),
(917, 390, '20800.0000', 'SEMO 4 BAGS @5200'),
(918, 390, '1000.0000', 'SCENT LEAF'),
(919, 390, '1400.0000', 'SALT 2PAINTS @700'),
(920, 390, '2000.0000', 'RUNNER BEANS'),
(921, 390, '26000.0000', 'RODO A BAG'),
(922, 390, '8200.0000', 'GREEN RODO A BAG'),
(923, 390, '137500.0000', 'RICE 5 BAGS @27500'),
(924, 390, '5700.0000', 'RED KIDNEY 1 PACK'),
(925, 390, '3450.0000', 'POUNDO YAM 3PCS @1150'),
(926, 390, '5000.0000', 'POMO'),
(927, 390, '5000.0000', 'POTATOES'),
(928, 390, '22000.0000', 'PLANTAIN'),
(929, 390, '1200.0000', 'PEPPER SOUP SPICES'),
(930, 390, '54000.0000', 'PAP FOR A MONTH (15NYLONS @13500)'),
(931, 390, '82000.0000', 'PANLA FISH 4 CARTON @20500'),
(932, 390, '66000.0000', 'PALM OIL 3KEGS @22000'),
(933, 390, '12000.0000', 'ONIONS A BAG'),
(934, 390, '8000.0000', 'OKRO'),
(935, 390, '14250.0000', 'OGBONNO 1 & HALF PAINT'),
(936, 390, '60000.0000', 'CATFISH 60KG @1000'),
(937, 390, '10000.0000', 'NYLON'),
(938, 390, '6000.0000', 'MOI MOI LEAF'),
(939, 390, '800.0000', 'MATCHES'),
(940, 390, '1000.0000', 'LETTUCE'),
(941, 390, '2000.0000', 'LOCUST BEANS'),
(942, 390, '10000.0000', 'GRINDING OF PEPPER'),
(943, 390, '4000.0000', 'GRANULATED SUGAR 2PAINTS @2000'),
(944, 390, '96000.0000', 'GAS 3 CYLINDER @32000'),
(945, 390, '30000.0000', 'YELLOW GARRI 2 & HALF BAG'),
(946, 390, '2000.0000', 'MOI MOI FISH'),
(947, 390, '20600.0000', 'EGUSI 8 PAINTS @2575'),
(948, 390, '34500.0000', 'ELUBO 3 GARAWA @11500'),
(949, 390, '104000.0000', 'EGG 52 CRATES@2000'),
(950, 390, '6100.0000', 'DRY PEPPER'),
(951, 390, '6000.0000', 'DRY FISH'),
(952, 390, '2000.0000', 'CUCUMBER'),
(953, 390, '8000.0000', 'CRAYFISH 2PAINTS @4000'),
(954, 390, '72800.0000', 'CHICKEN 4 CARTONS @18200'),
(955, 390, '13000.0000', 'CARROT'),
(956, 390, '8000.0000', 'CARRIER OF LOAD'),
(957, 390, '6000.0000', 'CABBAGE'),
(958, 391, '8000.0000', 'REPAIR OF TV 24INCHES (CHANGING OF COMPLETE POWER)'),
(959, 390, '66500.0000', 'BREAD 133 LOAVES @ 500'),
(960, 391, '2000.0000', 'WORKMANSHIP '),
(961, 390, '300000.0000', 'MEAT FOR A MONTH'),
(962, 390, '33000.0000', 'BEANS OLOYIN HALF BAG'),
(963, 390, '32000.0000', 'BEANS OLO 2 HALF BAG'),
(964, 390, '500.0000', 'BAYLEAF 1 PACK'),
(965, 390, '10000.0000', 'BAWA 1 BAG'),
(966, 390, '4000.0000', 'AGIDI/ EKO 80PCS @50'),
(967, 390, '1000.0000', 'POTASH'),
(968, 392, '17000.0000', 'TRANSFORMER (2) FOR REPAIR OF MICROWAVE '),
(969, 390, '5600.0000', 'EWEDU FOR A MONTH'),
(970, 392, '4000.0000', 'WORKMANSHIP'),
(971, 393, '3000.0000', 'PURCHASE OF 2PADLOCK FOR ANNEX 2 GATE'),
(972, 394, '2500.0000', 'local government immunization money '),
(973, 395, '80000.0000', 'Being purchase for 10 new Nokia 105 phones for organizational use'),
(974, 396, '383000.0000', 'PURCHASE OF CENTRIFUGAL PUMP PLUS PRESSURE VESSEL FOR SITE ANNEX USE .'),
(975, 397, '2000000.0000', 'BEING PAYMENT ON ACCOUNT FOR G.E EQUIPMENT FOR JUNE 2022'),
(977, 398, '2000000.0000', 'BEING PAYMENT FOR GE MEDICAL EQUIPMENT FOR THE MONTH OF JUNE 2022'),
(979, 399, '17000.0000', 'TRANSFORMER (2)FOR THE OF MICROWAVE '),
(980, 399, '4000.0000', 'STIPEND + TRANSPORT'),
(981, 400, '1000.0000', 'TRANSPORTATION TO SECRETARIAT FOR SUBMISSION OF  HOSPITAL DATA.'),
(983, 402, '1000.0000', 'TRANSPORTATION FOR SUBMISSION OF HOSPITAL DATA PLEASE I NEED CASH'),
(984, 403, '80000.0000', 'QUOTATION FOR DOUBLE DOOR,LEAVE AND LOCKS @ SITE ANNEX PROCUREMENT DEPARTMENT'),
(985, 404, '6000.0000', 'PURCHASE OF 1PCS OF FLOTTING SWITCH FOR SITE ANNEX '),
(986, 405, '13000.0000', 'BRICKLAYER WORK - FILLING, PLASTERING,TILLING PF NEW MAINTENANCE ROOM AND ROOFING WORK @ ANNEX 1'),
(987, 406, '8450.0000', 'Being payment for the purchase of newspaper for the month of May'),
(988, 407, '8000.0000', 'BEING PART PAYMENT FOR REPAIRING OF PANASONIC TV (24INCHES)'),
(989, 407, '2000.0000', 'FOR THE COMPLETION OF JOB (AFTER FIXING THE POWER POINT)'),
(990, 409, '2500.0000', 'PURCHASE OF SHOVEL FOR SITE ANNEX (I.O.U)'),
(991, 408, '343000.0000', 'Being payment for purchase of centrifugal pump and Automatic pressure controller.'),
(992, 410, '4000.0000', 'LABOUR WORK FOR RELOCATION OF GRANITE AND SAND @SITE'),
(993, 412, '8000.0000', 'BEING PART PAYMENT FOR PANASONIC TV 24 INCHES'),
(995, 414, '1500.0000', 'RELOCATION OF GRANITE AND SAND @SITE '),
(996, 415, '4000.0000', 'LOADING AND PACKING OF LOAD ON TUESDAY 4LABOUR @1000 EACH'),
(997, 416, '3000.0000', 'DISPERSE RIDER FOR PUMP SUPPLY FROM APAPA'),
(998, 417, '8000.0000', 'PART PAYMENT FOR THE REPAIR OF PANASONIC TV 24INCHES (1PCS)'),
(999, 418, '8000.0000', 'sending of bulk sms to clients for immunization'),
(1000, 420, '25000.0000', 'Being registration fee for new tricycle (keke)'),
(1001, 421, '15000.0000', 'Performance Bonus'),
(1002, 422, '15000.0000', 'Performance Bonus'),
(1003, 423, '700000.0000', 'CASH PAYMENT FOR MILE-12 BULK PURCHASE FOR KITCHEN DEPARTMENT '),
(1004, 424, '5000.0000', 'VEGETABLE SOUP '),
(1005, 424, '500.0000', 'UZIZA'),
(1006, 424, '2000.0000', 'PLAINTAIN'),
(1007, 424, '4000.0000', 'TOMATOES'),
(1008, 424, '16000.0000', 'EGG'),
(1009, 424, '10000.0000', 'YAM'),
(1010, 424, '500.0000', 'EWEDU'),
(1011, 424, '2000.0000', 'GRINDING OF PEPPER '),
(1012, 424, '13500.0000', 'PAP'),
(1013, 424, '600.0000', 'HOT DOG'),
(1014, 424, '1300.0000', '0KRO'),
(1015, 424, '4500.0000', 'PALM OIL'),
(1016, 424, '500.0000', 'NYLON'),
(1017, 424, '2000.0000', 'TATASHE'),
(1018, 424, '500.0000', 'MOI-MOI FISH'),
(1019, 424, '3000.0000', 'RODO'),
(1020, 425, '700000.0000', '(I.0.U) CASH PAYMENT FOR MILE-12 BULK EXPENSES FOR KITCHEN DEPARTMENT FOR THE MONTH OF JUNE .'),
(1021, 426, '2000.0000', '2PACKET OF MAGGI'),
(1022, 426, '500.0000', 'CABAGGE'),
(1023, 427, '1681000.0000', 'Being payment for a new apartment at 38B, Yahya Abatan Road, Ogba.'),
(1024, 428, '269000.0000', 'Being payment for agency fee for the 4 bedroom at 38B, Yahya Abatan Road, Ogba.'),
(1025, 429, '7500.0000', 'Being payment for the purchase of  Jumbo Pack for Alabi Aderonke, Ipaye Nimota, Kemi Suara, Fadipe Racheal, Fatima Olarewaju'),
(1026, 430, '3000.0000', 'TRANSPORT FEES TO LEADWAY HEALTH HMO, IPONRI, LAGOS.'),
(1027, 431, '3000.0000', 'TRANSPORT FEE TO LEADWAY HEALTH, IPONRI, LAGOS.'),
(1028, 432, '3000.0000', 'TRANSPORT FEE TO LEADWAY HEALTH, HMO, IPONRI, LAGOS'),
(1031, 433, '62500.0000', 'Being payment for the purchase of recharge cards for CUGs'),
(1032, 434, '2000.0000', 'TRANSPORT TO LEADWAY HEALTH HMO, IPONRI, LAGOS.'),
(1033, 435, '50000.0000', 'PURCHASE OF 2 PINTS OF O NEGATIVE BLOOD(25000 each)'),
(1034, 436, '50000.0000', 'IOU PURCHASE OF 2 PINTS OF O NEGATIVE BLOOD(25000 each)'),
(1035, 437, '10000.0000', 'SECURITY MACHINE'),
(1036, 437, '1500.0000', 'WIRE '),
(1037, 437, '1500.0000', 'LABOUR'),
(1038, 438, '12500.0000', 'PURCHASE OF 5LED LIGHT FOR OPD '),
(1039, 440, '1000.0000', 'DRILLING &PURCHASING OF BOLT AND FIXING OF PLATE NUMBER FOR NEW SIENNA '),
(1041, 441, '4000.0000', 'PURCHASE OF 2PCS OF 1INCHES PPR MALE&FEMALE SOCKET @2000# EACH'),
(1042, 441, '3000.0000', '2PCS OF 1 INCHES OF PPR UNION @ 1500EACH'),
(1043, 441, '6000.0000', '2PCS OF 1 INCHES PPR AIR VALVE @3000'),
(1044, 441, '8000.0000', '4PCS OF 1 INCHES PPR ADAPTOR @2000 EACH'),
(1045, 441, '4800.0000', '12PCS OF 1 INCHES OF PPR ELBOW @400 EACH'),
(1046, 441, '800.0000', '2PCS OF 1 INCHES OF PPR TEE TAP @400'),
(1047, 441, '500.0000', '1PCS OF THREAD TAPE @ 500'),
(1048, 441, '3500.0000', '1 PCS OF 1 INCHES PPR PIPE @3500 '),
(1049, 442, '3000.0000', '1 PCS OF 1 INCHES PPR AIR VALVE @ 3000'),
(1050, 442, '2000.0000', '1 PCS OF 1 INCHES NRN RETURN VALVE BRASS @2000'),
(1053, 443, '4000.0000', 'PLANTAIN'),
(1054, 443, '1500.0000', 'CARROT'),
(1055, 443, '15000.0000', 'CATFISH'),
(1056, 443, '1000.0000', 'AGIDI'),
(1057, 443, '500.0000', 'UGU '),
(1058, 443, '3000.0000', 'EFOR '),
(1059, 443, '200.0000', 'SCENT LEAF'),
(1060, 443, '6000.0000', 'BREAD'),
(1061, 443, '500.0000', 'EWEDU'),
(1062, 443, '800.0000', 'PALM OIL'),
(1063, 443, '37400.0000', 'CHICKEN'),
(1064, 443, '42100.0000', 'PANLA FISH'),
(1065, 443, '500.0000', 'CABAGE'),
(1066, 444, '300.0000', '1BY QUARTER PPR BUSHING '),
(1067, 445, '700.0000', 'Transportation to bank for 31/05/22, 02/06/22 and 03/06/22'),
(1068, 446, '1400.0000', 'RENTING OF  PLASTIC CHAIRS 2DOZENS @ 700 EACH '),
(1069, 446, '210.0000', '3PCS OF CARDBOARD @70 EACH'),
(1070, 447, '4500.0000', 'RECHARGE CARDS'),
(1071, 448, '6000.0000', 'REMOVAL OF WIRE FROM POLE @ ANNEX 2'),
(1072, 449, '30000.0000', 'CARRYING OF DIESEL TANK FROM ANNEX 2 TO SITE'),
(1073, 451, '1000.0000', 'UCHE COLUMBUS---MSH/7531A'),
(1074, 451, '1000.0000', 'HARDING EFE---RH/758A'),
(1075, 451, '1000.0000', 'UDEALOR OKECHUKWU---HG/2406A'),
(1077, 451, '1000.0000', 'AGBAJE BEATRICE---HG/4602A'),
(1078, 451, '1000.0000', 'OLUBANWO FOLAKE---MSH/6565B'),
(1079, 451, '1000.0000', 'OYEWUMI  ABIODUN---MSH/8722A'),
(1083, 451, '1000.0000', 'AJAYI OLUSOJI---RH/527A'),
(1084, 451, '1000.0000', 'BALOGUN IYIOLUWA---HG/3450A'),
(1085, 451, '1000.0000', 'ITODO CHIEMEZUE---HG/7676A'),
(1086, 451, '1000.0000', 'OREGUNWA OLABISI---MBO/05A'),
(1087, 451, '1000.0000', 'MOGAJI OYEBOLA---RH/26C'),
(1088, 451, '1000.0000', 'CHUKWUMA JANE---HG/834A'),
(1089, 451, '1000.0000', 'ADEYA OLUKEMI---AMH/13A'),
(1090, 451, '1000.0000', 'UMAR MUSA---F/670A'),
(1091, 451, '1000.0000', 'MBAEGBU EZINNE---HG/1944A'),
(1092, 451, '1000.0000', 'ATOKI TAIWO---MSH/1100A'),
(1093, 451, '1000.0000', 'OLUGA OLAYINKA---MSH/2318A'),
(1094, 451, '1000.0000', 'IJIOMA AUGUSTINE---LH/469C'),
(1095, 451, '1000.0000', 'WHETODE WORU PETER---HG/811A'),
(1096, 452, '12000.0000', 'PURCHASE OF MEROPENEM INJ FOR PATIENT'),
(1097, 454, '9000.0000', 'purchase of meropenem injection'),
(1098, 455, '5000.0000', 'PERFORMANCE BONUS BY M.D TO OBUSEH NGOZI'),
(1099, 456, '20000.0000', 'SPECTRANET SUBSCRIPTION'),
(1100, 457, '18500.0000', 'FEE FOR POSTING BILL AT VARIOUS HMOs AND COMPANIES.\nSMALL 450 X 18 = 8100\nBIG 650 X16 = 10400\n\nTOTAL: 18, 500\n\nTHANKS.'),
(1101, 458, '18500.0000', 'FEE FOR POSTING CLAIMS AT VARIOUS HMOs AND COMPANIES.\nSMALL: 450 X 18 = 8100\nBIG: 650 X 16 = 10,400\n\nTOTAL:18,500\n\nTHANKS. '),
(1102, 459, '85000.0000', '(I O U) PURCHASE OF C U G (NOKIA PHONE) FOR STAFF FROM HR DEPARTMENT @ 8500 EACH'),
(1103, 461, '6000.0000', 'Removing of wire pole @Annex2'),
(1104, 462, '30000.0000', 'Carrying of diesel tank from annex2 to site'),
(1106, 463, '245000.0000', 'BEING PAYMENT FOR 70% OF CIIVL WORKS @ SITE'),
(1107, 464, '15200.0000', 'REPAIR OF CEILING WORKS @ SITE'),
(1108, 460, '5000.0000', '2 MOBILE ENGINE OIL FOR KEKE'),
(1109, 465, '5000.0000', '2MOBIL ENGINE OIL FOR KEKE'),
(1110, 466, '137340.0000', 'BEING PAYMENT FOR EXTERNAL DUCT WORK USING DRY WALL @ SITE'),
(1111, 467, '18500.0000', 'FEE FOR POSTING OF HMOs AND COMPANY\'S CLAIMS.\nSMALL: 450 X18= 8,100\nBIG: 650 X 16 = 10,400\n\nTOTAL: 18500\n\nTHANKS.'),
(1112, 468, '46700.0000', 'BEING PAYMENT FOR ROOF MAINTENANCE AND ADDITIONAL WORKS @ SITE'),
(1114, 470, '18500.0000', 'FEE FOR POSTING OF HMOs AND COMPANY\'S CLAIMS.\nSMALL: 450 X18 = 8,100\nBIG: 650 X 160 = 10,400\n\nTOTAL: 18,500\n\nTHANKS.'),
(1115, 465, '7000.0000', '2BRAKE PART LINE (BACK)'),
(1116, 471, '5000.0000', 'RERFOMANCE BONUS'),
(1117, 473, '400000.0000', 'PURCHASE OF PROVISION FOR THE MONTH OF JUNE (IOU)'),
(1118, 475, '5000.0000', '2MOBILE ENGINE OIL FOR SERVICING OF KEKE'),
(1119, 475, '7000.0000', '2PCS OF BRAKE PART LINE '),
(1120, 474, '9000.0000', 'MEROPENEM1G'),
(1121, 475, '300.0000', 'HALF ENGINE PARKING'),
(1122, 475, '9000.0000', 'FRONT FORK SHOCK'),
(1123, 475, '500.0000', 'OIL FILTER'),
(1124, 475, '1000.0000', 'AIR CLEANER'),
(1125, 475, '500.0000', 'GREASE'),
(1126, 475, '1500.0000', 'WORKMANSHIP'),
(1128, 476, '7000.0000', '2 SHOCK PAD'),
(1129, 476, '20000.0000', '2 FRONT SHOCK ABSORVER NEW'),
(1130, 476, '4000.0000', '2 FRONT BALL JOINT'),
(1131, 476, '65000.0000', 'COMPLETE STEARING NEW'),
(1132, 476, '5000.0000', '2 STABILIZER LINKAGE'),
(1133, 476, '2000.0000', '2 STABILIZER U ROBBER'),
(1134, 476, '500.0000', 'GREASE'),
(1135, 476, '7000.0000', 'LABOUR'),
(1136, 476, '2500.0000', '2 SAFT RUBBER'),
(1137, 477, '6500000.0000', 'BEING PAYMENT FOR RENT @ ANNEX 1 BUILDING FROM THE MONTH OF JULY 2022 TO JUNE 2023'),
(1138, 478, '3250.0000', 'Refreshment for those that work in the theatre on the 26th of may, 2022'),
(1139, 479, '350.0000', 'MD BOUGHT DRINK AND GALA FOR MISS OMOR ON THE 30th OF APRIL, 2022'),
(1140, 481, '1000.0000', 'REFRESHMENT FOR INTENDED EMPLOYMENT \n4 DRINKS 600\n2 GALA     200\n2 PURE BLISS  200'),
(1141, 482, '3000.0000', 'MD\'S REFRESHMENT FROM ON THE 17th OF MARCH TO 26th OF MAY,2022'),
(1142, 483, '18500.0000', 'FEE FOR POSTING HMOS AND COMPANY\'S CLAIMS.\n\nSMALL: 450 X 18 =8100\nBIG: 650 X 16 = 10400\n\nTOTAL: 18,500\n\nTHANKS.'),
(1143, 484, '3000.0000', 'REIMBURSEMENT OF MD\'S REFRESHMENT ACCOUNT'),
(1144, 485, '18500.0000', 'FEE FOR POSTING OF HMOs AND COMPANY\'S CLAIMS.\nSMALL: 450 X 180 = 8,100\nBIG: 650 X16 = 10,400\n\nTOTAL, 18,500\n\nTHANKS.'),
(1145, 487, '25000.0000', 'PR to chairman ogba taxi park'),
(1146, 488, '200000.0000', 'Being payment for the fuel pump and oxygen room @ site'),
(1147, 489, '500.0000', 'PLANTAIN '),
(1148, 489, '500.0000', 'BREAD'),
(1149, 489, '400.0000', '2PORTION OF AKARA'),
(1150, 490, '800.0000', '4PORTION OF AKARA FOR PATIENT'),
(1151, 490, '500.0000', 'SPRING ONION FOR BREAKFAST '),
(1152, 490, '500.0000', 'PLANTAIN FOR MD'),
(1153, 491, '119000.0000', 'Advance payment for the materials for on going work @ site'),
(1154, 492, '3000.0000', 'PLANTAIN'),
(1155, 492, '3000.0000', 'EFO'),
(1156, 492, '13500.0000', 'PAP'),
(1157, 492, '6000.0000', 'BREAD'),
(1158, 492, '5000.0000', 'VEGETABLE SOUP INGREDIENT'),
(1159, 492, '500.0000', 'UZIZA'),
(1160, 492, '500.0000', 'MOI MOI FISH'),
(1161, 492, '600.0000', 'HOT DOG'),
(1162, 492, '35000.0000', 'GAS'),
(1163, 492, '500.0000', 'EWEDU'),
(1164, 492, '26000.0000', 'EGG'),
(1165, 492, '10000.0000', 'YAM'),
(1166, 492, '2000.0000', 'GRINDING'),
(1167, 493, '24000.0000', '8pcs of pillow @ 3000'),
(1168, 493, '224000.0000', '8pcs of foam bed @ 28000'),
(1169, 494, '8500.0000', 'FOUR WAY LNB ONE (DISH)'),
(1170, 494, '3200.0000', 'FOUR WAY SPLITTER'),
(1171, 494, '1000.0000', 'F  CONNECTOR'),
(1172, 494, '3000.0000', 'ONE ROLL OF COWAXIAL CABLE'),
(1173, 494, '25000.0000', 'LABOUR'),
(1174, 495, '200000.0000', 'being payment for the door for fuel pump and oxygen room @ site'),
(1175, 496, '15000.0000', 'RECOILING OF 1.5HP PUMP @ SITE'),
(1176, 497, '20000.0000', 'CLEARING OF BLOCKAGE CHAMBER @ AY'),
(1177, 498, '980000.0000', 'BALANCE PAYMENT FOR SUPPLY OF  GENERATOR @ AY'),
(1178, 499, '152000.0000', '4PCS OF OFFICE CHAIRS @ 38000'),
(1179, 499, '5000.0000', 'HYDRALIC GAS PIPE FOR MR. RAJI CHAIR'),
(1180, 500, '32400.0000', '36PCS OF BROOMS @ 900'),
(1181, 500, '54000.0000', '36PCS OF MOP @ 1500'),
(1182, 500, '36000.0000', '24PCS OF BUCKET @ 1500 (IOU PURCAHSE FOR ALL THE EQUIPMENT FOR HOUSE KEEPING ITEMS)'),
(1183, 501, '600000.0000', 'BEING PAYMENT FOR THE RENT AT OGBA ARCADE SHOPPING COMPLEX BUILDING FOR THE PERIOD OF IST JUNE , 2022 TO 31ST OF MAY 2023.'),
(1184, 502, '38500.0000', '7packs of hepatitis b (diaspot)@ 5500'),
(1185, 502, '37500.0000', '7packs of pregnancy test (micropoint) @7500'),
(1186, 502, '56000.0000', '4pks of hiv determine (determine)@14000'),
(1187, 502, '150000.0000', '25pks of accu chek strips(active)@6000'),
(1188, 502, '84000.0000', '3cartons of EDTA BOTTLE K2(MEDSCAN)@28000'),
(1189, 502, '30000.0000', '4PKS OF HEPATITIS C(DIASPOT)@7500'),
(1190, 502, '16500.0000', '3PKS OF SYPHILIS KIT(MICROPOINT)@5500'),
(1191, 502, '25000.0000', '25PKS OF FROSTED SLIDES(MICROPOINT)@1000'),
(1192, 502, '45000.0000', '3PKS OF SERUM H.PYLORI(CTK)@15000'),
(1193, 502, '27000.0000', '3PKS OF SERUM H.PYLORI(MICROPOINT)@9000'),
(1194, 502, '18000.0000', '4PKS OF COMBI 10(DUS)@4500'),
(1195, 502, '5400.0000', '3PKS OF COMBI 3(DUS)@1800'),
(1196, 502, '37500.0000', '25PCS OF ACETATE PAPER@1500'),
(1197, 502, '33000.0000', '2PKS OF POTASSIUM(TECO)@16500'),
(1198, 502, '52000.0000', '2CARTONS OF UNIVERSAL BOTTLE(PLASTILAB)@26000'),
(1199, 502, '90000.0000', '\n10PKS OF TYPHOID KIT(BIOCHECK)@9000'),
(1200, 502, '10000.0000', '10PKS OF SENSITIVITY DISCS(MAXI)@1000'),
(1201, 502, '420000.0000', '30PKS OF MALARIA(LABACON)@14000'),
(1203, 502, '6000.0000', '4PKS OF YELLOW TIPS@1500'),
(1204, 503, '3000.0000', '4WAY SPLITTER'),
(1205, 503, '1000.0000', 'F CONNECTOR'),
(1206, 502, '10000.0000', '4SACHETS OF BUFFER SALTS@2500'),
(1207, 502, '11000.0000', '1PK OF COVER SLIPS(MEDSCAN)@11000'),
(1208, 502, '30000.0000', '2PKS OF CAPILLARY TUBES(MARIENFIELD)@15000'),
(1209, 502, '12000.0000', '2PKS OF SWAB STICKS@6000'),
(1210, 502, '64000.0000', '10PKS OF MALARIA KIT(RITCHER)@6400'),
(1211, 502, '15000.0000', '1PK OF BILIRUBIN REAGENT(RANDOX)@15000'),
(1212, 502, '26000.0000', '1PK OF CHOLESTEROL REAG.(RANDOX)@26000'),
(1213, 502, '29000.0000', '1PK OF TRIGLYCERIDE REAG.(RANDOX)29000'),
(1214, 502, '17000.0000', '1PK OF UREA REAG.(RANDOX)@17000'),
(1215, 502, '14000.0000', '1PK OF CREATININE REAG.(RANDOX)@14000'),
(1216, 502, '37000.0000', '1CARTON OF PETRI DISHES@37000'),
(1217, 502, '27000.0000', '1BOTTLE OF CLED AGAR(LABM)@27000'),
(1218, 502, '10000.0000', '10PKS OF BOIL PLASTER(ESTERIL)@1000'),
(1219, 505, '1196819.8500', 'NEPA BILL FOR THE MONTH OF MAY 2022'),
(1220, 506, '3450000.0000', '5000LITRES OF DIESEL @ 690 IN AY'),
(1221, 507, '2500.0000', 'TRANSPORTATION TO LAGOS ISLAND WITH LABORATORY,KITCHEN AND HOUSEKEEPER'),
(1222, 508, '50000.0000', 'Blender for kitchen to ground peppe and others things'),
(1223, 509, '1200.0000', '(I O U) PURCHASE OF 1 FAN REGULATOR (S.M.C) FOR ROOM 107'),
(1224, 510, '50000.0000', 'Blender for kitchen to ground peppe (iou)'),
(1225, 511, '4500.0000', 'RECHARGE CARDS FOR OFFICE PHONES SIGNED BY M.D'),
(1226, 512, '2500.0000', 'HALF LENGTH POLE FOR THE SITE ANNEX WINDOW'),
(1227, 512, '4200.0000', '7PAIRS OF HANGER @600 EACH'),
(1229, 513, '16800.0000', 'SNACKS------280*60  FOR MOTHER-CRAFT LECTURE HOLDING 11/06/22'),
(1230, 513, '9000.0000', 'DRINKS ----6*1500 FOR MOTHER CRAFT LECTURE 11/06/22'),
(1231, 513, '25000.0000', 'SPACE FOR MOTHER-CRAFT LECTURE 11/06/22'),
(1232, 513, '0.0000', 'SNACKS MONEY SHOULD BE PAID TO GT 0018923518 (AJAYI ORIYOMI)'),
(1233, 503, '3000.0000', '1 roll of cowaxial cable.'),
(1234, 503, '10000.0000', 'LABOUR  FEES'),
(1235, 503, '8000.0000', '4WAY LNB 1PCS  (DISH)'),
(1236, 515, '34000.0000', 'PAYMENT FOR 2 PINTS OF POSITIVE BLOOD   INV NUM  00024'),
(1237, 514, '2000.0000', 'BALANCE PAYMENT FOR REPAIR OF PANASONIC TV (24INCHES)  '),
(1238, 514, '1000.0000', 'PURCHASE OF REMOTE FOR PANASONIC TV'),
(1239, 516, '68000.0000', '(1) PAYMENT FOR 4PINTS OF POSITIVE BLOOD INV NUM  05221 '),
(1240, 517, '102000.0000', 'PAYMENT FOR 6PINTS OF POSITIVE BLOOD  INV NUM   05225'),
(1241, 518, '1000.0000', 'ONUEGBU CHARLES---MSH/7552'),
(1242, 518, '1000.0000', 'FADEYI ABOSEDE---CL/572A'),
(1243, 518, '1000.0000', 'OSUNLETI ADEBISI---P/9869'),
(1244, 518, '1000.0000', 'KANU CHIDI---F/9577D'),
(1245, 518, '1000.0000', 'BALOGUN IYIOLUWA---HG/3450A'),
(1246, 518, '1000.0000', 'ONABANJO OLUSOLA ---MSH/8336A'),
(1247, 518, '1000.0000', 'AKANDE OMOBOLANLE---CL/99A'),
(1248, 518, '1000.0000', 'IMAJI FARUNA---F/9445B'),
(1249, 518, '1000.0000', 'OLUBANWO FOLAKE---MSH/6565B'),
(1250, 519, '152000.0000', 'PURCHASE OF 4 OFFICE CHAIR (3CHAIRS FOR PROCUREMENT AND 1CHAIR FOR HR DEPARTMENT) @38000 EACH'),
(1251, 519, '5000.0000', 'REPAIR OF MR RAJI CHAIR (FIXING OF HYDRALIC GAS PIPE'),
(1252, 521, '1000.0000', 'JAMILA FANIYI---RH/259A'),
(1253, 520, '3000.0000', 'BEING PAYMENT FOR DISPATCH RIDER FROM JEMIMAH COMPANY '),
(1254, 522, '600.0000', 'PURCHASE OF 1 PACK OF TORNADO NAIL FOR WINDOR HANGER @SITE ANNEX'),
(1255, 523, '20000.0000', 'PR to ogba arcade manager'),
(1256, 524, '3000.0000', 'cutting of generator iron @ AY '),
(1257, 525, '1400000.0000', '14PCS OF 180AH DEEP CYCLE BATTERIES @100000'),
(1258, 525, '30000.0000', 'TRANSPORTATION'),
(1259, 525, '107250.0000', 'VAT '),
(1265, 526, '1000000.0000', 'PARKING SPACE @ ARCADE OGBA SHOPPING COMPLEX'),
(1266, 528, '7500.0000', 'REFRESHMENT FOR MANAGEMENT MEETING'),
(1267, 530, '6600.0000', 'DISPATCH OF MEDICAL BILLS TO HMO:\nSMALL ENVELOP @ 450 X 6   2700\nBIG ENVELOP @ 650 X 6         3900\nTOTAL AMOUNT                 6600'),
(1268, 534, '15000.0000', 'Materials for fixing of DSTV decoder and DISH @ SITE ANNEX '),
(1269, 534, '10000.0000', 'Labour for Removing and  fixing .'),
(1270, 535, '137440.0000', 'BEING PAYMENT FOR WATER SUPPLIED @ SITE ANNEX'),
(1271, 536, '4000.0000', 'Etra duty on  4th of june '),
(1272, 537, '130000.0000', 'BEING PAYMENT FOR MAY 2022 EXTERNAL INVESTIGATIONS'),
(1273, 545, '473000.0000', 'BEING PAYMENT FOR MAY 2022 EXTERNAL INVESTIGATIONS '),
(1277, 546, '2500.0000', 'Purchase of DSTV REMOTE for site Annex Decoder'),
(1278, 547, '45000.0000', '1PCS OF HIKVISION FINGER ACCESS CONTROL TERMINAL'),
(1279, 549, '2000.0000', 'Repair of wheel barrow @ site  main builder '),
(1280, 547, '165000.0000', '1PCS OF HP ELITE BOOK 840 G2 \nINTEL CORE i5 5th , 8GB RAM , 256GB SSD ,BACKLIGHT KEYBOARD , 14\'\'HD DISPLAY'),
(1281, 548, '5000.0000', 'BEING FOR A PATIENT SEEN ON 17/4/2022 (LH/805)  BANKOLE ANJOLAOLUWA'),
(1282, 547, '17000.0000', '1PCS OF JCOA,JCO3 OEM BATTERY\nHP LAPTOP BATTERY'),
(1283, 550, '75000.0000', '3baskets of tomatoes @ 25000'),
(1284, 550, '57750.0000', '15cartons of chikki chikki indomie @3850'),
(1285, 551, '32000.0000', '40BOOKS OF PRESCRIPTION SHEET @ 800'),
(1286, 552, '117000.0000', '6DRUMS OF AGELESS EMULSION WHITE PAINTS @ 19600'),
(1287, 554, '7000.0000', 'RENTING OF LADDER FOR 2DAYS @ 3500 FOR PAINTING IN AY'),
(1288, 555, '150000.0000', 'Further payment for painting of AY'),
(1289, 557, '150000.0000', 'Further payment for stampede concrete @ site'),
(1290, 558, '22500.0000', 'PURCHASE OF NEURONEM INJ 1G 5VAILS @4500 EACH '),
(1291, 559, '2500.0000', 'local government'),
(1292, 560, '2500.0000', 'For Local Government vaccine'),
(1293, 561, '3450000.0000', '5000LITRES OF DIESEL @ 690'),
(1295, 562, '86000.0000', '2PCS OF AGELESS SARTIN DEEP BLUE @ 43000'),
(1296, 562, '86000.0000', '2PCS OF SARTIN LIGHT BLUE @ 43000'),
(1297, 563, '36000.0000', '2PACKS OF COIL WIRE 2.5 SINGLE CABLE@18000 (001195)'),
(1298, 563, '400.0000', '1 PACK OF TOWER CLIP (001195)'),
(1299, 563, '700.0000', '1PACK OF FISHER PEG (001195)'),
(1300, 563, '2000.0000', '1 PCS OF T.V HANGER (001195)'),
(1301, 563, '1500.0000', '10PCS OF COLOR TAPE (001195)'),
(1302, 563, '400.0000', '1 LENGHT OF 16 BY 25 TRUNCKING'),
(1303, 564, '33000.0000', '10 COIL OF 1.5 SINGLE COLEMAN WIRE (000268) @ 11000'),
(1304, 564, '11000.0000', '1 COIL OF T.V VIX COPPER (000298)'),
(1305, 564, '1000.0000', '10PCS OF 3 BY 3 PALTRESS @ 100(000268)'),
(1306, 564, '32000.0000', '10PCS OF 18W SURFACE TOUCH @ 3200 (000268)'),
(1307, 564, '600.0000', '4PCS OF COLOR TAPE @ 150 (000268)'),
(1308, 564, '500.0000', '1PCS OF GANG SWITCH(000268)'),
(1309, 564, '300.0000', '1PACK OF TONALDO NAIL(000268)'),
(1310, 564, '500.0000', '1PACK OF 5 BY 10 FISHER PEG(000268)'),
(1311, 564, '2400.0000', '6LENGTH OF 16 BY 25 TRUNKING @ 400'),
(1312, 565, '4000.0000', '2PCS OF 45\'\' T.V HANGER @ 2000 (000288)'),
(1313, 566, '36000.0000', '2COLE 2.5M SINGLE COLE MAN 2 @18000(001069)'),
(1315, 566, '11000.0000', '1COLE 1.5M SINGLE COLEMAN (001069)'),
(1316, 566, '200.0000', '2PCS OF 20M U-BOX (001069)'),
(1317, 566, '200.0000', '2PCS OF 3X3 PALTRESS @ 100(001069)'),
(1318, 566, '400.0000', '2PCS OF CEILING ROSE @ 200'),
(1319, 566, '1600.0000', '4LENGHT OF 16BY25 TRUNKING@400'),
(1320, 566, '300.0000', '1 PACK OF 1\'\' TONALDO NAIL(001069)'),
(1321, 566, '150.0000', '1PCS OF BLACK TAPE(001069)'),
(1322, 567, '22000.0000', '4PACKS OF HBSAG DIASPOT(0011116) @ 5500'),
(1323, 567, '16500.0000', '3PACKS OF HBSAG MICROPOINT @ 5500 (0011116)'),
(1324, 567, '37500.0000', '5PACKS OF PT BLOOD M.P @ 7500(0011116)'),
(1325, 567, '90000.0000', '15PACKS OF ACCU CHECK STRIP @6000(0011116)'),
(1326, 567, '10000.0000', '1PACK OF HIV STAT PAK (0011116)'),
(1327, 567, '30000.0000', '4PACKS OF HCV @ 7500(0011116)'),
(1329, 567, '11000.0000', '2PACKS OF VDRL @ 5500(0011116)'),
(1330, 567, '15200.0000', '4PACKS OF COMBI 10 DUS @ 3800(0011116)'),
(1331, 568, '1000.0000', 'BREAD FOR PATIENT (2LOAF) @500 EACH '),
(1332, 568, '1000.0000', 'UGU'),
(1333, 567, '9000.0000', '5PACKS OF COMBI 3 @ 1800(0011116)'),
(1334, 568, '200.0000', 'UNRIPE PLANTAIN '),
(1335, 567, '10000.0000', '5PACKS OF TONGUE DEPRESSOR @ 2000(0011116)'),
(1336, 567, '15000.0000', '1CARTON OF VAGINAL SPECULUM MEDIUM(0011116)'),
(1337, 568, '500.0000', 'PLANTAIN (RIPE)'),
(1338, 567, '36000.0000', '2PACKS OF POTASSIUM @ 18000(0011116)'),
(1339, 567, '50000.0000', '2CARTONS OF UNIVERSAL BOTTLES @ 25000(0011116)'),
(1340, 567, '27000.0000', '3PACKS OF H.PYLORI M.P@9000(0011116)'),
(1341, 567, '35000.0000', '1CARTON OF PLAIN VACUTAINER(0011116)'),
(1342, 567, '40000.0000', '1PACK OF PROLACTIN ACCUBIND(0011117)'),
(1343, 567, '40000.0000', '1 PACK OF FT4 ACCUBIND(0011117)'),
(1344, 567, '8000.0000', '10PACKS PF MAXI DISC @800(0011117)'),
(1345, 567, '17000.0000', '1 ACRTON OF VAGINAL SPECULUM (0011117)'),
(1347, 569, '15000.0000', 'CATFISH'),
(1348, 569, '200.0000', 'SCENT LEAF'),
(1349, 569, '1000.0000', 'UGWU'),
(1350, 569, '3000.0000', 'EJA KIKA'),
(1351, 569, '3000.0000', 'VEGETABLE'),
(1353, 569, '2000.0000', 'SOAP'),
(1354, 569, '1000.0000', 'AGIDI'),
(1355, 569, '500.0000', 'EWEDU'),
(1356, 569, '1000.0000', 'GRINDING'),
(1357, 570, '68400.0000', 'BEING PAYMENT FOR MAY 2022 EXTERNAL INVESTIGATIONS DONE'),
(1358, 569, '6000.0000', 'BREAD'),
(1359, 569, '35000.0000', 'GAS'),
(1360, 569, '120000.0000', 'BEEF'),
(1361, 571, '53000.0000', 'SERVICING OF DRYER MACHINE @ AY'),
(1362, 571, '7000.0000', 'LABOUR'),
(1363, 572, '37500.0000', '50YARDS OF 2.5 X3C CABLE @750'),
(1364, 572, '1000.0000', '2PACKS OF T/CLIPS @500'),
(1367, 572, '500.0000', '1PCS OF 2 GANG SWITCH'),
(1368, 572, '100.0000', '1PCS OF PALTRESS BOX'),
(1369, 573, '2500.0000', '1PCS OF ENGINE OIL (IOU)'),
(1370, 573, '600.0000', 'BRAKE OIL (MECHANIC)'),
(1371, 574, '12000.0000', 'test'),
(1372, 575, '20000.0000', 'unpaid salary'),
(1373, 576, '2500.0000', 'testing'),
(1374, 577, '10000.0000', 'test'),
(1375, 578, '2000.0000', 'test'),
(1376, 579, '1500.0000', 'test');

-- --------------------------------------------------------

--
-- Table structure for table `claims_header`
--

CREATE TABLE `claims_header` (
  `id` int(11) NOT NULL,
  `claimtype` int(11) DEFAULT NULL,
  `hospital_no` varchar(36) DEFAULT NULL,
  `Patient_name` varchar(36) DEFAULT NULL,
  `Payee` varchar(36) DEFAULT NULL,
  `Amount` decimal(19,2) NOT NULL DEFAULT 0.00,
  `Enteredby` varchar(36) NOT NULL,
  `departmentid` int(11) NOT NULL,
  `Approvedby` varchar(36) DEFAULT NULL,
  `Approved` tinyint(1) DEFAULT 0,
  `approvalRequest` int(11) DEFAULT 0,
  `Approveddate` datetime DEFAULT NULL,
  `Audited` tinyint(1) DEFAULT 0,
  `Auditedby` varchar(36) DEFAULT NULL,
  `Accounting_status` tinyint(1) DEFAULT 0,
  `payment_date` datetime DEFAULT NULL,
  `Created_date` date DEFAULT current_timestamp(),
  `staffname` varchar(36) DEFAULT NULL,
  `hrstatus` int(11) DEFAULT 0,
  `hrrequired` int(11) DEFAULT 0,
  `hrname` varchar(11) DEFAULT NULL,
  `claim_categoryid` int(11) DEFAULT NULL,
  `returned` tinyint(1) DEFAULT NULL,
  `returnedby` int(11) DEFAULT NULL,
  `comment` text DEFAULT NULL,
  `account_name` varchar(36) DEFAULT NULL,
  `account_number` varchar(15) DEFAULT NULL,
  `bank_name` varchar(36) DEFAULT NULL,
  `returneddate` datetime DEFAULT NULL,
  `auditeddate` datetime DEFAULT NULL,
  `hrapproveddate` datetime DEFAULT NULL,
  `payment_process_status` int(11) DEFAULT 0,
  `paidby` int(11) DEFAULT NULL,
  `hod` int(11) NOT NULL DEFAULT 0,
  `hodname` int(11) DEFAULT NULL
) ENGINE=InnoDB DEFAULT CHARSET=utf8mb4;

--
-- Dumping data for table `claims_header`
--

INSERT INTO `claims_header` (`id`, `claimtype`, `hospital_no`, `Patient_name`, `Payee`, `Amount`, `Enteredby`, `departmentid`, `Approvedby`, `Approved`, `approvalRequest`, `Approveddate`, `Audited`, `Auditedby`, `Accounting_status`, `payment_date`, `Created_date`, `staffname`, `hrstatus`, `hrrequired`, `hrname`, `claim_categoryid`, `returned`, `returnedby`, `comment`, `account_name`, `account_number`, `bank_name`, `returneddate`, `auditeddate`, `hrapproveddate`, `payment_process_status`, `paidby`, `hod`, `hodname`) VALUES
(27, NULL, 'Nill', NULL, 'IT Department', '20000.00', 'it@isalu.com', 2, '19', 1, 1, '2022-05-09 00:00:00', 1, '19', 1, '2022-05-10 10:51:07', '2022-05-09', NULL, 1, 0, '19', 93, 0, NULL, NULL, 'IT Department', '0', 'IT Department', NULL, '2022-05-09 00:00:00', NULL, 0, NULL, 0, NULL),
(33, NULL, '', NULL, 'Amadi Maureen', '1000.00', 'kitchen@isaluhospitals.com', 12, NULL, 0, 0, NULL, 0, '19', 0, NULL, '2022-05-11', NULL, 0, 0, '', 94, 1, NULL, 'Re-raised one approved today 12/5/2022', '', '0', '', NULL, NULL, NULL, 0, NULL, 0, NULL),
(34, NULL, '', NULL, 'ORIS MEDICAL LABORATORY', '102000.00', 'laboratory@isaluhospitals.com', 5, '19', 1, 1, '2022-05-11 00:00:00', 1, '19', 1, '2022-05-11 02:02:36', '2022-05-11', NULL, 1, 0, '19', 12, 0, NULL, NULL, '', '0', '', NULL, '2022-05-11 00:00:00', NULL, 0, NULL, 0, NULL),
(35, NULL, '', NULL, 'DIAMOND MEDICAL LABORATORY', '68000.00', 'laboratory@isaluhospitals.com', 5, '19', 1, 1, '2022-05-11 00:00:00', 1, '19', 1, '2022-05-11 02:02:44', '2022-05-11', NULL, 1, 0, '19', 12, 0, NULL, NULL, '', '0', '', NULL, '2022-05-11 00:00:00', NULL, 0, NULL, 0, NULL),
(36, NULL, '', NULL, 'SIFOMEDICS LABORATORY', '34000.00', 'laboratory@isaluhospitals.com', 5, '19', 1, 1, '2022-05-11 00:00:00', 1, '19', 1, '2022-05-11 02:02:48', '2022-05-11', NULL, 1, 0, '19', 12, 0, NULL, NULL, '', '0', '', NULL, '2022-05-11 00:00:00', NULL, 0, NULL, 0, NULL),
(37, NULL, '', NULL, 'Amadi Maureen', '750.00', 'kitchen@isaluhospitals.com', 12, '19', 1, 1, '2022-05-12 00:00:00', 1, '19', 1, '2022-05-13 04:55:05', '2022-05-11', NULL, 1, 1, '19', 97, 0, NULL, NULL, '', '0', '', NULL, '2022-05-11 00:00:00', NULL, 0, NULL, 0, NULL),
(38, NULL, '', NULL, 'Amadi Maureen', '1750.00', 'kitchen@isaluhospitals.com', 12, NULL, 0, 0, NULL, 0, '19', 0, NULL, '2022-05-11', NULL, 1, 1, '23', 98, 1, NULL, 'IT to properly route the process', '', '0', '', NULL, NULL, NULL, 0, NULL, 0, NULL),
(44, NULL, '', NULL, 'SUNDAY IDUMA', '9250.00', 'procurement2@isaluhospitals.com', 1, '19', 1, 1, '2022-05-11 00:00:00', 1, '19', 1, '2022-05-11 06:05:30', '2022-05-11', NULL, 1, 0, '19', 60, 0, NULL, NULL, '', '0', '', NULL, '2022-05-11 00:00:00', NULL, 0, NULL, 0, NULL),
(51, NULL, '', NULL, 'Kareem Fatai', '245857.00', 'account@isaluhospitals.com', 6, '19', 1, 1, '2022-05-11 00:00:00', 1, '19', 1, '2022-05-12 08:44:07', '2022-05-11', NULL, 1, 0, '19', 26, 0, NULL, NULL, '', '0', '', NULL, '2022-05-11 00:00:00', NULL, 0, NULL, 0, NULL),
(52, NULL, '', NULL, 'MR TAIWO DAVID', '1100.00', 'procurement2@isaluhospitals.com', 1, '19', 1, 1, '2022-05-11 00:00:00', 1, '19', 1, '2022-05-12 08:44:16', '2022-05-11', NULL, 1, 0, '19', 84, 0, NULL, NULL, '', '0', '', NULL, '2022-05-11 00:00:00', NULL, 0, NULL, 0, NULL),
(53, NULL, '', NULL, 'RIDWON DAYABASE AND TECHNOLOGY SERVI', '30000.00', 'procurement2@isaluhospitals.com', 1, NULL, 0, 0, NULL, 0, '19', 0, NULL, '2022-05-11', NULL, 0, 0, '', 102, 1, NULL, 'Not Properly Described', 'KAREEM RIDWON', '2120114016', 'UBA', NULL, NULL, NULL, 0, NULL, 0, NULL),
(54, NULL, '', NULL, 'AKINKUNBI NIGERIA LIMITED', '150000.00', 'procurement2@isaluhospitals.com', 1, '19', 1, 1, '2022-05-11 00:00:00', 1, '19', 1, '2022-05-12 08:44:20', '2022-05-11', NULL, 1, 0, '19', 95, 0, NULL, NULL, '', '0', '', NULL, '2022-05-11 00:00:00', NULL, 0, NULL, 0, NULL),
(55, NULL, '', NULL, 'LINKWAY TECHNOLOGIES LIMITED', '102125.00', 'procurement2@isaluhospitals.com', 1, NULL, 0, 0, NULL, 0, '19', 0, NULL, '2022-05-11', NULL, 0, 0, '', 95, 1, NULL, 'VAT wrongly invoiced - N6,750 as against N7,125', '', '0', '', NULL, NULL, NULL, 0, NULL, 0, NULL),
(56, NULL, '', NULL, 'REAL TECHNOLOGIES LIMITED', '61920.00', 'procurement2@isaluhospitals.com', 1, NULL, 0, 0, NULL, 0, '19', 0, NULL, '2022-05-11', NULL, 0, 0, '', 56, 1, NULL, 'Returned for Negotiation', '', '0', '', NULL, NULL, NULL, 0, NULL, 0, NULL),
(57, NULL, '', NULL, 'SUARA OLUWAKEMI TAIWO', '10000.00', 'procurement2@isaluhospitals.com', 1, '19', 1, 1, '2022-05-12 00:00:00', 1, '19', 1, '2022-05-12 02:54:10', '2022-05-11', NULL, 1, 0, '19', 95, 0, NULL, NULL, '', '0', '', NULL, '2022-05-11 00:00:00', NULL, 0, NULL, 0, NULL),
(60, NULL, '', NULL, 'SEKINAT RAJI', '8940.00', 'procurement2@isaluhospitals.com', 1, '19', 1, 1, '2022-05-11 00:00:00', 1, '19', 1, '2022-05-12 08:44:24', '2022-05-11', NULL, 1, 0, '19', 104, 0, NULL, NULL, '', '0', '', NULL, '2022-05-11 00:00:00', NULL, 0, NULL, 0, NULL),
(62, NULL, '', NULL, 'IKEDC', '1679539.00', 'procurement2@isaluhospitals.com', 1, '19', 1, 1, '2022-05-11 00:00:00', 1, '19', 1, '2022-05-12 08:44:29', '2022-05-11', NULL, 1, 0, '19', 67, 0, NULL, NULL, '', '0', '', NULL, '2022-05-11 00:00:00', NULL, 0, NULL, 0, NULL),
(64, NULL, '', NULL, 'DIESEL PLUS OIL AND GAS', '1270000.00', 'procurement2@isaluhospitals.com', 1, NULL, 0, 0, NULL, 0, '19', 0, NULL, '2022-05-11', NULL, 0, 0, '', 95, 1, NULL, 'Not properly Documented', '', '0', '', NULL, NULL, NULL, 0, NULL, 0, NULL),
(65, NULL, '', NULL, 'IDRIS ABDULKAREEM ', '4000.00', 'procurement2@isaluhospitals.com', 1, '19', 1, 1, '2022-05-12 00:00:00', 1, '19', 1, '2022-05-12 12:47:26', '2022-05-11', NULL, 1, 0, '19', 60, 0, NULL, NULL, '', '0', '', NULL, '2022-05-11 00:00:00', NULL, 0, NULL, 0, NULL),
(66, NULL, '', NULL, 'LINKWAY TECHNOLOGIES LIMITED', '101750.00', 'procurement2@isaluhospitals.com', 1, '19', 1, 1, '2022-05-12 00:00:00', 1, '19', 1, '2022-05-12 12:15:55', '2022-05-11', NULL, 1, 0, '19', 42, 0, NULL, NULL, '', '0', '', NULL, '2022-05-11 00:00:00', NULL, 0, NULL, 0, NULL),
(67, NULL, '', NULL, 'REAL TECHNOLOGIES LIMITED', '61875.00', 'procurement2@isaluhospitals.com', 1, NULL, 0, 0, NULL, 0, '19', 0, NULL, '2022-05-11', NULL, 0, 0, '', 56, 1, NULL, 'For Re-negotiation', '', '0', '', NULL, NULL, NULL, 0, NULL, 0, NULL),
(68, NULL, '', NULL, 'KEVIN DARIAN', '5000.00', 'it@isalu.com', 2, NULL, 0, 0, NULL, 0, '19', 0, NULL, '2022-05-11', NULL, 0, 0, '', 102, 1, NULL, 'Not Properly Described', '', '0', '', NULL, NULL, NULL, 0, NULL, 0, NULL),
(70, NULL, 'nill', NULL, 'oyenuga omotee', '2500.00', 'pharmacy@isaluhospitals.com', 10, '19', 1, 1, '2022-05-12 00:00:00', 1, '19', 1, '2022-05-12 09:43:28', '2022-05-12', NULL, 1, 0, '19', 10, 0, NULL, NULL, '', '0', '', NULL, '2022-05-12 00:00:00', NULL, 0, NULL, 0, NULL),
(71, NULL, '', NULL, 'ALABI ADERONKE A', '5000.00', 'procurement2@isaluhospitals.com', 1, '19', 1, 1, '2022-05-12 00:00:00', 1, '19', 1, '2022-05-12 11:23:21', '2022-05-12', NULL, 1, 0, '19', 60, 0, NULL, NULL, '', '0', '', NULL, '2022-05-12 00:00:00', NULL, 0, NULL, 0, NULL),
(72, NULL, '', NULL, 'SUARA OLUWAKEMI TAIWO', '1410000.00', 'procurement2@isaluhospitals.com', 1, NULL, 0, 1, NULL, 0, '19', 0, NULL, '2022-05-12', NULL, 0, 0, '', 95, 1, NULL, 'Wrong Description', '', '0', '', NULL, NULL, NULL, 0, NULL, 0, NULL),
(75, NULL, '', NULL, 'AWA GEORGINA', '49300.00', 'clientservice@isaluhospitals.com', 3, '19', 1, 1, '2022-05-12 00:00:00', 1, '19', 1, '2022-05-12 10:51:44', '2022-05-12', NULL, 1, 0, '19', 98, 0, NULL, NULL, '', '0', '', NULL, '2022-05-12 00:00:00', NULL, 0, NULL, 0, NULL),
(77, NULL, '1097', NULL, 'KEVIN DARIAN', '5000.00', 'it@isalu.com', 2, '19', 1, 1, '2022-05-12 00:00:00', 1, '19', 1, '2022-05-12 12:55:20', '2022-05-12', NULL, 1, 0, '19', 106, 0, NULL, NULL, '', '0', '', NULL, '2022-05-12 00:00:00', NULL, 0, NULL, 0, NULL),
(78, NULL, '', NULL, 'Folorunsho Jimoh', '81400.00', 'procurement2@isaluhospitals.com', 1, '19', 1, 1, '2022-05-12 00:00:00', 1, '19', 1, '2022-05-12 02:53:56', '2022-05-12', NULL, 1, 0, '19', 81, 0, NULL, NULL, 'Folorunsho Jimoh', '2002552068', 'Zenith Bank', NULL, '2022-05-12 00:00:00', NULL, 0, NULL, 0, NULL),
(79, NULL, '', NULL, 'Folorunsho Jimoh', '36000.00', 'procurement2@isaluhospitals.com', 1, '19', 1, 1, '2022-05-12 00:00:00', 1, '19', 1, '2022-05-12 02:54:27', '2022-05-12', NULL, 1, 0, '19', 81, 0, NULL, NULL, 'Folorunsho Jimoh', '2002552068', 'Zenith Bank', NULL, '2022-05-12 00:00:00', NULL, 0, NULL, 0, NULL),
(81, NULL, '', NULL, 'SUARA OLUWAKEMI TAIWO', '1410000.00', 'procurement2@isaluhospitals.com', 1, NULL, 0, 0, NULL, 0, '19', 0, NULL, '2022-05-12', NULL, 0, 0, '', 95, 1, NULL, 'Re-raised ', '', '0', '', NULL, NULL, NULL, 0, NULL, 0, NULL),
(82, NULL, '', NULL, 'Realtech Technologies', '56545.00', 'procurement2@isaluhospitals.com', 1, '19', 1, 1, '2022-05-12 00:00:00', 1, '19', 1, '2022-05-16 10:25:47', '2022-05-12', NULL, 1, 0, '19', 55, 0, NULL, NULL, 'Realtech Technologies ', '0', 'Cheque', NULL, '2022-05-12 00:00:00', NULL, 0, NULL, 0, NULL),
(83, NULL, '', NULL, 'Amadi Maureen', '1000.00', 'kitchen@isaluhospitals.com', 12, '19', 1, 1, '2022-05-12 00:00:00', 1, '19', 1, '2022-05-13 04:55:33', '2022-05-12', NULL, 1, 0, '19', 94, 0, NULL, NULL, '', '0', '', NULL, '2022-05-12 00:00:00', NULL, 0, NULL, 0, NULL),
(84, NULL, '', NULL, 'SUARA OLUWAKEMI TAIWO', '1410000.00', 'procurement2@isaluhospitals.com', 1, NULL, 0, 0, NULL, 0, '19', 0, NULL, '2022-05-12', NULL, 0, 0, '', 95, 1, NULL, 'KIV', '', '0', '', NULL, NULL, NULL, 0, NULL, 0, NULL),
(85, NULL, '', NULL, 'Amadi Maureen', '1750.00', 'kitchen@isaluhospitals.com', 12, '19', 1, 1, '2022-05-13 00:00:00', 1, '19', 1, '2022-05-13 04:55:20', '2022-05-12', NULL, 1, 1, '19', 98, 0, NULL, NULL, '', '0', '', NULL, '2022-05-12 00:00:00', NULL, 0, NULL, 0, NULL),
(86, NULL, '', NULL, 'SUARA OLUWAKEMI TAIWO', '5000.00', 'procurement2@isaluhospitals.com', 1, '19', 1, 1, '2022-05-12 00:00:00', 1, '19', 1, '2022-05-12 06:06:37', '2022-05-12', NULL, 1, 0, '19', 60, 0, NULL, NULL, '', '0', '', NULL, '2022-05-12 00:00:00', NULL, 0, NULL, 0, NULL),
(87, NULL, '', NULL, 'ismail Tunde', '8000.00', 'procurement2@isaluhospitals.com', 1, '19', 1, 1, '2022-05-12 00:00:00', 1, '19', 1, '2022-05-12 04:05:50', '2022-05-12', NULL, 1, 1, '19', 83, 0, NULL, NULL, '', '0', '', NULL, '2022-05-12 00:00:00', NULL, 0, NULL, 0, NULL),
(88, NULL, '', NULL, 'Alabi Aderonke', '1000.00', 'procurement2@isaluhospitals.com', 1, '19', 1, 1, '2022-05-12 00:00:00', 1, '19', 1, '2022-05-12 05:54:33', '2022-05-12', NULL, 1, 0, '19', 60, 0, NULL, NULL, '', '0', '', NULL, '2022-05-12 00:00:00', NULL, 0, NULL, 0, NULL),
(93, NULL, '', NULL, 'Dayo Adekoya', '85000.00', 'procurement@isaluhospitals.com', 1, '19', 1, 1, '2022-05-13 00:00:00', 1, '19', 1, '2022-05-16 10:27:49', '2022-05-12', NULL, 1, 0, '19', 95, 0, NULL, NULL, '', '0', '', NULL, '2022-05-12 00:00:00', NULL, 0, NULL, 0, NULL),
(95, NULL, '', NULL, 'SUARA OLUWAKEMI TAIWO', '30000.00', 'procurement2@isaluhospitals.com', 1, NULL, 0, 0, NULL, 0, '19', 0, NULL, '2022-05-12', NULL, 0, 0, '', 95, 0, NULL, NULL, '', '0', '', NULL, NULL, NULL, 0, NULL, 0, NULL),
(96, NULL, '', NULL, 'SUARA OLUWAKEMI TAIWO', '30000.00', 'procurement2@isaluhospitals.com', 1, NULL, 0, 0, NULL, 0, '19', 0, NULL, '2022-05-12', NULL, 0, 0, '', 95, 1, NULL, 'Not for Site but for Rm 112 at AY', '', '0', '', NULL, NULL, NULL, 0, NULL, 0, NULL),
(97, NULL, '', NULL, 'WORTHWHILE VENTURES LIMITED', '18705.00', 'procurement2@isaluhospitals.com', 1, '19', 1, 1, '2022-05-13 00:00:00', 1, '19', 1, '2022-05-16 10:30:32', '2022-05-12', NULL, 1, 0, '19', 95, 0, NULL, NULL, 'WORTHWHILE VENTURES LIMITED', '1770002011', 'POLARIS BANK LTD', NULL, '2022-05-12 00:00:00', NULL, 0, NULL, 0, NULL),
(98, NULL, '', NULL, 'SANKAZ IRON CONSTRUCTION WORKS', '80000.00', 'procurement2@isaluhospitals.com', 1, NULL, 0, 0, NULL, 0, '19', 0, NULL, '2022-05-12', NULL, 0, 0, '', 95, 1, NULL, 'N60,000.00 advance payment to be raised first.', 'SANUSI KAZEEM', '0', '', NULL, NULL, NULL, 0, NULL, 0, NULL),
(99, NULL, '', NULL, 'AMADI MAUREEM', '63900.00', 'procurement2@isaluhospitals.com', 1, '19', 1, 1, '2022-05-12 00:00:00', 1, '19', 1, '2022-05-13 05:45:33', '2022-05-12', NULL, 1, 0, '19', 14, 0, NULL, NULL, '', '0', '', NULL, '2022-05-12 00:00:00', NULL, 0, NULL, 0, NULL),
(100, NULL, '', NULL, 'SEKINAT RAJI', '4800.00', 'procurement2@isaluhospitals.com', 1, '19', 1, 1, '2022-05-13 00:00:00', 1, '19', 1, '2022-05-16 10:30:45', '2022-05-13', NULL, 1, 0, '19', 60, 0, NULL, NULL, '', '0', '', NULL, '2022-05-13 00:00:00', NULL, 0, NULL, 0, NULL),
(101, NULL, 'IHL/989', NULL, 'Omobhude Evelyn', '4000.00', 'clientservice@isaluhospitals.com', 3, '19', 1, 1, '2022-05-13 00:00:00', 1, '19', 1, '2022-05-16 09:48:15', '2022-05-13', NULL, 1, 1, '19', 107, 0, NULL, NULL, 'Omobhude Evelyn', '2088786607', 'Zenith', NULL, '2022-05-13 00:00:00', NULL, 0, NULL, 0, NULL),
(102, NULL, '', NULL, 'Sunday Iduma ', '50000.00', 'procurement@isaluhospitals.com', 1, NULL, 0, 0, NULL, 0, '19', 0, NULL, '2022-05-13', NULL, 0, 0, '', 108, 1, NULL, 'Wrong Description', '', '0', '', NULL, NULL, NULL, 0, NULL, 0, NULL),
(104, NULL, '', NULL, 'QUALITY BOOKS AND STATIONERY STORES', '293700.00', 'procurement2@isaluhospitals.com', 1, '22', 1, 1, '2022-05-18 00:00:00', 1, '19', 1, '2022-05-18 02:52:25', '2022-05-13', NULL, 0, 0, '', 75, 0, NULL, NULL, '', '0', '', NULL, '2022-05-13 00:00:00', NULL, 0, NULL, 0, NULL),
(105, NULL, '', NULL, 'Sunday Iduma', '50000.00', 'procurement@isaluhospitals.com', 1, '19', 1, 1, '2022-05-13 00:00:00', 1, '19', 1, '2022-05-16 10:31:02', '2022-05-13', NULL, 1, 0, '19', 108, 0, NULL, NULL, '', '0', '', NULL, '2022-05-13 00:00:00', NULL, 0, NULL, 0, NULL),
(106, NULL, '', NULL, 'DIAMOND MEDICAL LABORATORY', '34000.00', 'laboratory@isaluhospitals.com', 5, '19', 1, 1, '2022-05-13 00:00:00', 1, '19', 1, '2022-05-16 10:31:15', '2022-05-13', NULL, 1, 0, '19', 12, 0, NULL, NULL, '', '0', '', NULL, '2022-05-13 00:00:00', NULL, 0, NULL, 0, NULL),
(107, NULL, '', NULL, 'ORIS MEDICAL LABORATORY', '58000.00', 'laboratory@isaluhospitals.com', 5, '19', 1, 1, '2022-05-13 00:00:00', 1, '19', 1, '2022-05-16 10:31:26', '2022-05-13', NULL, 1, 0, '19', 12, 0, NULL, NULL, '', '0', '', NULL, '2022-05-13 00:00:00', NULL, 0, NULL, 0, NULL),
(108, NULL, '', NULL, 'IPAYE NIMOTA BUKOLA', '1600.00', 'procurement2@isaluhospitals.com', 1, '19', 0, 0, '2022-05-13 00:00:00', 0, '19', 1, '2022-05-13 12:38:08', '2022-05-13', NULL, 1, 0, '19', 60, 1, NULL, '', '', '0', '', NULL, NULL, NULL, 0, NULL, 0, NULL),
(109, NULL, '', NULL, 'IPAYE NIMOTA BUKOLA', '6400.00', 'procurement2@isaluhospitals.com', 1, '19', 0, 0, '2022-05-13 00:00:00', 0, '19', 1, '2022-05-13 11:33:50', '2022-05-13', NULL, 1, 0, '19', 60, 1, NULL, '', '', '0', '', NULL, NULL, NULL, 0, NULL, 0, NULL),
(110, NULL, '', NULL, 'SUARA OLUWAKEMI TAIWO', '243000.00', 'procurement2@isaluhospitals.com', 1, NULL, 0, 0, NULL, 0, '19', 0, NULL, '2022-05-13', NULL, 0, 0, '', 62, 1, NULL, 'Not completely done', '', '0', '', NULL, NULL, NULL, 0, NULL, 0, NULL),
(113, NULL, '', NULL, 'SUARA OLUWAKEMI TAIWO', '834200.00', 'procurement2@isaluhospitals.com', 1, NULL, 0, 0, NULL, 0, '19', 0, NULL, '2022-05-13', NULL, 0, 0, '', 62, 1, NULL, 'Not Properly Described', '', '0', '', NULL, NULL, NULL, 0, NULL, 0, NULL),
(114, NULL, 'IHL/891', NULL, 'HYPARXIS INTEGRATED SOLUTIONS', '70560.00', 'it@isalu.com', 2, '19', 1, 1, '2022-05-13 00:00:00', 1, '19', 1, '2022-05-16 10:31:54', '2022-05-13', NULL, 1, 0, '19', 102, 0, NULL, NULL, 'HYPARXIS INTEGRATED SOLUTIONS', '2147483647', 'FCMB', NULL, '2022-05-13 00:00:00', NULL, 0, NULL, 0, NULL),
(115, NULL, '267', NULL, 'Labode Macsam', '2000.00', 'hr@isaluhospitals.com', 13, '19', 1, 1, '2022-05-13 00:00:00', 1, '19', 1, '2022-05-13 05:50:01', '2022-05-13', NULL, 1, 0, '19', 71, 0, NULL, NULL, '', '0', '', NULL, '2022-05-13 00:00:00', NULL, 0, NULL, 0, NULL),
(116, NULL, '', NULL, 'IPAYE NIMOTA BUKOLA', '42200.00', 'procurement2@isaluhospitals.com', 1, NULL, 0, 0, NULL, 0, '19', 0, NULL, '2022-05-13', NULL, 0, 0, '', 60, 0, NULL, NULL, '', '0', '', NULL, NULL, NULL, 0, NULL, 0, NULL),
(120, NULL, '', NULL, 'SUARA OLUWAKEMI TAIWO', '834200.00', 'procurement2@isaluhospitals.com', 1, NULL, 0, 0, NULL, 0, '19', 0, NULL, '2022-05-13', NULL, 0, 0, '', 62, 1, NULL, 'Not Properly Described', '', '0', '', NULL, NULL, NULL, 0, NULL, 0, NULL),
(121, NULL, '', NULL, 'SUARA OLUWAKEMI TAIWO', '834200.00', 'procurement2@isaluhospitals.com', 1, '19', 1, 1, '2022-05-13 00:00:00', 1, '19', 1, '2022-05-18 12:52:49', '2022-05-13', NULL, 1, 0, '19', 62, 0, NULL, NULL, '', '0', '', NULL, '2022-05-13 00:00:00', NULL, 0, NULL, 0, NULL),
(122, NULL, 'IHL/891', NULL, 'IBIDUN OLUWATOSIN', '6059.30', 'it@isalu.com', 2, '19', 1, 1, '2022-05-16 00:00:00', 1, '19', 1, '2022-05-16 05:56:33', '2022-05-13', NULL, 1, 0, '19', 102, 0, NULL, NULL, 'IBIDUN OLUWATOSIN', '2147483647', 'ZENITH BANK', NULL, '2022-05-13 00:00:00', NULL, 0, NULL, 0, NULL),
(123, NULL, '', NULL, 'LASISI TAIWO DAVID', '28000.00', 'procurement2@isaluhospitals.com', 1, NULL, 0, 0, NULL, 0, '19', 0, NULL, '2022-05-13', NULL, 0, 0, '', 85, 1, NULL, 'Wrong Description', '', '0', '', NULL, NULL, NULL, 0, NULL, 0, NULL),
(124, NULL, '', NULL, 'EKE NIGERIA LIMITED', '6000.00', 'procurement2@isaluhospitals.com', 1, '19', 1, 1, '2022-05-13 00:00:00', 1, '19', 1, '2022-05-16 05:56:45', '2022-05-13', NULL, 1, 0, '19', 60, 0, NULL, NULL, '', '0', '', NULL, '2022-05-13 00:00:00', NULL, 0, NULL, 0, NULL),
(127, NULL, '', NULL, 'CLINX LABORATORY ', '71100.00', 'clientservice@isaluhospitals.com', 3, '19', 1, 1, '2022-05-16 00:00:00', 1, '19', 1, '2022-05-16 05:56:51', '2022-05-13', NULL, 1, 0, '19', 109, 0, NULL, NULL, '', '0', '', NULL, '2022-05-13 00:00:00', NULL, 0, NULL, 0, NULL),
(128, NULL, '', NULL, 'LASIS DAVID TAIWO', '28000.00', 'procurement2@isaluhospitals.com', 1, '19', 1, 1, '2022-05-13 00:00:00', 1, '19', 1, '2022-05-16 10:35:42', '2022-05-13', NULL, 1, 0, '19', 84, 0, NULL, NULL, '', '0', '', NULL, '2022-05-13 00:00:00', NULL, 0, NULL, 0, NULL),
(129, NULL, '', NULL, 'SANKAZ IRON CONSTRUCTION WORKS', '80000.00', 'procurement@isaluhospitals.com', 1, '19', 1, 1, '2022-05-13 00:00:00', 1, '19', 1, '2022-05-13 04:56:21', '2022-05-13', NULL, 1, 0, '19', 95, 0, NULL, NULL, '', '0', '', NULL, '2022-05-13 00:00:00', NULL, 0, NULL, 0, NULL),
(130, NULL, '', NULL, 'ORIS MEDICAL LABORATORY', '85000.00', 'laboratory@isaluhospitals.com', 5, '19', 1, 1, '2022-05-13 00:00:00', 1, '19', 1, '2022-05-16 10:36:27', '2022-05-13', NULL, 1, 0, '19', 12, 0, NULL, NULL, '', '0', '', NULL, '2022-05-13 00:00:00', NULL, 0, NULL, 0, NULL),
(131, NULL, '', NULL, 'SHARAFA AZEEZ', '2000.00', 'hr@isaluhospitals.com', 13, NULL, 0, 0, NULL, 0, '19', 0, NULL, '2022-05-13', NULL, 0, 0, '', 28, 1, NULL, 'Not Properly Described', '', '0', '', NULL, NULL, NULL, 0, NULL, 0, NULL),
(132, NULL, '', NULL, 'SHARAFA AZEEZ', '2000.00', 'hr@isaluhospitals.com', 13, NULL, 0, 0, NULL, 0, '19', 0, NULL, '2022-05-13', NULL, 0, 0, '', 28, 1, NULL, 'Not Properly Described', '', '0', '', NULL, NULL, NULL, 0, NULL, 0, NULL),
(133, NULL, '', NULL, 'SHARAFA AZEEZ', '4000.00', 'hr@isaluhospitals.com', 13, '19', 1, 1, '2022-05-13 00:00:00', 1, '19', 1, '2022-05-13 05:42:55', '2022-05-13', NULL, 1, 0, '19', 88, 0, NULL, NULL, '', '0', '', NULL, '2022-05-13 00:00:00', NULL, 0, NULL, 0, NULL),
(135, NULL, '', NULL, 'Alabi Aderonke Atinuke', '7000.00', 'procurement2@isaluhospitals.com', 1, '19', 1, 1, '2022-05-13 00:00:00', 1, '19', 1, '2022-05-13 05:39:27', '2022-05-13', NULL, 1, 0, '19', 8, 0, NULL, NULL, '', '0', '', NULL, '2022-05-13 00:00:00', NULL, 0, NULL, 0, NULL),
(136, NULL, '', NULL, 'ADEBOLA HASSAN', '4000.00', 'bcc@isaluhospitals.com', 16, NULL, 0, 0, NULL, 0, '', 0, NULL, '2022-05-13', NULL, 0, 1, '23', 110, 1, NULL, 'The description is not detailed enough', 'ADEBOLA HASSAN', '1410147855', 'ACCESS BANK', NULL, NULL, NULL, 0, NULL, 0, NULL),
(137, NULL, '', NULL, 'ADEBOLA HASSAN', '4000.00', 'bcc@isaluhospitals.com', 16, '19', 1, 1, '2022-05-13 00:00:00', 1, '19', 1, '2022-05-16 05:57:00', '2022-05-13', NULL, 1, 1, '19', 110, 0, NULL, NULL, 'ADEBOLA HASSAN', '1410147855', 'ACCESS BANK', NULL, '2022-05-13 00:00:00', NULL, 0, NULL, 0, NULL),
(138, NULL, '', NULL, 'DR SANGOBIYI TOPE', '9000.00', 'clientservice@isaluhospitals.com', 3, '19', 1, 1, '2022-05-16 00:00:00', 1, '19', 1, '2022-05-16 12:25:33', '2022-05-14', NULL, 1, 0, '19', 105, 0, NULL, NULL, '', '0', '', NULL, '2022-05-14 00:00:00', NULL, 0, NULL, 0, NULL),
(140, NULL, '', NULL, 'DR SANGOBIYI TOPE', '15000.00', 'clientservice@isaluhospitals.com', 3, '19', 1, 1, '2022-05-16 00:00:00', 1, '19', 1, '2022-05-16 12:25:14', '2022-05-14', NULL, 1, 0, '19', 105, 0, NULL, NULL, '', '0', '', NULL, '2022-05-14 00:00:00', NULL, 0, NULL, 0, NULL),
(141, NULL, '', NULL, 'Biyi Morakinyo', '35000.00', 'procurement2@isaluhospitals.com', 1, '19', 1, 1, '2022-05-16 00:00:00', 1, '19', 1, '2022-05-16 11:34:12', '2022-05-16', NULL, 1, 0, '19', 104, 0, NULL, NULL, '', '0', 'Cash', NULL, '2022-05-16 00:00:00', NULL, 0, NULL, 0, NULL),
(142, NULL, '', NULL, 'BLAYZON VENTURES LIMITED', '16200.00', 'procurement2@isaluhospitals.com', 1, '19', 1, 1, '2022-05-16 00:00:00', 1, '19', 1, '2022-05-16 05:57:11', '2022-05-16', NULL, 1, 0, '19', 95, 0, NULL, NULL, '', '0', '', NULL, '2022-05-16 00:00:00', NULL, 0, NULL, 0, NULL),
(143, NULL, '', NULL, 'MAUREEN AMADI', '147000.00', 'procurement2@isaluhospitals.com', 1, '19', 1, 1, '2022-05-16 00:00:00', 1, '19', 1, '2022-05-16 06:00:51', '2022-05-16', NULL, 1, 0, '19', 14, 0, NULL, NULL, '', '0', '', NULL, '2022-05-16 00:00:00', NULL, 0, NULL, 0, NULL),
(144, NULL, '', NULL, 'DAYO ADEKOYA&CO', '10000.00', 'procurement2@isaluhospitals.com', 1, '19', 1, 1, '2022-05-16 00:00:00', 1, '19', 1, '2022-05-16 05:57:20', '2022-05-16', NULL, 1, 0, '19', 95, 0, NULL, NULL, '', '0', '', NULL, '2022-05-16 00:00:00', NULL, 0, NULL, 0, NULL),
(145, NULL, '', NULL, 'BLAYZON VENTURES LIMITED', '6500.00', 'procurement2@isaluhospitals.com', 1, NULL, 0, 0, NULL, 0, '19', 0, NULL, '2022-05-16', NULL, 0, 0, '', 8, 0, NULL, NULL, '', '0', '', NULL, NULL, NULL, 0, NULL, 0, NULL),
(146, NULL, '', NULL, 'Ismaila', '70000.00', 'procurement2@isaluhospitals.com', 1, '19', 1, 1, '2022-05-16 00:00:00', 1, '19', 1, '2022-05-16 05:57:29', '2022-05-16', NULL, 1, 0, '19', 31, 0, NULL, NULL, 'Cash', '0', '', NULL, '2022-05-16 00:00:00', NULL, 0, NULL, 0, NULL),
(147, NULL, '', NULL, 'BLAYZON VENTURES LIMITED', '6500.00', 'procurement2@isaluhospitals.com', 1, NULL, 0, 0, NULL, 0, '19', 0, NULL, '2022-05-16', NULL, 0, 0, '', 8, 1, NULL, 'WRONG CLASSIFICATION - DRUGS', '', '0', '', NULL, NULL, NULL, 0, NULL, 0, NULL),
(148, NULL, '', NULL, 'ADENIRAN SUNDAY MAYOWA', '68000.00', 'procurement2@isaluhospitals.com', 1, '19', 1, 1, '2022-05-17 00:00:00', 1, '19', 1, '2022-05-17 12:55:11', '2022-05-16', NULL, 1, 0, '19', 95, 0, NULL, NULL, '', '0', '', NULL, '2022-05-16 00:00:00', NULL, 0, NULL, 0, NULL),
(149, NULL, '', NULL, 'Abubakar Badmus', '100000.00', 'procurement2@isaluhospitals.com', 1, '19', 1, 1, '2022-05-16 00:00:00', 1, '19', 1, '2022-05-16 05:57:38', '2022-05-16', NULL, 1, 0, '19', 95, 0, NULL, NULL, 'Abubakar Badmus', '68277670', 'GTBank', NULL, '2022-05-16 00:00:00', NULL, 0, NULL, 0, NULL),
(151, NULL, '', NULL, 'IPAYE NIMOTA BUKOLA', '76000.00', 'procurement2@isaluhospitals.com', 1, NULL, 0, 0, NULL, 0, '19', 0, NULL, '2022-05-16', NULL, 0, 0, '', 60, 1, NULL, 'Not Properly Described', '', '0', '', NULL, NULL, NULL, 0, NULL, 0, NULL),
(152, NULL, '', NULL, 'AWA GEORGINA', '3500.00', 'clientservice@isaluhospitals.com', 3, '19', 1, 1, '2022-05-16 00:00:00', 1, '19', 1, '2022-05-18 05:08:26', '2022-05-16', NULL, 1, 0, '19', 98, 0, NULL, NULL, '', '0', '', NULL, '2022-05-16 00:00:00', NULL, 0, NULL, 0, NULL),
(153, NULL, '', NULL, 'RIDWON DATABASE AND TECHNOLOGY SERVI', '30000.00', 'procurement2@isaluhospitals.com', 1, NULL, 0, 1, NULL, 0, '19', 0, NULL, '2022-05-16', NULL, 0, 0, '', 102, 0, NULL, NULL, 'KAREEM RIDWON', '0', 'UBA', NULL, NULL, NULL, 0, NULL, 0, NULL),
(154, NULL, '', NULL, 'IPAYE NIMOTA BUKOLA', '76000.00', 'procurement2@isaluhospitals.com', 1, '19', 1, 1, '2022-05-16 00:00:00', 1, '19', 1, '2022-05-16 05:57:58', '2022-05-16', NULL, 1, 0, '19', 60, 0, NULL, NULL, '', '0', '', NULL, '2022-05-16 00:00:00', NULL, 0, NULL, 0, NULL),
(155, NULL, '', NULL, 'IPAYE NIMOTA OLUBUKOLA', '8000.00', 'procurement2@isaluhospitals.com', 1, NULL, 0, 0, NULL, 0, '19', 0, NULL, '2022-05-16', NULL, 0, 0, '', 8, 1, NULL, 'Wrongly Classified', '', '0', '', NULL, NULL, NULL, 0, NULL, 0, NULL),
(156, NULL, '', NULL, 'IDRIS ABDULKREEM ', '10000.00', 'procurement2@isaluhospitals.com', 1, '19', 1, 1, '2022-05-16 00:00:00', 1, '19', 1, '2022-05-16 05:19:43', '2022-05-16', NULL, 1, 0, '19', 95, 0, NULL, NULL, '', '0', '', NULL, '2022-05-16 00:00:00', NULL, 0, NULL, 0, NULL),
(157, NULL, '', NULL, 'Ige Banji', '100000.00', 'procurement2@isaluhospitals.com', 1, '19', 1, 1, '2022-05-17 00:00:00', 1, '19', 1, '2022-05-17 05:23:02', '2022-05-16', NULL, 1, 0, '19', 68, 0, NULL, NULL, 'Cash', '0', '', NULL, '2022-05-16 00:00:00', NULL, 0, NULL, 0, NULL),
(158, NULL, '', NULL, 'SAGELIFE', '13000.00', 'clientservice@isaluhospitals.com', 3, '19', 1, 1, '2022-05-17 00:00:00', 1, '19', 0, NULL, '2022-05-16', NULL, 1, 0, '19', 109, 0, NULL, NULL, '', '0', '', NULL, '2022-05-16 00:00:00', NULL, 0, NULL, 0, NULL),
(159, NULL, '', NULL, 'Ogbonna Njoku', '1000.00', 'procurement2@isaluhospitals.com', 1, '19', 1, 1, '2022-05-17 00:00:00', 1, '19', 1, '2022-05-17 12:55:20', '2022-05-17', NULL, 1, 0, '19', 95, 0, NULL, NULL, 'Ogbonna Njoku', '42252082', 'Access Bank', NULL, '2022-05-17 00:00:00', NULL, 0, NULL, 0, NULL),
(160, NULL, '', NULL, 'MR. GBENGA (DISPATCH RIDER)', '11800.00', 'bcc@isaluhospitals.com', 16, '19', 1, 1, '2022-05-17 00:00:00', 1, '19', 1, '2022-05-18 12:53:05', '2022-05-17', NULL, 1, 0, '19', 70, 0, NULL, NULL, 'MR. GBENGA DISPATCH RIDER', '0', 'CASH', NULL, '2022-05-17 00:00:00', NULL, 0, NULL, 0, NULL),
(161, NULL, '', NULL, 'IPAYE BUKOLA ', '8000.00', 'procurement2@isaluhospitals.com', 1, '19', 1, 1, '2022-05-17 00:00:00', 1, '19', 1, '2022-05-17 12:31:49', '2022-05-17', NULL, 1, 0, '19', 60, 0, NULL, NULL, '', '0', '', NULL, '2022-05-17 00:00:00', NULL, 0, NULL, 0, NULL),
(162, NULL, '', NULL, 'BLAYZON VENTURES LIMITED', '6500.00', 'procurement2@isaluhospitals.com', 1, '19', 1, 1, '2022-05-17 00:00:00', 1, '19', 1, '2022-05-18 12:53:17', '2022-05-17', NULL, 1, 0, '19', 60, 0, NULL, NULL, '', '0', '', NULL, '2022-05-17 00:00:00', NULL, 0, NULL, 0, NULL),
(163, NULL, '', NULL, 'MEDILEAD INTEGRITY NIGERIA LIMITED', '75000.00', 'procurement2@isaluhospitals.com', 1, '19', 1, 1, '2022-05-18 00:00:00', 1, '19', 1, '2022-05-19 01:42:21', '2022-05-17', NULL, 1, 0, '19', 60, 0, NULL, NULL, 'TIAMIYU MICHAEL', '2147483647', 'ZENITH BANK', NULL, '2022-05-17 00:00:00', NULL, 0, NULL, 0, NULL),
(165, NULL, '', NULL, 'MEDILEAD INTEGRITY NIGERIA LIMITED', '75000.00', 'procurement2@isaluhospitals.com', 1, '19', 1, 1, '2022-05-18 00:00:00', 1, '19', 0, NULL, '2022-05-17', NULL, 1, 0, '19', 60, 0, NULL, NULL, 'TIAMIYU MICHAEL', '2147483647', 'ZENITH BANK', NULL, '2022-05-17 00:00:00', NULL, 0, NULL, 0, NULL),
(166, NULL, '', NULL, 'EQUATOR MEDICS INTERNATIONAL LIMITED', '6400.00', 'procurement2@isaluhospitals.com', 1, NULL, 0, 0, NULL, 0, '19', 0, NULL, '2022-05-17', NULL, 0, 0, '', 12, 1, NULL, 'ALREADY DONE ON REQUISITION MODULE', 'EQUATOR MEDICS INTERNATIONAL LIMITED', '2147483647', 'FIDELITY BANK', NULL, NULL, NULL, 0, NULL, 0, NULL),
(167, NULL, '', NULL, 'DIESEL PLUS OIL AND GAS', '635.00', 'procurement2@isaluhospitals.com', 1, NULL, 0, 0, NULL, 0, '19', 0, NULL, '2022-05-17', NULL, 0, 0, '', 103, 1, NULL, 'Wrong Amount', '', '0', '', NULL, NULL, NULL, 0, NULL, 0, NULL),
(168, NULL, '', NULL, 'DIESEL PLUS OIL AND GAS', '635.00', 'procurement2@isaluhospitals.com', 1, NULL, 0, 0, NULL, 0, '19', 0, NULL, '2022-05-17', NULL, 0, 0, '', 103, 1, NULL, 'Wrong Amount', '', '0', '', NULL, NULL, NULL, 0, NULL, 0, NULL),
(169, NULL, '', NULL, 'DIESEL PLUS OIL AND GAS', '4445000.00', 'procurement2@isaluhospitals.com', 1, '19', 1, 1, '2022-05-17 00:00:00', 1, '19', 1, '2022-05-18 12:53:38', '2022-05-17', NULL, 1, 0, '19', 103, 0, NULL, NULL, '', '0', '', NULL, '2022-05-17 00:00:00', NULL, 0, NULL, 0, NULL),
(171, NULL, '', NULL, 'GOK NIGERIA LIMITED', '4980000.00', 'procurement2@isaluhospitals.com', 1, '19', 1, 1, '2022-05-17 00:00:00', 1, '19', 1, '2022-05-18 12:53:44', '2022-05-17', NULL, 1, 0, '19', 11, 0, NULL, NULL, '', '0', '', NULL, '2022-05-17 00:00:00', NULL, 0, NULL, 0, NULL),
(172, NULL, '', NULL, 'DR SANGOBIYI TOPE', '7000.00', 'clientservice@isaluhospitals.com', 3, NULL, 0, 0, NULL, 0, '19', 0, NULL, '2022-05-17', NULL, 0, 0, '', 105, 1, NULL, 'Not properly raised: Patient\'s name & file number not included', '', '0', '', NULL, NULL, NULL, 0, NULL, 0, NULL),
(173, NULL, '', NULL, 'SANGOBIYI TOPE', '7000.00', 'clientservice@isaluhospitals.com', 3, '19', 1, 1, '2022-05-18 00:00:00', 1, '19', 1, '2022-05-18 10:26:45', '2022-05-17', NULL, 1, 0, '19', 105, 0, NULL, NULL, '', '0', '', NULL, '2022-05-17 00:00:00', NULL, 0, NULL, 0, NULL),
(174, NULL, '', NULL, 'Juwan Aluminium', '300000.00', 'procurement2@isaluhospitals.com', 1, '19', 1, 1, '2022-05-18 00:00:00', 1, '19', 1, '2022-05-19 01:42:40', '2022-05-18', NULL, 1, 0, '19', 95, 0, NULL, NULL, 'Juwan Aluminium', '2147483647', 'FCMB', NULL, '2022-05-18 00:00:00', NULL, 0, NULL, 0, NULL),
(175, NULL, '', NULL, 'Amadi maureen', '1400.00', 'kitchen@isaluhospitals.com', 12, '19', 1, 1, '2022-05-19 00:00:00', 1, '19', 1, '2022-05-19 05:40:43', '2022-05-18', NULL, 1, 0, '19', 111, 0, NULL, NULL, '', '0', '', NULL, '2022-05-18 00:00:00', NULL, 0, NULL, 0, NULL),
(176, NULL, '', NULL, 'olabode', '1300.00', 'nursing@isaluhospitals.com', 4, NULL, 0, 0, NULL, 0, '19', 0, NULL, '2022-05-18', NULL, 0, 0, '', 110, 1, NULL, 'Duplicated', '', '0', '', NULL, NULL, NULL, 0, NULL, 0, NULL),
(177, NULL, '', NULL, 'olabode', '1300.00', 'nursing@isaluhospitals.com', 4, '19', 1, 1, '2022-05-20 00:00:00', 1, '19', 1, '2022-05-26 12:50:21', '2022-05-18', NULL, 1, 0, '19', 110, 0, NULL, NULL, '', '0', '', NULL, '2022-05-18 00:00:00', NULL, 1, 46, 0, NULL),
(178, NULL, '', NULL, 'Nafiu. A. Bashir', '57000.00', 'procurement2@isaluhospitals.com', 1, '19', 1, 1, '2022-05-19 00:00:00', 1, '19', 1, '2022-05-20 01:03:53', '2022-05-18', NULL, 1, 0, '19', 37, 0, NULL, NULL, 'Nafiu. A. Bashir', '2147483647', 'FBN PLC', NULL, '2022-05-18 00:00:00', NULL, 0, NULL, 0, NULL),
(179, NULL, '', NULL, 'PRESTIGE PAINTS COMPANY LIMITED', '8000.00', 'procurement2@isaluhospitals.com', 1, '19', 1, 1, '2022-05-18 00:00:00', 1, '19', 1, '2022-05-19 01:43:03', '2022-05-18', NULL, 1, 0, '19', 95, 0, NULL, NULL, 'FOLOHUNSHO JIMOH.O', '2002552068', 'ZENITH BANK', NULL, '2022-05-18 00:00:00', NULL, 0, NULL, 0, NULL),
(180, NULL, '', NULL, 'HARBEY TECH SYSTEMS', '21500.00', 'procurement2@isaluhospitals.com', 1, '19', 1, 1, '2022-05-19 00:00:00', 1, '19', 1, '2022-05-19 01:43:19', '2022-05-18', NULL, 1, 0, '19', 102, 0, NULL, NULL, 'ADEKUNLE GBENGA SAMUEL', '2147483647', 'FIRST BANK', NULL, '2022-05-18 00:00:00', NULL, 0, NULL, 0, NULL),
(181, NULL, '', NULL, 'Biyi Morakinyo', '15000.00', 'procurement2@isaluhospitals.com', 1, '19', 1, 1, '2022-05-18 00:00:00', 1, '19', 1, '2022-05-19 11:22:39', '2022-05-18', NULL, 1, 0, '19', 95, 0, NULL, NULL, '', '0', '', NULL, '2022-05-18 00:00:00', NULL, 0, NULL, 0, NULL),
(182, NULL, '', NULL, 'IPAYE NIMOTA OLUBUKOLA', '35000.00', 'procurement2@isaluhospitals.com', 1, NULL, 0, 0, NULL, 0, '19', 0, NULL, '2022-05-18', NULL, 0, 0, '', 95, 1, NULL, 'Description should be N30,000.00 advance, N5,000.00 after completion. ', '', '0', '', NULL, NULL, NULL, 0, NULL, 0, NULL),
(183, NULL, '', NULL, 'IPAYE NIMOTA OLUBUKOLA', '35000.00', 'procurement2@isaluhospitals.com', 1, '19', 1, 1, '2022-05-18 00:00:00', 1, '19', 1, '2022-05-19 03:53:02', '2022-05-18', NULL, 1, 0, '19', 95, 0, NULL, NULL, '', '0', '', NULL, '2022-05-18 00:00:00', NULL, 0, NULL, 0, NULL),
(184, NULL, '', NULL, 'Harbidare Consult', '103305.00', 'procurement2@isaluhospitals.com', 1, '19', 1, 1, '2022-05-19 00:00:00', 1, '19', 1, '2022-05-20 01:04:11', '2022-05-18', NULL, 1, 0, '19', 95, 0, NULL, NULL, '', '0', '', NULL, '2022-05-18 00:00:00', NULL, 1, NULL, 0, NULL),
(185, NULL, '', NULL, 'SEKINAT RAJI', '800.00', 'procurement2@isaluhospitals.com', 1, '19', 1, 1, '2022-05-19 00:00:00', 1, '19', 1, '2022-05-24 12:02:02', '2022-05-18', NULL, 1, 0, '19', 60, 0, NULL, NULL, '', '0', '', NULL, '2022-05-18 00:00:00', NULL, 1, 47, 0, NULL),
(186, NULL, '', NULL, 'SUARA OLUWAKEMI TAIWO', '9600.00', 'procurement2@isaluhospitals.com', 1, NULL, 0, 1, NULL, 0, '19', 0, NULL, '2022-05-19', NULL, 0, 0, '', 60, 1, NULL, 'Not Properly Described', '', '0', '', NULL, NULL, NULL, 0, NULL, 0, NULL),
(188, NULL, '', NULL, 'Hassan Tunde', '31200.00', 'procurement2@isaluhospitals.com', 1, '19', 1, 1, '2022-05-19 00:00:00', 1, '19', 1, '2022-05-20 01:04:24', '2022-05-19', NULL, 1, 0, '19', 95, 0, NULL, NULL, '0007436768', '0', 'GTB', NULL, '2022-05-19 00:00:00', NULL, 0, NULL, 0, NULL),
(189, NULL, '', NULL, 'SUARA OLUWAKEMI TAIWO', '6800.00', 'procurement2@isaluhospitals.com', 1, NULL, 0, 0, NULL, 0, '19', 0, NULL, '2022-05-19', NULL, 0, 0, '', 60, 1, NULL, 'Not Properly Described', '', '0', '', NULL, NULL, NULL, 0, NULL, 0, NULL),
(190, NULL, '', NULL, 'Alabi Aderonke Atinuke', '2800.00', 'procurement2@isaluhospitals.com', 1, NULL, 0, 0, NULL, 0, '19', 0, NULL, '2022-05-19', NULL, 0, 0, '', 8, 1, NULL, 'Duplication', '', '0', '', NULL, NULL, NULL, 0, NULL, 0, NULL),
(191, NULL, '', NULL, 'Kemi Suara', '18000.00', 'procurement2@isaluhospitals.com', 1, '19', 1, 1, '2022-05-19 00:00:00', 1, '19', 1, '2022-05-19 01:08:08', '2022-05-19', NULL, 1, 0, '19', 95, 0, NULL, NULL, 'Cash', '0', '', NULL, '2022-05-19 00:00:00', NULL, 0, NULL, 0, NULL),
(192, NULL, '', NULL, 'Alabi Aderonke Atinuke', '2800.00', 'procurement2@isaluhospitals.com', 1, '19', 1, 1, '2022-05-19 00:00:00', 1, '19', 1, '2022-05-19 01:08:49', '2022-05-19', NULL, 1, 0, '19', 8, 0, NULL, NULL, '', '0', '', NULL, '2022-05-19 00:00:00', NULL, 0, NULL, 0, NULL),
(195, NULL, '', NULL, 'IPAYE BUKOLA', '12000.00', 'procurement2@isaluhospitals.com', 1, NULL, 0, 1, NULL, 0, '19', 0, NULL, '2022-05-19', NULL, 0, 0, '', 60, 1, NULL, 'Not Properly Described', '', '0', 'I O U  PAYMENT ', NULL, NULL, NULL, 0, NULL, 0, NULL),
(196, NULL, '', NULL, 'Akinkunbi Nigeria Ltd', '500000.00', 'procurement2@isaluhospitals.com', 1, '19', 1, 1, '2022-05-19 00:00:00', 1, '19', 1, '2022-05-20 01:04:33', '2022-05-19', NULL, 1, 0, '19', 95, 0, NULL, NULL, 'Cheque', '0', '', NULL, '2022-05-19 00:00:00', NULL, 0, NULL, 0, NULL),
(197, NULL, '', NULL, 'SIFOMEDICS LABORATORY---------IBIKUN', '68000.00', 'laboratory@isaluhospitals.com', 5, '19', 1, 1, '2022-05-19 00:00:00', 1, '19', 1, '2022-05-19 02:14:51', '2022-05-19', NULL, 1, 0, '19', 12, 0, NULL, NULL, '', '0', '', NULL, '2022-05-19 00:00:00', NULL, 0, NULL, 0, NULL),
(198, NULL, '', NULL, 'ORIS MEDICAL LABORATORY', '85000.00', 'laboratory@isaluhospitals.com', 5, '19', 1, 1, '2022-05-19 00:00:00', 1, '19', 1, '2022-05-19 02:14:59', '2022-05-19', NULL, 1, 0, '19', 12, 0, NULL, NULL, '', '0', '', NULL, '2022-05-19 00:00:00', NULL, 0, NULL, 0, NULL),
(200, NULL, '', NULL, 'IPAYE BUKOLA', '9600.00', 'procurement2@isaluhospitals.com', 1, '19', 1, 1, '2022-05-19 00:00:00', 1, '19', 1, '2022-05-19 05:09:42', '2022-05-19', NULL, 1, 0, '19', 60, 0, NULL, NULL, '', '0', 'I O U  PAYMENT FOR RENOVATION OF DOC', NULL, '2022-05-19 00:00:00', NULL, 0, NULL, 0, NULL),
(201, NULL, '', NULL, 'IPAYE NIMOTA OLUBUKOLA', '11800.00', 'procurement2@isaluhospitals.com', 1, '19', 1, 1, '2022-05-20 00:00:00', 1, '19', 1, '2022-05-20 11:07:02', '2022-05-19', NULL, 1, 0, '19', 14, 0, NULL, NULL, '', '0', '', NULL, '2022-05-19 00:00:00', NULL, 0, NULL, 0, NULL),
(202, NULL, '', NULL, 'SUARA OLUWAKEMI TAIWO', '20000.00', 'procurement2@isaluhospitals.com', 1, '19', 1, 1, '2022-05-19 00:00:00', 1, '19', 1, '2022-05-19 05:45:29', '2022-05-19', NULL, 1, 0, '19', 73, 0, NULL, NULL, '', '0', '', NULL, '2022-05-19 00:00:00', NULL, 0, NULL, 0, NULL),
(203, NULL, '', NULL, 'YA FATAHU VENTURE', '1047500.00', 'procurement2@isaluhospitals.com', 1, NULL, 0, 0, NULL, 0, '19', 0, NULL, '2022-05-19', NULL, 0, 0, '', 60, 1, NULL, 'ALREADY DONE ON REQUISITION MODULE', '', '0', '', NULL, NULL, NULL, 0, NULL, 0, NULL),
(204, NULL, '', NULL, 'Ugochukwu  Ogochukwu ', '25000.00', 'medical@isaluhospitals.com', 17, NULL, 0, 1, NULL, 0, '', 0, NULL, '2022-05-19', NULL, 0, 1, '23', 24, 0, NULL, NULL, 'Ugochukwu  Ogochukwu ', '2085277003', 'Zenith Bank', NULL, NULL, NULL, 0, NULL, 0, NULL),
(205, NULL, '', NULL, 'SUARA OLUWAKEMI TAIWO', '2500.00', 'procurement2@isaluhospitals.com', 1, '19', 1, 1, '2022-05-20 00:00:00', 1, '19', 1, '2022-05-20 10:30:22', '2022-05-20', NULL, 1, 0, '19', 95, 0, NULL, NULL, '', '0', '', NULL, '2022-05-20 00:00:00', NULL, 0, NULL, 0, NULL),
(206, NULL, '', NULL, 'IPAYE NIMOTA OLUBUKOLA', '27800.00', 'procurement2@isaluhospitals.com', 1, NULL, 0, 0, NULL, 0, '19', 0, NULL, '2022-05-20', NULL, 0, 0, '', 14, 0, NULL, NULL, '', '0', '', NULL, NULL, NULL, 0, NULL, 0, NULL),
(207, NULL, '', NULL, 'IPAYE NIMOTA OLUBUKOLA', '35200.00', 'procurement2@isaluhospitals.com', 1, '19', 1, 1, '2022-05-20 00:00:00', 1, '19', 1, '2022-05-20 04:05:49', '2022-05-20', NULL, 1, 0, '19', 14, 0, NULL, NULL, '', '0', '', NULL, '2022-05-20 00:00:00', NULL, 0, NULL, 0, NULL),
(208, NULL, '', NULL, 'JAMESON OLUSOLA', '29250.00', 'procurement2@isaluhospitals.com', 1, '19', 1, 1, '2022-05-24 09:57:50', 1, '19', 1, '2022-05-24 12:01:46', '2022-05-20', NULL, 1, 0, '19', 74, 0, NULL, NULL, '', '0', '', NULL, '2022-05-24 09:57:50', NULL, 1, 47, 0, NULL),
(210, NULL, '', NULL, 'IPAYE BUKOLA', '12000.00', 'procurement2@isaluhospitals.com', 1, '19', 1, 1, '2022-05-20 00:00:00', 1, '19', 1, '2022-05-20 12:36:42', '2022-05-20', NULL, 1, 0, '19', 60, 0, NULL, NULL, '', '0', 'I O U  PAYMENT', NULL, '2022-05-20 00:00:00', NULL, 0, NULL, 0, NULL),
(211, NULL, '', NULL, 'EKE NIGERIA LIMITED', '7500.00', 'procurement2@isaluhospitals.com', 1, '19', 1, 1, '2022-05-24 10:03:02', 1, '19', 1, '2022-05-26 01:21:56', '2022-05-20', NULL, 1, 0, '19', 41, 0, NULL, NULL, '', '0', '', NULL, '2022-05-24 10:03:02', NULL, 1, 47, 0, NULL),
(212, NULL, '', NULL, 'IPAYE BUKOLA', '24000.00', 'procurement2@isaluhospitals.com', 1, '19', 1, 1, '2022-05-20 00:00:00', 1, '19', 1, '2022-05-20 12:36:52', '2022-05-20', NULL, 1, 0, '19', 60, 0, NULL, NULL, '', '0', 'I O U  PAYMENT FOR PURCHASE OF MATER', NULL, '2022-05-20 00:00:00', NULL, 0, NULL, 0, NULL),
(213, NULL, '', NULL, 'IPAYE BUKOLA', '1000.00', 'procurement2@isaluhospitals.com', 1, '19', 1, 1, '2022-05-20 00:00:00', 1, '19', 1, '2022-05-20 12:37:03', '2022-05-20', NULL, 1, 0, '19', 60, 0, NULL, NULL, '', '0', 'I.O.U PAYMENT FOR ROOM 112', NULL, '2022-05-20 00:00:00', NULL, 0, NULL, 0, NULL),
(214, NULL, '', NULL, 'EQUATOR MEDICS INTERNATIONAL LIMITED', '32000.00', 'procurement2@isaluhospitals.com', 1, '19', 1, 1, '2022-05-20 00:00:00', 1, '19', 1, '2022-05-20 01:04:57', '2022-05-20', NULL, 1, 0, '19', 12, 0, NULL, NULL, '', '0', '', NULL, '2022-05-20 00:00:00', NULL, 0, NULL, 0, NULL),
(215, NULL, '', NULL, 'EMMANUEL GEORGE', '700.00', 'procurement2@isaluhospitals.com', 1, '19', 1, 1, '2022-05-20 00:00:00', 1, '19', 1, '2022-05-20 01:44:13', '2022-05-20', NULL, 1, 0, '19', 61, 0, NULL, NULL, '', '0', 'INVOICE IS ATTACHED', NULL, '2022-05-20 00:00:00', NULL, 0, NULL, 0, NULL),
(216, NULL, '', NULL, 'IPAYE NIMOTA OLUBUKOLA', '76000.00', 'procurement2@isaluhospitals.com', 1, '19', 1, 1, '2022-05-20 00:00:00', 1, '19', 1, '2022-05-24 08:16:16', '2022-05-20', NULL, 1, 0, '19', 60, 0, NULL, NULL, '', '0', '', NULL, '2022-05-20 00:00:00', NULL, 1, 47, 0, NULL),
(217, NULL, '', NULL, 'IPAYE NIMOTA OLUBUKOLA', '300.00', 'procurement2@isaluhospitals.com', 1, '19', 1, 1, '2022-05-20 00:00:00', 1, '19', 1, '2022-05-20 03:57:38', '2022-05-20', NULL, 1, 0, '19', 60, 0, NULL, NULL, '', '0', '', NULL, '2022-05-20 00:00:00', NULL, 1, NULL, 0, NULL),
(218, NULL, '', NULL, 'CARTER BIGGS LOGISTICS COMPANY ', '34000.00', 'procurement2@isaluhospitals.com', 1, '19', 1, 1, '2022-05-20 00:00:00', 1, '19', 1, '2022-05-20 03:01:31', '2022-05-20', NULL, 1, 0, '19', 112, 0, NULL, NULL, 'CARTER BIGGS INVESTMENT LIMITED ', '671242670', 'GT BANK ', NULL, '2022-05-20 00:00:00', NULL, 1, NULL, 0, NULL),
(219, NULL, '', NULL, 'SUARA OLUWAKEMI TAIWO', '1500.00', 'procurement2@isaluhospitals.com', 1, '19', 1, 1, '2022-05-20 00:00:00', 1, '19', 1, '2022-05-20 05:58:48', '2022-05-20', NULL, 1, 0, '19', 86, 0, NULL, NULL, '', '0', '', NULL, '2022-05-20 00:00:00', NULL, 1, NULL, 0, NULL),
(220, NULL, '', NULL, 'Biyi Morakinyo', '8050.00', 'procurement2@isaluhospitals.com', 1, NULL, 0, 0, NULL, 0, '19', 0, NULL, '2022-05-20', NULL, 0, 0, '', 95, 1, NULL, 'Duplication', 'Cash', '0', '', NULL, NULL, NULL, 0, NULL, 0, NULL),
(221, NULL, '', NULL, 'IPAYE BUKOLA', '2500.00', 'procurement2@isaluhospitals.com', 1, '19', 1, 1, '2022-05-20 00:00:00', 1, '19', 1, '2022-05-20 06:21:35', '2022-05-20', NULL, 1, 0, '19', 60, 0, NULL, NULL, '', '0', 'I O U PAYMENT HOUSEKEEPING NEED', NULL, '2022-05-20 00:00:00', NULL, 1, NULL, 0, NULL),
(222, NULL, '', NULL, 'Biyi Morakinyo', '8050.00', 'procurement2@isaluhospitals.com', 1, NULL, 0, 0, NULL, 0, '19', 0, NULL, '2022-05-20', NULL, 0, 0, '', 95, 1, NULL, 'Duplication', 'Cash', '0', '', NULL, NULL, NULL, 0, NULL, 0, NULL),
(223, NULL, '', NULL, 'OLUWAKEMI SUARA', '1000.00', 'procurement2@isaluhospitals.com', 1, NULL, 0, 0, NULL, 0, '19', 0, NULL, '2022-05-20', NULL, 0, 0, '', 60, 1, NULL, 'Duplication', '', '0', '', NULL, NULL, NULL, 0, NULL, 0, NULL),
(224, NULL, '', NULL, 'IPAYE NIMOTA OLUBUKOLA', '0.00', 'procurement2@isaluhospitals.com', 1, NULL, 0, 0, NULL, 0, '19', 0, NULL, '2022-05-20', NULL, 0, 0, '', 95, 0, NULL, NULL, '', '0', '', NULL, NULL, NULL, 0, NULL, 0, NULL),
(225, NULL, '', NULL, 'IPAYE BUKOLA', '15000.00', 'procurement2@isaluhospitals.com', 1, NULL, 0, 0, NULL, 0, '19', 0, NULL, '2022-05-20', NULL, 0, 0, '', 60, 1, 19, 'Amount Re-negotiated', '', '0', 'LABOUR FEE', '2022-05-09 09:55:09', NULL, NULL, 0, NULL, 0, NULL),
(227, NULL, '', NULL, 'SUARA OLUWAKEMI TAIWO', '1000.00', 'procurement2@isaluhospitals.com', 1, '19', 1, 1, '2022-05-20 00:00:00', 1, '19', 1, '2022-05-20 05:58:37', '2022-05-20', NULL, 1, 0, '19', 86, 0, NULL, NULL, '', '0', '', NULL, '2022-05-20 00:00:00', NULL, 1, NULL, 0, NULL),
(228, NULL, '', NULL, 'Obiwale Aminat', '400.00', 'account@isaluhospitals.com', 6, '19', 1, 1, '2022-05-20 09:18:31', 1, '19', 1, '2022-05-23 11:17:34', '2022-05-20', NULL, 1, 0, '19', 86, 0, NULL, NULL, '', '0', '', NULL, '2022-05-20 09:18:31', NULL, 1, 46, 0, NULL),
(229, NULL, '', NULL, 'IPAYE NIMOTA OLUBUKOLA', '4000.00', 'procurement2@isaluhospitals.com', 1, '19', 1, 1, '2022-05-20 07:14:00', 1, '19', 1, '2022-05-23 11:57:37', '2022-05-20', NULL, 1, 0, '19', 95, 0, NULL, NULL, 'Cash', '0', '', NULL, '2022-05-20 07:14:00', NULL, 1, 46, 0, NULL),
(230, NULL, '', NULL, 'Biyi Morakinyo', '8050.00', 'procurement2@isaluhospitals.com', 1, '19', 1, 1, '2022-05-20 00:00:00', 1, '19', 1, '2022-05-20 06:04:17', '2022-05-20', NULL, 1, 0, '19', 95, 0, NULL, NULL, 'Cash', '0', '', NULL, '2022-05-20 00:00:00', NULL, 1, NULL, 0, NULL),
(231, NULL, '', NULL, 'TADEZ GLOBAL RESOURCES', '280000.00', 'procurement2@isaluhospitals.com', 1, '19', 1, 1, '2022-05-20 00:00:00', 1, '19', 1, '2022-05-24 12:28:39', '2022-05-20', NULL, 1, 0, '19', 95, 0, NULL, NULL, 'ADESOPE TOHIR ADESOLA', '2147483647', 'FIRST BANK', NULL, '2022-05-20 00:00:00', NULL, 1, 47, 0, NULL),
(232, NULL, '', NULL, 'SANGOBIYI TOPE', '12000.00', 'clientservice@isaluhospitals.com', 3, NULL, 0, 0, NULL, 0, NULL, 0, NULL, '2022-05-21', NULL, 0, 0, NULL, 105, 1, 41, 'Duplication', '', '0', '', '2022-05-12 05:22:12', NULL, NULL, 0, NULL, 1, 41),
(233, NULL, '', NULL, 'SUARA OLUWAKEMI TAIWO', '20400.00', 'procurement2@isaluhospitals.com', 1, NULL, 0, 0, NULL, 0, '19', 0, NULL, '2022-05-23', NULL, 0, 0, NULL, 60, 1, 19, 'Vendor is to be paid along with outstandings after work', '', '0', '', '2022-05-11 09:08:11', NULL, NULL, 0, NULL, 0, 43),
(234, NULL, '', NULL, 'SUARA OLUWAKEMI TAIWO', '250000.00', 'procurement2@isaluhospitals.com', 1, '22', 1, 1, '2022-05-24 09:08:48', 1, '19', 1, '2022-05-26 02:20:16', '2022-05-23', NULL, 0, 0, NULL, 95, 0, 0, NULL, '', '0', '', NULL, '2022-05-24 09:09:11', NULL, 1, 47, 0, 43),
(235, NULL, '', NULL, 'IPAYE NIMOTA BUKOLA', '219200.00', 'procurement2@isaluhospitals.com', 1, '19', 1, 1, '2022-05-23 05:53:51', 1, '19', 1, '2022-05-24 11:21:51', '2022-05-23', NULL, 1, 0, '19', 14, 0, NULL, NULL, '', '0', '', NULL, '2022-05-23 05:53:51', NULL, 1, 46, 0, 43),
(236, NULL, '', NULL, 'BEST MEDLAB NIGERIA LIMITED', '251115.00', 'procurement2@isaluhospitals.com', 1, '19', 1, 1, '2022-05-24 09:11:20', 1, '19', 0, NULL, '2022-05-23', NULL, 1, 0, '19', 12, 0, NULL, NULL, 'BEST MEDLAB NIGERIA LIMITED', '1016874324', 'ZENITH BANK', NULL, '2022-05-24 09:11:20', NULL, 0, NULL, 0, 43),
(237, NULL, '', NULL, 'OJAX MEDICS LIMITED', '461500.00', 'procurement2@isaluhospitals.com', 1, '22', 1, 1, '2022-05-24 09:07:07', 1, '19', 0, NULL, '2022-05-23', NULL, 0, 0, NULL, 12, 0, 0, NULL, '', '0', '', NULL, '2022-05-24 09:13:01', NULL, 0, NULL, 0, 43),
(238, NULL, '', NULL, 'KHOMBIZ SURGICAL AND PHARM. CO LTD', '481700.00', 'procurement2@isaluhospitals.com', 1, NULL, 0, 0, NULL, 0, '19', 0, NULL, '2022-05-23', NULL, 0, 0, NULL, 12, 1, 19, 'Wrong Amount', '', '0', '', '0000-00-00 00:00:00', NULL, NULL, 0, NULL, 0, 43),
(239, NULL, '', NULL, 'G.O.K', '150000.00', 'procurement@isaluhospitals.com', 1, '19', 1, 1, '2022-05-24 09:15:23', 1, '19', 1, '2022-05-24 12:10:05', '2022-05-23', NULL, 1, 0, '19', 58, 0, NULL, NULL, '', '0', '', NULL, '2022-05-24 09:15:23', NULL, 1, 47, 0, 43),
(240, NULL, '', NULL, 'OJAX MEDICS LIMITED', '90000.00', 'procurement2@isaluhospitals.com', 1, '19', 1, 1, '2022-05-24 09:16:29', 1, '19', 0, NULL, '2022-05-23', NULL, 1, 0, '19', 12, 0, NULL, NULL, '', '0', '', NULL, '2022-05-24 09:16:29', NULL, 0, NULL, 0, 43),
(241, NULL, '', NULL, 'CODIX PHARMA LIMITED', '267000.00', 'procurement2@isaluhospitals.com', 1, '22', 1, 1, '2022-05-24 09:07:54', 1, '19', 0, NULL, '2022-05-23', NULL, 0, 0, NULL, 12, 0, 0, NULL, '', '0', '', NULL, '2022-05-24 09:17:09', NULL, 0, NULL, 0, 43),
(242, NULL, '', NULL, 'FEMZY ENGINEERING VENTURES', '229416.00', 'procurement2@isaluhospitals.com', 1, '22', 1, 1, '2022-05-24 09:08:07', 1, '19', 0, NULL, '2022-05-23', NULL, 0, 0, NULL, 12, 0, 0, NULL, '', '0', '', NULL, '2022-05-24 09:17:46', NULL, 0, NULL, 0, 43),
(243, NULL, '', NULL, 'ADVANCE MEDISYSTEMS LIMITED', '197692.57', 'procurement2@isaluhospitals.com', 1, '22', 1, 1, '2022-05-24 09:08:22', 1, '19', 0, NULL, '2022-05-23', NULL, 0, 0, NULL, 12, 0, 0, NULL, '', '0', '', NULL, '2022-05-24 09:18:45', NULL, 0, NULL, 0, 43),
(244, NULL, '', NULL, 'ISEOLUWA GOLDEN LINK', '1980000.00', 'procurement2@isaluhospitals.com', 1, NULL, 0, 0, NULL, 0, NULL, 0, NULL, '2022-05-23', NULL, 0, 0, NULL, 95, 1, 43, 'put price for each', 'ISEOLUWA GOLDEN LINK', '21532608', 'ACCESS BANK', '0000-00-00 00:00:00', NULL, NULL, 0, NULL, 1, 43),
(245, NULL, '', NULL, 'DIESEL PLUS COMPANY', '3175000.00', 'procurement@isaluhospitals.com', 1, NULL, 0, 0, NULL, 0, '19', 0, NULL, '2022-05-23', NULL, 0, 0, NULL, 12, 1, 19, 'Not Properly Described', '', '0', '', '0000-00-00 00:00:00', NULL, NULL, 0, NULL, 0, 43),
(246, NULL, '', NULL, 'ABIOLA ONIFADE LATEEF', '800000.00', 'procurement@isaluhospitals.com', 1, '19', 1, 1, '2022-05-25 01:13:38', 1, '19', 1, '2022-05-26 02:09:38', '2022-05-23', NULL, 1, 0, '19', 95, 0, NULL, NULL, 'ABIOLA ONIFADE LATEEF', '2081102833', 'ZENITH BANK', NULL, '2022-05-25 01:13:38', NULL, 1, 47, 0, 43),
(247, NULL, '', NULL, 'IPAYE OLUWABUKOLA NIMOTA', '30000.00', 'procurement@isaluhospitals.com', 1, '19', 1, 1, '2022-05-24 09:30:14', 1, '19', 1, '2022-05-24 03:56:09', '2022-05-23', NULL, 1, 0, '19', 60, 0, NULL, NULL, '', '0', '', NULL, '2022-05-24 09:30:14', NULL, 1, 47, 0, 43),
(248, NULL, '', NULL, 'IPAYE OLUWABUKOLA NIMOTA', '12000.00', 'procurement@isaluhospitals.com', 1, '19', 1, 1, '2022-05-24 09:34:00', 1, '19', 1, '2022-05-24 05:56:17', '2022-05-23', NULL, 1, 0, '19', 60, 0, NULL, NULL, '', '0', '', NULL, '2022-05-24 09:34:00', NULL, 1, 47, 0, 43),
(249, NULL, '', NULL, 'KAREEM RIDWON', '30000.00', 'procurement@isaluhospitals.com', 1, '19', 1, 1, '2022-05-25 01:21:36', 1, '19', 1, '2022-05-26 01:29:30', '2022-05-23', NULL, 1, 0, '19', 102, 0, NULL, NULL, 'KAREEM RIDWON', '2120114016', 'UBA', NULL, '2022-05-25 01:21:36', NULL, 1, 47, 0, 43),
(254, NULL, '', NULL, 'IPAYE NIMOTA OLUBUKOLA', '1000.00', 'procurement2@isaluhospitals.com', 1, '19', 1, 1, '2022-05-23 02:39:51', 1, '19', 1, '2022-05-27 01:46:53', '2022-05-23', NULL, 1, 0, '19', 95, 0, NULL, NULL, '', '0', '', NULL, '2022-05-23 02:39:51', NULL, 1, 46, 0, 43),
(255, NULL, '', NULL, 'IPAYE NIMOTA OLUBUKOLA', '1000.00', 'procurement2@isaluhospitals.com', 1, NULL, 0, 1, NULL, 0, '19', 0, NULL, '2022-05-23', NULL, 0, 0, NULL, 95, 0, NULL, NULL, '', '0', '', NULL, NULL, NULL, 0, NULL, 0, 43),
(257, NULL, '', NULL, 'IPAYE NIMOTA OLUBUKOLA', '0.00', 'procurement2@isaluhospitals.com', 1, NULL, 0, 0, NULL, 0, NULL, 0, NULL, '2022-05-23', NULL, 0, 0, NULL, 83, 0, NULL, NULL, 'CASH', '0', '', NULL, NULL, NULL, 0, NULL, 1, 43),
(258, NULL, '', NULL, 'SUARA OLUWAKEMI TAIWO', '25000.00', 'procurement@isaluhospitals.com', 1, '19', 1, 1, '2022-05-23 03:31:10', 1, '19', 1, '2022-05-24 03:55:50', '2022-05-23', NULL, 1, 0, '19', 95, 0, NULL, NULL, '', '0', '', NULL, '2022-05-23 03:31:10', NULL, 1, 47, 0, 43),
(259, NULL, '', NULL, 'IPAYE NIMOTA OLUBUKOLA', '12200.00', 'procurement2@isaluhospitals.com', 1, NULL, 0, 0, NULL, 0, '19', 0, NULL, '2022-05-23', NULL, 0, 0, NULL, 83, 1, 19, 'Duplication', '', '0', '', '2022-05-10 04:10:10', NULL, NULL, 0, NULL, 0, 43);
INSERT INTO `claims_header` (`id`, `claimtype`, `hospital_no`, `Patient_name`, `Payee`, `Amount`, `Enteredby`, `departmentid`, `Approvedby`, `Approved`, `approvalRequest`, `Approveddate`, `Audited`, `Auditedby`, `Accounting_status`, `payment_date`, `Created_date`, `staffname`, `hrstatus`, `hrrequired`, `hrname`, `claim_categoryid`, `returned`, `returnedby`, `comment`, `account_name`, `account_number`, `bank_name`, `returneddate`, `auditeddate`, `hrapproveddate`, `payment_process_status`, `paidby`, `hod`, `hodname`) VALUES
(260, NULL, '', NULL, 'PANASERVE NIGERIA LIMITED', '1980000.00', 'procurement@isaluhospitals.com', 1, '22', 1, 1, '2022-05-23 04:04:32', 1, '19', 1, '2022-05-23 05:26:11', '2022-05-23', NULL, 0, 0, NULL, 95, 0, 0, NULL, 'PANASERVE NIGERIA LIMITED', '1010798211', 'ZENITH BANK', NULL, '2022-05-23 03:22:54', NULL, 1, 46, 0, 43),
(261, NULL, '', NULL, 'IPAYE NIMOTA OLUBUKOLA', '12200.00', 'procurement2@isaluhospitals.com', 1, NULL, 0, 1, NULL, 0, NULL, 0, NULL, '2022-05-23', NULL, 0, 1, '23', 83, 0, NULL, NULL, '', '0', '', NULL, NULL, NULL, 0, NULL, 0, 43),
(262, NULL, '', NULL, 'IPAYE NIMOTA OLUBUKOLA', '12200.00', 'procurement2@isaluhospitals.com', 1, '19', 1, 1, '2022-05-24 09:39:18', 1, '19', 1, '2022-05-24 03:53:27', '2022-05-23', NULL, 1, 0, '19', 84, 0, NULL, NULL, '', '0', '', NULL, '2022-05-24 09:39:18', NULL, 1, 46, 0, 43),
(263, NULL, '', NULL, 'Aina Remilekun', '2500.00', 'pharmacy@isaluhospitals.com', 10, '19', 1, 1, '2022-05-24 12:32:55', 1, '19', 1, '2022-05-24 04:39:21', '2022-05-24', NULL, 1, 0, '19', 10, 0, NULL, NULL, 'nil', '0', '', NULL, '2022-05-24 12:32:55', NULL, 1, 46, 0, 52),
(264, NULL, '', NULL, 'IPAYE NIMOTA BUKOLA', '12000.00', 'procurement2@isaluhospitals.com', 1, NULL, 0, 0, NULL, 0, '19', 0, NULL, '2022-05-24', NULL, 0, 0, NULL, 60, 1, 19, 'Duplication', '', '0', '', '0000-00-00 00:00:00', NULL, NULL, 0, NULL, 0, 43),
(266, NULL, '', NULL, 'DIESEL PLUS OIL AND GAS', '3175000.00', 'procurement2@isaluhospitals.com', 1, '22', 1, 1, '2022-05-24 09:08:58', 1, '19', 1, '2022-05-25 02:57:58', '2022-05-24', NULL, 0, 0, NULL, 103, 0, 0, NULL, '', '0', '', NULL, '2022-05-24 09:41:46', NULL, 1, 47, 0, 43),
(267, NULL, '', NULL, 'CARTER BIGGS LOGISTICS COMPANY', '18000.00', 'procurement@isaluhospitals.com', 1, '19', 1, 1, '2022-05-24 10:00:54', 1, '19', 1, '2022-05-24 12:06:18', '2022-05-24', NULL, 1, 0, '19', 112, 0, NULL, NULL, 'CARTER BIGGS INVESTMENT LIMITED', '671242670', 'GT BANK', NULL, '2022-05-24 10:00:54', NULL, 1, 47, 0, 43),
(268, NULL, '', NULL, 'Promatrix Ltd', '914505.00', 'biyi@isaluhospitals.com', 1, NULL, 0, 0, NULL, 0, '19', 0, NULL, '2022-05-24', NULL, 0, 0, NULL, 95, 1, 19, 'Wrong Amount', 'Cheque', '0', '', '0000-00-00 00:00:00', NULL, NULL, 0, NULL, 0, 43),
(269, NULL, '', NULL, 'IPAYE NIMOTA OLUBUKOLA', '1000.00', 'procurement2@isaluhospitals.com', 1, '19', 1, 1, '2022-05-25 01:27:19', 1, '19', 1, '2022-06-01 12:10:46', '2022-05-24', NULL, 1, 0, '19', 95, 0, NULL, NULL, '', '0', '', NULL, '2022-05-25 01:27:19', NULL, 1, 46, 0, 43),
(270, NULL, '', NULL, 'BADMOS-ADE & SONS NIG. ENT.', '42000.00', 'procurement2@isaluhospitals.com', 1, '19', 1, 1, '2022-05-25 01:10:10', 1, '19', 1, '2022-05-26 01:33:14', '2022-05-24', NULL, 1, 0, '19', 61, 0, NULL, NULL, 'GBADAMOSI SIMIYU', '2147483647', '', NULL, '2022-05-25 01:10:10', NULL, 1, 47, 0, 43),
(271, NULL, '', NULL, 'EKE NIGERIA LIMITED', '7500.00', 'procurement2@isaluhospitals.com', 1, NULL, 0, 1, NULL, 0, '19', 0, NULL, '2022-05-24', NULL, 0, 0, NULL, 60, 0, NULL, NULL, '', '0', '', NULL, NULL, NULL, 0, NULL, 0, 43),
(272, NULL, '', NULL, 'DATA DIRECTORY SYSTEMS', '27000.00', 'procurement2@isaluhospitals.com', 1, NULL, 0, 1, NULL, 0, '19', 0, NULL, '2022-05-24', NULL, 0, 0, NULL, 102, 0, NULL, NULL, '', '0', '', NULL, NULL, NULL, 0, NULL, 0, 43),
(273, NULL, '', NULL, 'SUARA OLUWAKEMI TAIWO', '26000.00', 'biyi@isaluhospitals.com', 1, '19', 1, 1, '2022-05-27 02:15:38', 1, '19', 1, '2022-06-01 12:28:29', '2022-05-24', NULL, 1, 0, '19', 102, 0, NULL, NULL, '', '0', '', NULL, '2022-05-27 02:15:38', NULL, 1, 47, 0, 43),
(274, NULL, '', NULL, 'MR JAMESON OLUSOLA', '32000.00', 'biyi@isaluhospitals.com', 1, NULL, 0, 0, NULL, 0, '19', 0, NULL, '2022-05-24', NULL, 0, 0, NULL, 74, 1, 19, 'Work not yet done', 'JAMESON OLUSOLA', '3600594', 'STANBIC IBTC', '2022-05-14 01:13:14', NULL, NULL, 0, NULL, 0, 43),
(277, NULL, '', NULL, 'GOK NIGERIA LIMITED', '76600.00', 'biyi@isaluhospitals.com', 1, NULL, 0, 0, NULL, 0, '19', 0, NULL, '2022-05-24', NULL, 0, 0, NULL, 57, 1, 19, 'Wrong Description', '', '0', '', '0000-00-00 00:00:00', NULL, NULL, 0, NULL, 0, 43),
(278, NULL, '0469', NULL, 'Afolayan Joseph', '800.00', 'bcc@isaluhospitals.com', 16, '19', 1, 1, '2022-05-31 01:01:51', 1, '19', 1, '2022-06-01 11:35:59', '2022-05-24', NULL, 1, 0, '19', 115, 0, NULL, NULL, 'CASH', '0', 'CASH', NULL, '2022-05-31 01:01:51', NULL, 1, 46, 0, 44),
(279, NULL, '', NULL, 'BOLTUNS NIGERIA LIMITED', '910000.00', 'procurement2@isaluhospitals.com', 1, '22', 1, 1, '2022-05-25 08:35:23', 1, '19', 1, '2022-05-26 01:43:53', '2022-05-24', NULL, 0, 0, NULL, 95, 0, 0, NULL, 'BOLTUNS NIGERIA LIMITED', '1010543552', 'ZENITH BANK', NULL, '2022-05-25 01:16:07', NULL, 1, 47, 0, 43),
(280, NULL, '', NULL, 'SUARA OLUWAKEMI TAIWO', '23000.00', 'procurement2@isaluhospitals.com', 1, '19', 1, 1, '2022-05-24 03:21:48', 1, '19', 1, '2022-05-24 05:22:42', '2022-05-24', NULL, 1, 1, '19', 83, 0, NULL, NULL, '', '0', '', NULL, '2022-05-24 03:21:48', NULL, 1, 46, 0, 43),
(281, NULL, '', NULL, 'DR SANGOBIYI TOPE', '19000.00', 'clientservice2@isaluhospitals.com', 3, '19', 1, 1, '2022-05-27 12:48:04', 1, '19', 1, '2022-05-27 01:16:53', '2022-05-24', NULL, 1, 0, '19', 105, 0, NULL, NULL, '', '0', '', NULL, '2022-05-27 12:48:04', NULL, 1, 46, 0, 25),
(282, NULL, '', NULL, 'AFUSAT OPEYEMI', '15000.00', 'procurement@isaluhospitals.com', 1, '19', 1, 1, '2022-05-25 01:36:25', 1, '19', 1, '2022-05-25 03:08:21', '2022-05-24', NULL, 1, 0, '19', 60, 0, NULL, NULL, 'AFUSAT OPEYEMI', '1223473543', 'ACCESS BANK', NULL, '2022-05-25 01:36:25', NULL, 1, 47, 0, 43),
(283, NULL, '', NULL, 'SIFOMEDICS LABORATORY(IBIKUNLE OLUSO', '68000.00', 'orioye@isaluhospitals.com', 5, '19', 1, 1, '2022-05-25 11:08:43', 1, '19', 1, '2022-05-26 01:24:41', '2022-05-25', NULL, 1, 0, '19', 12, 0, NULL, NULL, '', '0', '', NULL, '2022-05-25 11:08:43', NULL, 1, 47, 0, 53),
(284, NULL, '', NULL, 'INTEGRITY WINDOORS AND SERVICES', '550000.00', 'procurement@isaluhospitals.com', 1, '22', 1, 1, '2022-05-25 08:36:00', 1, '19', 1, '2022-05-26 02:17:08', '2022-05-25', NULL, 0, 0, NULL, 95, 0, 0, NULL, '', '0', '', NULL, '2022-05-25 01:32:19', NULL, 1, 47, 0, 43),
(285, NULL, '', NULL, 'SCARLET ROPE ', '100000.00', 'procurement@isaluhospitals.com', 1, NULL, 0, 0, NULL, 0, '19', 0, NULL, '2022-05-25', NULL, 0, 0, NULL, 95, 1, 19, 'Wrong Amount', '', '0', '', '0000-00-00 00:00:00', NULL, NULL, 0, NULL, 0, 43),
(286, NULL, '', NULL, 'SCARLET ROPE', '80000.00', 'procurement@isaluhospitals.com', 1, '19', 1, 1, '2022-05-25 01:43:53', 1, '19', 1, '2022-05-27 02:16:59', '2022-05-25', NULL, 1, 0, '19', 95, 0, NULL, NULL, '', '0', '', NULL, '2022-05-25 01:43:53', NULL, 1, 47, 0, 43),
(287, NULL, '', NULL, 'EMEKA ANUMADU', '17727.90', 'clientservice@isaluhospitals.com', 3, NULL, 0, 0, NULL, 0, '19', 0, NULL, '2022-05-25', NULL, 0, 0, NULL, 25, 1, 19, 'Duplication', 'EMEKA AMANZE ANUMADU', '200902080', 'ZENITH BANK', '2022-05-24 06:31:24', NULL, NULL, 0, NULL, 0, 25),
(288, NULL, '', NULL, 'EMEKA ANUMADU', '17727.90', 'clientservice@isaluhospitals.com', 3, NULL, 0, 0, NULL, 0, '19', 0, NULL, '2022-05-25', NULL, 0, 0, NULL, 25, 1, 19, 'PATIENT CARD NUMBER NOT STATED', 'EMEKA AMANZE ANUMADU', '200902080', 'ZENITH BANK', '0000-00-00 00:00:00', NULL, NULL, 0, NULL, 0, 25),
(290, NULL, '889', NULL, 'Ebighe Excel', '5000.00', 'clientservice2@isaluhospitals.com', 3, '19', 1, 1, '2022-05-26 02:15:52', 1, '19', 1, '2022-05-31 04:35:32', '2022-05-26', NULL, 1, 1, '19', 116, 0, NULL, NULL, 'nil', '0', 'nil', NULL, '2022-05-26 02:15:52', NULL, 1, 46, 0, 25),
(291, NULL, 'nil', NULL, 'Ugochukwu Ogochukwu', '25000.00', 'medical@isaluhospitals.com', 17, NULL, 0, 1, NULL, 0, '19', 0, NULL, '2022-05-26', NULL, 1, 1, '23', 117, 0, NULL, NULL, 'nil', '0', 'nil', NULL, NULL, NULL, 0, NULL, 0, 55),
(292, NULL, '', NULL, 'DR SANGOBIYI TOPE', '19000.00', 'clientservice2@isaluhospitals.com', 3, NULL, 0, 0, NULL, 0, NULL, 0, NULL, '2022-05-26', NULL, 0, 0, NULL, 105, 1, 41, 'Duplicated', '', '0', '', '0000-00-00 00:00:00', NULL, NULL, 0, NULL, 1, 41),
(293, NULL, '', NULL, 'Obiwale Aminat', '600.00', 'aminat@isaluhospitals.com', 6, NULL, 0, 1, NULL, 0, '19', 0, NULL, '2022-05-26', NULL, 0, 0, NULL, 86, 0, NULL, NULL, '', '0', '', NULL, NULL, NULL, 0, NULL, 0, 44),
(294, NULL, '', NULL, 'Amadi Maureen', '1000.00', 'kitchen@isaluhospitals.com', 12, '19', 1, 1, '2022-05-26 12:04:06', 1, '19', 1, '2022-05-27 10:36:46', '2022-05-26', NULL, 1, 0, '19', 94, 0, NULL, NULL, '', '0', '', NULL, '2022-05-26 12:04:06', NULL, 1, 46, 0, 57),
(295, NULL, '', NULL, 'Alabi Aderonke Atinuke', '3000.00', 'procurement@isaluhospitals.com', 1, '19', 1, 1, '2022-05-26 12:38:38', 1, '19', 1, '2022-05-27 10:27:19', '2022-05-26', NULL, 1, 0, '19', 60, 0, NULL, NULL, '', '0', '', NULL, '2022-05-26 12:38:38', NULL, 1, 46, 0, 43),
(296, NULL, '', NULL, 'TADEZ GLOBAL RESOURCES', '80400.00', 'procurement@isaluhospitals.com', 1, '19', 1, 1, '2022-05-26 12:31:51', 1, '19', 1, '2022-05-26 04:43:18', '2022-05-26', NULL, 1, 0, '19', 60, 0, NULL, NULL, '', '0', '', NULL, '2022-05-26 12:31:51', NULL, 1, 47, 0, 43),
(297, NULL, '', NULL, 'Alabi Aderonke Atinuke', '2000.00', 'procurement@isaluhospitals.com', 1, '19', 1, 1, '2022-05-26 12:38:10', 1, '19', 1, '2022-05-27 10:26:48', '2022-05-26', NULL, 1, 0, '19', 60, 0, NULL, NULL, '', '0', '', NULL, '2022-05-26 12:38:10', NULL, 1, 46, 0, 43),
(298, NULL, '', NULL, 'MACROTEL TECHNOLOGIES', '80000.00', 'it@isalu.com', 2, '19', 1, 1, '2022-05-26 02:16:23', 1, '19', 1, '2022-05-26 02:29:26', '2022-05-26', NULL, 1, 0, '19', 118, 0, NULL, NULL, 'MACROTEL TECHNOLOGIES LIMITED', '151564702', 'GUARANTY TRUST BANK', NULL, '2022-05-26 02:16:23', NULL, 1, 47, 0, 40),
(299, NULL, '', NULL, 'LABODE MACSAM', '96000.00', 'hr@isaluhospitals.com', 13, '19', 1, 1, '2022-05-27 12:56:48', 1, '19', 1, '2022-05-27 02:26:58', '2022-05-26', NULL, 1, 0, '19', 85, 0, NULL, NULL, '', '0', '', NULL, '2022-05-27 12:56:48', NULL, 1, 47, 0, 50),
(300, NULL, '', NULL, 'LABODE MACSAM', '96000.00', 'hr@isaluhospitals.com', 13, NULL, 0, 1, NULL, 0, NULL, 0, NULL, '2022-05-26', NULL, 0, 0, NULL, 85, 0, NULL, NULL, '', '0', '', NULL, NULL, NULL, 0, NULL, 1, 50),
(301, NULL, '', NULL, 'IDRIS MAINTENANCE DEPT', '15000.00', 'clientservice2@isaluhospitals.com', 3, '19', 1, 1, '2022-05-27 05:57:38', 1, '19', 1, '2022-05-30 09:31:06', '2022-05-27', NULL, 1, 0, '19', 27, 0, NULL, NULL, '', '0', '', NULL, '2022-05-27 05:57:38', NULL, 1, 46, 0, 25),
(302, NULL, 'Nill', NULL, 'MACROTEL TECHNOLOGIES ', '80000.00', 'it@isalu.com', 2, '19', 1, 1, '2022-05-30 02:07:04', 1, '19', 1, '2022-05-31 09:39:05', '2022-05-27', NULL, 1, 0, '19', 118, 0, NULL, NULL, 'MACROTEL TECHNOLOGIES LIMITED', '151564702', 'GUARANTY TRUST BANK', NULL, '2022-05-30 02:07:04', NULL, 1, 47, 0, 40),
(303, NULL, '', NULL, 'ALABI ADERONKE JEJE', '9000.00', 'biyi@isaluhospitals.com', 1, '19', 1, 1, '2022-05-27 12:57:54', 1, '19', 1, '2022-05-27 01:43:00', '2022-05-27', NULL, 1, 0, '19', 42, 0, NULL, NULL, '', '0', '', NULL, '2022-05-27 12:57:54', NULL, 1, 46, 0, 43),
(304, NULL, '', NULL, 'OYEBIYI FATAI ADEKUNLE', '150000.00', 'biyi@isaluhospitals.com', 1, '22', 1, 1, '2022-05-30 05:45:49', 1, '19', 1, '2022-06-01 12:06:42', '2022-05-27', NULL, 0, 0, NULL, 60, 0, 0, NULL, 'OYEBIYI FATAI ADEKUNLE', '0', '0017306231', NULL, '2022-05-27 12:58:59', NULL, 1, 47, 0, 43),
(305, NULL, '', NULL, 'ALABI ADERONKE JEJE', '3000.00', 'biyi@isaluhospitals.com', 1, '19', 1, 1, '2022-05-27 12:59:26', 1, '19', 1, '2022-05-27 01:42:34', '2022-05-27', NULL, 1, 0, '19', 60, 0, NULL, NULL, '', '0', '', NULL, '2022-05-27 12:59:26', NULL, 1, 46, 0, 43),
(306, NULL, '', NULL, 'AWELE RISIKAT ', '120000.00', 'biyi@isaluhospitals.com', 1, '19', 1, 1, '2022-05-27 12:59:50', 1, '19', 1, '2022-05-27 01:16:51', '2022-05-27', NULL, 1, 0, '19', 60, 0, NULL, NULL, '', '0', '', NULL, '2022-05-27 12:59:50', NULL, 1, 47, 0, 43),
(307, NULL, '', NULL, 'SUARA OLUWAKEMI TAIWO', '21600.00', 'biyi@isaluhospitals.com', 1, NULL, 0, 0, NULL, 0, '19', 0, NULL, '2022-05-27', NULL, 0, 0, NULL, 60, 1, 19, 'Wrong Description - IOU Purchase', '', '0', '', '2022-05-13 01:01:13', NULL, NULL, 0, NULL, 0, 43),
(308, NULL, '', NULL, 'ORIOYE PAUL', '50000.00', 'orioye@isaluhospitals.com', 5, NULL, 0, 1, NULL, 0, '19', 0, NULL, '2022-05-27', NULL, 0, 0, NULL, 12, 1, 19, 'Wrong Description - IOU Purchase', '', '0', '', '0000-00-00 00:00:00', NULL, NULL, 0, NULL, 0, 53),
(309, NULL, '', NULL, 'TAIWO DAVID LASISI', '0.00', 'procurement2@isaluhospitals.com', 1, NULL, 0, 0, NULL, 0, NULL, 0, NULL, '2022-05-27', NULL, 0, 0, NULL, 84, 0, NULL, NULL, '', '0', '', NULL, NULL, NULL, 0, NULL, 1, 43),
(310, NULL, '', NULL, 'TAIWO DAVID LASISI', '2000.00', 'procurement2@isaluhospitals.com', 1, '19', 1, 1, '2022-05-27 01:13:55', 1, '19', 1, '2022-05-27 01:39:37', '2022-05-27', NULL, 1, 0, '19', 84, 0, NULL, NULL, '', '0', '', NULL, '2022-05-27 01:13:55', NULL, 1, 46, 0, 43),
(311, NULL, '', NULL, 'Braingrace Consult', '1050000.00', 'biyi@isaluhospitals.com', 1, '19', 1, 1, '2022-05-27 01:05:15', 1, '19', 1, '2022-05-27 02:19:01', '2022-05-27', NULL, 1, 0, '19', 81, 0, NULL, NULL, 'Braingrace Consult', '2001170726', 'Globus Bank', NULL, '2022-05-27 01:05:15', NULL, 1, 47, 0, 41),
(312, NULL, '', NULL, 'IPAYE NIMOTA OLUBUKOLA', '2600.00', 'procurement2@isaluhospitals.com', 1, '19', 1, 1, '2022-05-27 02:17:40', 1, '19', 1, '2022-05-30 11:47:42', '2022-05-27', NULL, 1, 0, '19', 60, 0, NULL, NULL, '', '0', '', NULL, '2022-05-27 02:17:40', NULL, 1, 46, 0, 43),
(313, NULL, '', NULL, 'IPAYE NIMOTA OLUBUKOLA', '5000.00', 'procurement2@isaluhospitals.com', 1, '19', 1, 1, '2022-05-30 02:06:35', 1, '19', 1, '2022-05-31 04:05:49', '2022-05-27', NULL, 1, 0, '19', 95, 0, NULL, NULL, '', '0', '', NULL, '2022-05-30 02:06:35', NULL, 1, 46, 0, 43),
(314, NULL, '', NULL, 'IPAYE NIMOTA OLUBUKOLA', '5000.00', 'procurement2@isaluhospitals.com', 1, '19', 1, 1, '2022-05-30 02:06:12', 1, '19', 1, '2022-05-31 04:06:21', '2022-05-27', NULL, 1, 0, '19', 95, 0, NULL, NULL, '', '0', '', NULL, '2022-05-30 02:06:12', NULL, 1, 46, 0, 43),
(315, NULL, '', NULL, 'IPAYE NIMOTA OLUBUKOLA', '0.00', 'procurement2@isaluhospitals.com', 1, NULL, 0, 0, NULL, 0, NULL, 0, NULL, '2022-05-27', NULL, 0, 0, NULL, 95, 0, NULL, NULL, '', '0', '', NULL, NULL, NULL, 0, NULL, 1, 43),
(316, NULL, 'NILL', NULL, 'AMADI MAUREEN', '1600.00', 'kitchen@isaluhospitals.com', 12, '19', 1, 1, '2022-05-27 03:30:07', 1, '19', 1, '2022-05-31 04:36:56', '2022-05-27', NULL, 1, 0, '19', 119, 0, NULL, NULL, 'NILL', '0', 'NILL', NULL, '2022-05-27 03:30:07', NULL, 1, 46, 0, 57),
(317, NULL, '', NULL, 'ORIOYE PAUL', '50000.00', 'orioye@isaluhospitals.com', 5, '19', 1, 1, '2022-05-27 01:33:39', 1, '19', 1, '2022-05-27 02:02:22', '2022-05-27', NULL, 1, 0, '19', 12, 0, NULL, NULL, '', '0', '', NULL, '2022-05-27 01:33:39', NULL, 1, 47, 0, 53),
(318, NULL, '', NULL, 'IPAYE NIMOTA OLUBUKOLA', '2000.00', 'procurement2@isaluhospitals.com', 1, NULL, 0, 0, NULL, 0, NULL, 0, NULL, '2022-05-27', NULL, 0, 0, NULL, 60, 1, 43, 'returned', '', '0', '', '2022-05-22 02:12:22', NULL, NULL, 0, NULL, 1, 43),
(319, NULL, '', NULL, 'ELECTRONICS KINGDOM VENTURES', '167900.00', 'procurement2@isaluhospitals.com', 1, '19', 1, 1, '2022-05-27 02:14:36', 1, '19', 1, '2022-05-27 02:34:40', '2022-05-27', NULL, 1, 0, '19', 60, 0, NULL, NULL, '0021194538', '0', 'STANBIC BANK ', NULL, '2022-05-27 02:14:36', NULL, 1, 47, 0, 43),
(320, NULL, '', NULL, 'IPAYE NIMOTA OLUBUKOLA', '2000.00', 'procurement2@isaluhospitals.com', 1, '19', 1, 1, '2022-05-27 04:58:18', 1, '19', 1, '2022-05-30 11:47:04', '2022-05-27', NULL, 1, 0, '19', 60, 0, NULL, NULL, '', '0', '', NULL, '2022-05-27 04:58:18', NULL, 1, 46, 0, 43),
(321, NULL, '', NULL, 'DR SANGOBIYI TOPE', '12000.00', 'clientservice2@isaluhospitals.com', 3, '19', 1, 1, '2022-05-27 03:48:06', 1, '19', 1, '2022-05-27 04:30:10', '2022-05-27', NULL, 1, 0, '19', 105, 0, NULL, NULL, '', '0', '', NULL, '2022-05-27 03:48:06', NULL, 1, 46, 0, 25),
(324, NULL, '', NULL, 'MR SURU OKITIKAN', '7000.00', 'procurement@isaluhospitals.com', 1, '19', 1, 1, '2022-05-27 04:57:30', 1, '19', 1, '2022-05-27 05:38:26', '2022-05-27', NULL, 1, 0, '19', 62, 0, NULL, NULL, '', '0', '', NULL, '2022-05-27 04:57:30', NULL, 1, 46, 0, 43),
(325, NULL, '', NULL, 'MAUREEN AMADI', '16000.00', 'procurement@isaluhospitals.com', 1, NULL, 0, 1, NULL, 0, NULL, 0, NULL, '2022-05-27', NULL, 0, 0, NULL, 14, 0, NULL, NULL, '', '0', '', NULL, NULL, NULL, 0, NULL, 1, 57),
(326, NULL, '', NULL, 'MAUREEN AMADI', '37000.00', 'procurement@isaluhospitals.com', 1, NULL, 0, 1, NULL, 0, NULL, 0, NULL, '2022-05-27', NULL, 0, 0, NULL, 14, 0, NULL, NULL, '', '0', '', NULL, NULL, NULL, 0, NULL, 1, 57),
(327, NULL, '', NULL, 'MR. TAIWO DAVID', '1000.00', 'procurement@isaluhospitals.com', 1, '19', 1, 1, '2022-05-27 04:37:59', 1, '19', 1, '2022-05-27 06:19:14', '2022-05-27', NULL, 1, 0, '19', 115, 0, NULL, NULL, '', '0', '', NULL, '2022-05-27 04:37:59', NULL, 1, 46, 0, 43),
(328, NULL, '', NULL, 'Obiwale Aminat', '600.00', 'aminat@isaluhospitals.com', 6, '19', 1, 1, '2022-05-30 02:05:33', 1, '19', 1, '2022-05-30 05:44:31', '2022-05-27', NULL, 1, 0, '19', 86, 0, NULL, NULL, '', '0', '', NULL, '2022-05-30 02:05:33', NULL, 1, 46, 0, 44),
(331, NULL, '', NULL, 'HILAND FREEBIZ', '399000.00', 'procurement@isaluhospitals.com', 1, NULL, 0, 0, NULL, 0, '19', 0, NULL, '2022-05-27', NULL, 0, 0, NULL, 104, 1, 19, 'Wrong Description - Advance Payment', 'HILAND FREEBIZ', '0', 'STERLING BANK', '0000-00-00 00:00:00', NULL, NULL, 0, NULL, 0, 43),
(332, NULL, 'IHL/738', NULL, 'Moses Cynthia', '5000.00', 'mainstore@isaluhospitals.com', 14, NULL, 0, 0, NULL, 0, '19', 0, NULL, '2022-05-27', NULL, 0, 0, NULL, 116, 1, 19, 'Wrong Description', '', '0', '', '0000-00-00 00:00:00', NULL, NULL, 0, NULL, 0, 50),
(333, NULL, '', NULL, 'HILAND FREEBIZ', '588000.00', 'procurement@isaluhospitals.com', 1, '19', 1, 1, '2022-05-27 05:31:38', 1, '19', 1, '2022-05-30 01:08:40', '2022-05-27', NULL, 1, 0, '19', 104, 0, NULL, NULL, 'HILAND FREEBIZ', '0', 'STERLING BANK', NULL, '2022-05-27 05:31:38', NULL, 1, 47, 0, 43),
(334, NULL, '', NULL, 'LABODE MACSAM', '82500.00', 'hr@isaluhospitals.com', 13, '19', 1, 1, '2022-05-27 05:35:17', 1, '19', 1, '2022-05-30 01:12:14', '2022-05-27', NULL, 1, 0, '19', 27, 0, NULL, NULL, '', '0', '', NULL, '2022-05-27 05:35:17', NULL, 1, 47, 0, 50),
(335, NULL, '', NULL, 'IPAYE NIMOTA BUKOLA', '21600.00', 'procurement@isaluhospitals.com', 1, '19', 1, 1, '2022-05-27 05:41:25', 1, '19', 1, '2022-06-02 10:29:51', '2022-05-27', NULL, 1, 0, '19', 15, 0, NULL, NULL, '', '0', '', NULL, '2022-05-27 05:41:25', NULL, 1, 46, 0, 43),
(337, NULL, '', NULL, 'yahya sanusi', '0.00', 'yosanusi@isaluhospitals.com', 17, NULL, 0, 0, NULL, 0, NULL, 0, NULL, '2022-05-27', NULL, 0, 0, NULL, 73, 0, NULL, NULL, '', '0', '', NULL, NULL, NULL, 0, NULL, 1, 55),
(338, NULL, 'ihl/737', NULL, 'moses cynthia', '5000.00', 'mainstore@isaluhospitals.com', 14, NULL, 0, 0, NULL, 0, NULL, 0, NULL, '2022-05-27', NULL, 0, 0, NULL, 121, 0, NULL, NULL, '', '0', '', NULL, NULL, NULL, 0, NULL, 1, 50),
(339, NULL, '', NULL, 'yahya sanusi', '10000.00', 'yosanusi@isaluhospitals.com', 17, '19', 1, 1, '2022-05-27 06:01:11', 1, '19', 1, '2022-05-30 05:35:49', '2022-05-27', NULL, 1, 0, '19', 73, 0, NULL, NULL, '', '0', '', NULL, '2022-05-27 06:01:11', NULL, 1, 47, 0, 41),
(340, NULL, '', NULL, 'Geelat Furniture Co', '65000.00', 'biyi@isaluhospitals.com', 1, '19', 1, 1, '2022-05-30 04:07:43', 1, '19', 1, '2022-06-01 12:08:26', '2022-05-27', NULL, 1, 0, '19', 95, 0, NULL, NULL, 'Geelat Furniture Co', '35803403', 'Access Bank', NULL, '2022-05-30 04:07:43', NULL, 1, 47, 0, 43),
(341, NULL, '', NULL, 'MAUREEN AMADI', '37000.00', 'procurement@isaluhospitals.com', 1, '19', 1, 1, '2022-05-27 06:35:50', 1, '19', 1, '2022-05-27 06:36:16', '2022-05-27', NULL, 1, 0, '19', 14, 0, NULL, NULL, '', '0', '', NULL, '2022-05-27 06:35:50', NULL, 1, 46, 0, 43),
(342, NULL, 'IHL/436', NULL, 'Fatimah Tajudeen', '5000.00', 'housekeeping@isaluhospitals.com', 20, NULL, 0, 1, NULL, 0, NULL, 0, NULL, '2022-05-27', NULL, 0, 0, NULL, 121, 0, NULL, NULL, 'Fatimah Tajudeen', '157791142', 'Union Bank', NULL, NULL, NULL, 0, NULL, 1, 50),
(343, NULL, 'NIL', NULL, 'IDUMA SUNDAY', '38000.00', 'clientservice2@isaluhospitals.com', 3, NULL, 0, 1, NULL, 0, NULL, 0, NULL, '2022-05-28', NULL, 0, 0, NULL, 11, 0, NULL, NULL, 'NIL', '0', 'NIL', NULL, NULL, NULL, 0, NULL, 1, 41),
(344, NULL, '', NULL, 'Hyparxis Integrated Solutions', '72720.00', 'it@isalu.com', 2, '19', 1, 1, '2022-05-30 05:48:51', 1, '19', 1, '2022-05-31 12:41:50', '2022-05-29', NULL, 1, 0, '19', 122, 0, NULL, NULL, 'Hyparxis Integrated Solutions', '2147483647', 'FCMB', NULL, '2022-05-30 05:48:51', NULL, 1, 47, 0, 40),
(346, NULL, '', NULL, 'JENRADE IBRAHIM', '20000.00', 'bcc@isaluhospitals.com', 16, '19', 1, 1, '2022-05-30 10:24:45', 1, '19', 1, '2022-05-30 10:28:51', '2022-05-30', NULL, 1, 0, '19', 93, 0, NULL, NULL, '', '0', '', NULL, '2022-05-30 10:24:45', NULL, 1, 46, 0, 40),
(347, NULL, 'NOT APPLICABLE', NULL, 'ADEBOLA HASSAN', '62000.00', 'bcc@isaluhospitals.com', 16, NULL, 0, 1, NULL, 0, NULL, 0, NULL, '2022-05-30', NULL, 0, 0, NULL, 110, 0, NULL, NULL, 'ADEBOLA HASSAN', '1410147855', 'ACCESS BANK', NULL, NULL, NULL, 0, NULL, 1, 50),
(348, NULL, '', NULL, 'ADEBOLA HASSAN', '62000.00', 'bcc@isaluhospitals.com', 16, '19', 1, 1, '2022-05-31 01:08:32', 1, '19', 1, '2022-05-31 01:19:46', '2022-05-30', NULL, 1, 0, '19', 110, 0, NULL, NULL, 'ADEBOLA HASSAN', '1410147855', 'ACCESS BANK', NULL, '2022-05-31 01:08:32', NULL, 1, 47, 0, 50),
(349, NULL, '', NULL, 'OJUROYE TOLULOPE', '3000.00', 'bcc@isaluhospitals.com', 16, '19', 1, 1, '2022-05-30 10:23:22', 1, '19', 1, '2022-05-30 10:25:09', '2022-05-30', NULL, 1, 0, '19', 86, 0, NULL, NULL, '', '0', '', NULL, '2022-05-30 10:23:22', NULL, 1, 46, 0, 44),
(350, NULL, '', NULL, 'Alex Ibhaze', '100000.00', 'biyi@isaluhospitals.com', 1, '19', 1, 1, '2022-05-30 03:58:39', 1, '19', 1, '2022-05-31 12:37:36', '2022-05-30', NULL, 1, 0, '19', 95, 0, NULL, NULL, 'Alex Ibhaze', '500590811', 'Sterling Bank', NULL, '2022-05-30 03:58:39', NULL, 1, 47, 0, 43),
(351, NULL, '', NULL, 'IDUMA SUNDAY', '38000.00', 'procurement2@isaluhospitals.com', 1, NULL, 0, 0, NULL, 0, NULL, 0, NULL, '2022-05-30', NULL, 0, 0, NULL, 60, 1, 43, 'returned', '', '0', '', '0000-00-00 00:00:00', NULL, NULL, 0, NULL, 1, 43),
(352, NULL, '', NULL, 'IPAYE NIMOTA OLUBUKOLA', '38000.00', 'procurement2@isaluhospitals.com', 1, NULL, 0, 0, NULL, 0, NULL, 0, NULL, '2022-05-30', NULL, 0, 0, NULL, 60, 1, 43, 'returned', '', '0', '', '2022-05-14 12:03:14', NULL, NULL, 0, NULL, 1, 43),
(353, NULL, '', NULL, 'ORIS MEDICAL LABORATORY', '68000.00', 'orioye@isaluhospitals.com', 5, '19', 1, 1, '2022-05-30 02:03:59', 1, '19', 1, '2022-05-31 12:29:13', '2022-05-30', NULL, 1, 0, '19', 12, 0, NULL, NULL, '', '0', '', NULL, '2022-05-30 02:03:59', NULL, 1, 47, 0, 53),
(354, NULL, '', NULL, 'IDUMA SUNDAY', '39000.00', 'procurement@isaluhospitals.com', 1, '19', 1, 1, '2022-05-30 03:58:09', 1, '19', 1, '2022-05-31 12:35:58', '2022-05-30', NULL, 1, 0, '19', 60, 0, NULL, NULL, '', '0', '', NULL, '2022-05-30 03:58:09', NULL, 1, 47, 0, 43),
(355, NULL, '', NULL, 'IPAYE NIMOTA OLUBUKOLA', '39000.00', 'procurement@isaluhospitals.com', 1, '19', 1, 1, '2022-05-30 03:57:33', 1, '19', 1, '2022-05-31 12:33:33', '2022-05-30', NULL, 1, 0, '19', 60, 0, NULL, NULL, '', '0', '', NULL, '2022-05-30 03:57:33', NULL, 1, 47, 0, 43),
(356, NULL, '', NULL, 'DR SANGOBIYI TOPE', '13000.00', 'clientservice2@isaluhospitals.com', 3, '19', 1, 1, '2022-05-30 04:22:23', 1, '19', 1, '2022-05-31 01:08:57', '2022-05-30', NULL, 1, 0, '19', 105, 0, NULL, NULL, '', '0', '', NULL, '2022-05-30 04:22:23', NULL, 1, 46, 0, 25),
(357, NULL, '', NULL, 'Nafiu. A. Bashir', '587000.00', 'biyi@isaluhospitals.com', 1, '22', 1, 1, '2022-05-30 05:45:35', 1, '19', 1, '2022-05-31 12:31:00', '2022-05-30', NULL, 0, 0, NULL, 95, 0, 0, NULL, 'Nafiu. A. Bashir', '2147483647', 'FBN PLC', NULL, '2022-05-30 04:36:37', NULL, 1, 47, 0, 43),
(358, NULL, '', NULL, 'DR SANUSI', '17000.00', 'clientservice2@isaluhospitals.com', 3, '19', 1, 1, '2022-05-30 03:55:44', 1, '19', 1, '2022-05-31 01:11:37', '2022-05-30', NULL, 1, 0, '19', 73, 0, NULL, NULL, '', '0', '', NULL, '2022-05-30 03:55:44', NULL, 1, 46, 0, 25),
(359, NULL, '', NULL, 'Juwan Aluminium', '24527.00', 'biyi@isaluhospitals.com', 1, '19', 1, 1, '2022-05-31 03:35:56', 1, '19', 0, NULL, '2022-05-30', NULL, 1, 0, '19', 95, 0, NULL, NULL, 'Juwan Aluminium', '2147483647', 'FCMB', NULL, '2022-05-31 03:35:56', NULL, 0, NULL, 0, 43),
(360, NULL, '', NULL, 'Obiwale Aminat', '1800.00', 'aminat@isaluhospitals.com', 6, NULL, 0, 0, NULL, 0, NULL, 0, NULL, '2022-05-30', NULL, 0, 0, NULL, 86, 1, 44, 'duplicate', '', '0', '', '0000-00-00 00:00:00', NULL, NULL, 0, NULL, 1, 44),
(361, NULL, '', NULL, 'PRESTIGE PAINTS COMPANY LIMITED', '0.00', 'procurement2@isaluhospitals.com', 1, NULL, 0, 0, NULL, 0, NULL, 0, NULL, '2022-05-31', NULL, 0, 0, NULL, 95, 0, NULL, NULL, 'TRANSFER', '0', '', NULL, NULL, NULL, 0, NULL, 1, 43),
(362, NULL, '', NULL, 'Obiwale Aminat', '900.00', 'aminat@isaluhospitals.com', 6, '19', 1, 1, '2022-05-31 12:56:57', 1, '19', 1, '2022-05-31 01:11:51', '2022-05-31', NULL, 1, 0, '19', 86, 0, NULL, NULL, '', '0', '', NULL, '2022-05-31 12:56:57', NULL, 1, 46, 0, 44),
(363, NULL, '', NULL, 'PRESTIGE PAINTS COMPANY LIMITED', '19800.00', 'procurement2@isaluhospitals.com', 1, NULL, 0, 0, NULL, 0, NULL, 0, NULL, '2022-05-31', NULL, 0, 0, NULL, 95, 1, 43, 'returned', '', '0', '', '2022-05-03 10:27:03', NULL, NULL, 0, NULL, 1, 43),
(364, NULL, '', NULL, 'ORIS MEDICAL LABORATORY', '93000.00', 'orioye@isaluhospitals.com', 5, NULL, 0, 0, NULL, 0, '19', 0, NULL, '2022-05-31', NULL, 0, 0, NULL, 12, 1, 19, 'Invoice number wrongly stated for N25,000.00', '', '0', '', '2022-05-01 02:23:01', NULL, NULL, 0, NULL, 0, 53),
(365, NULL, '', NULL, 'PRESTIGE PAINTS COMPANY LIMITED', '8000.00', 'procurement2@isaluhospitals.com', 1, '19', 1, 1, '2022-05-31 01:10:34', 1, '19', 1, '2022-05-31 01:44:53', '2022-05-31', NULL, 1, 0, '19', 95, 0, NULL, NULL, '', '0', '', NULL, '2022-05-31 01:10:34', NULL, 1, 47, 0, 43),
(366, NULL, '', NULL, 'FELIBETH VENTURES', '157000.00', 'procurement2@isaluhospitals.com', 1, NULL, 0, 1, NULL, 0, '19', 0, NULL, '2022-05-31', NULL, 0, 0, NULL, 60, 0, NULL, NULL, '', '0', '', NULL, NULL, NULL, 0, NULL, 0, 43),
(367, NULL, '', NULL, 'GOODNEWS  DIAGNOSTICS SERVICES ', '68000.00', 'orioye@isaluhospitals.com', 5, '19', 1, 1, '2022-05-31 02:06:14', 1, '19', 1, '2022-05-31 02:35:23', '2022-05-31', NULL, 1, 0, '19', 12, 0, NULL, NULL, '', '0', '', NULL, '2022-05-31 02:06:14', NULL, 1, 47, 0, 53),
(368, NULL, '', NULL, 'Nkire Felix', '65000.00', 'biyi@isaluhospitals.com', 1, '19', 1, 1, '2022-05-31 02:03:21', 1, '19', 1, '2022-05-31 02:41:48', '2022-05-31', NULL, 1, 0, '19', 95, 0, NULL, NULL, 'Nkire Felix', '119254773', 'GTB', NULL, '2022-05-31 02:03:21', NULL, 1, 47, 0, 43),
(369, NULL, '', NULL, 'FOLORUNSHO JIMOH', '8000.00', 'procurement2@isaluhospitals.com', 1, NULL, 0, 1, NULL, 0, '19', 0, NULL, '2022-05-31', NULL, 0, 0, NULL, 95, 0, NULL, NULL, 'TRANSFER', '0', '', NULL, NULL, NULL, 0, NULL, 0, 43),
(370, NULL, '', NULL, '4200', '0.00', 'procurement2@isaluhospitals.com', 1, NULL, 0, 0, NULL, 0, NULL, 0, NULL, '2022-05-31', NULL, 0, 0, NULL, 95, 0, NULL, NULL, '', '0', '', NULL, NULL, NULL, 0, NULL, 1, 43),
(371, NULL, '', NULL, 'CARTER BIGGS LOGISTICS COMPANY', '12000.00', 'procurement@isaluhospitals.com', 1, '19', 1, 1, '2022-05-31 01:18:16', 1, '19', 1, '2022-05-31 01:24:30', '2022-05-31', NULL, 1, 0, '19', 112, 0, NULL, NULL, 'CARTER BIGGS INVESTMENT LIMITED', '671242670', 'GT BANK', NULL, '2022-05-31 01:18:16', NULL, 1, 47, 0, 43),
(372, NULL, '', NULL, 'SEKINAT RAJI', '4200.00', 'procurement2@isaluhospitals.com', 1, '19', 1, 1, '2022-06-01 01:43:11', 1, '19', 1, '2022-06-02 11:48:00', '2022-05-31', NULL, 1, 0, '19', 95, 0, NULL, NULL, 'TRANSFER', '0', '', NULL, '2022-06-01 01:43:11', NULL, 1, 47, 0, 43),
(373, NULL, '', NULL, 'FOLORUNSHO JIMOH', '19800.00', 'procurement2@isaluhospitals.com', 1, '19', 1, 1, '2022-05-31 03:33:01', 1, '19', 1, '2022-06-01 12:04:59', '2022-05-31', NULL, 1, 0, '19', 95, 0, NULL, NULL, '', '0', '', NULL, '2022-05-31 03:33:01', NULL, 1, 47, 0, 43),
(374, NULL, '', NULL, 'IPAYE NIMOTA OLUBUKOLA', '8000.00', 'procurement2@isaluhospitals.com', 1, '19', 1, 1, '2022-06-01 01:37:06', 1, '19', 1, '2022-06-01 01:46:22', '2022-05-31', NULL, 1, 0, '19', 60, 0, NULL, NULL, 'CASH', '0', '', NULL, '2022-06-01 01:37:06', NULL, 1, 46, 0, 43),
(375, NULL, '', NULL, 'IPAYE NIMOTA OLUBUKOLA', '17100.00', 'procurement2@isaluhospitals.com', 1, '19', 1, 1, '2022-06-01 01:29:03', 1, '19', 1, '2022-06-01 01:47:37', '2022-05-31', NULL, 1, 0, '19', 60, 0, NULL, NULL, '', '0', '', NULL, '2022-06-01 01:29:03', NULL, 1, 46, 0, 43),
(376, NULL, '', NULL, 'amadi maureen', '2000.00', 'kitchen@isaluhospitals.com', 12, '19', 1, 1, '2022-05-31 02:49:45', 1, '19', 1, '2022-05-31 04:03:56', '2022-05-31', NULL, 1, 0, '19', 119, 0, NULL, NULL, '', '0', '', NULL, '2022-05-31 02:49:45', NULL, 1, 46, 0, 57),
(377, NULL, '', NULL, 'IPAYE NIMOTA OLUBUKOLA', '60500.00', 'procurement2@isaluhospitals.com', 1, '19', 1, 1, '2022-05-31 04:12:22', 1, '19', 1, '2022-05-31 04:20:36', '2022-05-31', NULL, 1, 0, '19', 14, 0, NULL, NULL, '', '0', '', NULL, '2022-05-31 04:12:22', NULL, 1, 46, 0, 43),
(378, NULL, '', NULL, 'ORIS MEDICAL LABORATORY', '93000.00', 'orioye@isaluhospitals.com', 5, '19', 1, 1, '2022-06-01 11:46:57', 1, '19', 1, '2022-06-01 12:12:42', '2022-05-31', NULL, 1, 0, '19', 12, 0, NULL, NULL, '', '0', '', NULL, '2022-06-01 11:46:57', NULL, 1, 47, 0, 53),
(379, NULL, '', NULL, 'DR SANGOBIYI TOPE', '11000.00', 'clientservice2@isaluhospitals.com', 3, '19', 1, 1, '2022-06-01 01:10:32', 1, '19', 1, '2022-06-01 01:12:08', '2022-05-31', NULL, 1, 0, '19', 105, 0, NULL, NULL, '', '0', '', NULL, '2022-06-01 01:10:32', NULL, 1, 46, 0, 25),
(380, NULL, '', NULL, 'LEDABOG NIGERIA LIMITED', '39000.00', 'procurement2@isaluhospitals.com', 1, '19', 1, 1, '2022-06-01 01:35:22', 1, '19', 1, '2022-06-02 11:46:53', '2022-05-31', NULL, 1, 0, '19', 60, 0, NULL, NULL, 'CASH', '0', '', NULL, '2022-06-01 01:35:22', NULL, 1, 47, 0, 43),
(381, NULL, '', NULL, 'MAUREEN AMADI', '2110600.00', 'procurement2@isaluhospitals.com', 1, NULL, 0, 0, NULL, 0, '19', 0, NULL, '2022-05-31', NULL, 0, 0, NULL, 14, 1, 19, 'item (pando yam) repeated many times, Quantity of iems (Ogbono and spaghetti) not well stated', '', '0', '', '2022-06-05 12:43:05', NULL, NULL, 0, NULL, 0, 57),
(386, NULL, 'ihl/891', NULL, 'Amazon web Services', '21679.00', 'it@isalu.com', 2, '19', 1, 1, '2022-06-01 11:44:41', 1, '19', 1, '2022-06-01 12:20:19', '2022-05-31', NULL, 1, 0, '19', 123, 0, NULL, NULL, 'ibidun oluwatosin', '0', 'zenith', NULL, '2022-06-01 11:44:41', NULL, 1, 47, 0, 40),
(388, NULL, 'ihl/891', NULL, 'REMOTE DESKTOP LICENSE', '35000.00', 'it@isalu.com', 2, '19', 1, 1, '2022-06-01 01:36:19', 1, '19', 1, '2022-06-01 03:08:07', '2022-05-31', NULL, 1, 0, '19', 124, 0, NULL, NULL, 'ibidun oluwatosin', '0', 'zenith', NULL, '2022-06-01 01:36:19', NULL, 1, 47, 0, 40),
(390, NULL, 'NILL', NULL, 'AMADI MAUREEN', '2096500.00', 'procurement@isaluhospitals.com', 1, '22', 0, 1, NULL, 1, '19', 0, NULL, '2022-06-01', NULL, 0, 0, NULL, 125, 0, NULL, NULL, 'NILL', '0', 'NILL', NULL, '2022-06-02 09:34:35', NULL, 0, NULL, 0, 57),
(391, NULL, '', NULL, 'BAMIDELE OJELADE FEMI', '10000.00', 'procurement2@isaluhospitals.com', 1, NULL, 0, 0, NULL, 0, '19', 0, NULL, '2022-06-01', NULL, 0, 0, NULL, 60, 1, 19, 'PAYMENT FOR LABOUR SHOULD BE MADE AFTER COMPLETION OF WORK', '3118423949', '0', 'FIRST BANK', '0000-00-00 00:00:00', NULL, NULL, 0, NULL, 0, 43),
(392, NULL, '', NULL, 'IDUMA SUNDAY', '21000.00', 'procurement2@isaluhospitals.com', 1, NULL, 0, 0, NULL, 0, '19', 0, NULL, '2022-06-01', NULL, 0, 0, NULL, 60, 1, 19, 'Wrong Description', '', '0', '', '2022-06-30 05:58:30', NULL, NULL, 0, NULL, 0, 43),
(393, NULL, '', NULL, 'SEKINAT RAJI', '3000.00', 'procurement2@isaluhospitals.com', 1, '19', 1, 1, '2022-06-02 01:04:32', 1, '19', 1, '2022-06-03 01:08:52', '2022-06-01', NULL, 1, 0, '19', 60, 0, NULL, NULL, '', '0', '', NULL, '2022-06-02 01:04:32', NULL, 1, 47, 0, 43),
(394, NULL, '569', NULL, 'Oyenuga Omotayo', '2500.00', 'pharmacy@isaluhospitals.com', 10, '19', 1, 1, '2022-06-01 03:42:03', 1, '19', 1, '2022-06-02 08:37:39', '2022-06-01', NULL, 1, 0, '19', 10, 0, NULL, NULL, 'nil', '0', 'nil', NULL, '2022-06-01 03:42:03', NULL, 1, 46, 0, 52),
(395, NULL, '', NULL, 'LABODE MACSAM', '80000.00', 'hr@isaluhospitals.com', 13, NULL, 0, 0, NULL, 0, '19', 0, NULL, '2022-06-01', NULL, 0, 0, NULL, 71, 1, 19, 'To be routed through procurement, Sir.', '', '0', '', '2022-06-21 03:38:21', NULL, NULL, 0, NULL, 0, 50),
(396, NULL, '', NULL, 'JEMIMAH NIG LTD.', '383000.00', 'biyi@isaluhospitals.com', 1, NULL, 0, 1, NULL, 0, NULL, 0, NULL, '2022-06-01', NULL, 0, 0, NULL, 95, 0, NULL, NULL, 'JEMIMAH NIG LTD ', '2147483647', 'FIDELITY BANK ', NULL, NULL, NULL, 0, NULL, 1, 41),
(397, NULL, '', NULL, 'G.E .', '2000000.00', 'procurement2@isaluhospitals.com', 1, NULL, 0, 0, NULL, 0, NULL, 0, NULL, '2022-06-01', NULL, 0, 0, NULL, 95, 1, 43, 'DOUBLE', '', '0', '', '2022-06-10 05:55:10', NULL, NULL, 0, NULL, 1, 43),
(398, NULL, '', NULL, 'GE', '2000000.00', 'biyi@isaluhospitals.com', 1, '19', 1, 1, '2022-06-02 09:04:53', 1, '19', 1, '2022-06-02 11:45:48', '2022-06-01', NULL, 1, 0, '19', 95, 0, NULL, NULL, '', '0', '', NULL, '2022-06-02 09:04:53', NULL, 1, 47, 0, 43),
(399, NULL, '', NULL, 'IDUMA SUNDAY', '21000.00', 'procurement2@isaluhospitals.com', 1, '19', 1, 1, '2022-06-01 06:14:37', 1, '19', 1, '2022-06-02 10:34:23', '2022-06-01', NULL, 1, 0, '19', 60, 0, NULL, NULL, '', '0', '', NULL, '2022-06-01 06:14:37', NULL, 1, 46, 0, 43),
(400, NULL, '1038', NULL, 'EBEBE DEBORAH', '1000.00', 'clientservice2@isaluhospitals.com', 3, NULL, 0, 0, NULL, 0, NULL, 0, NULL, '2022-06-01', NULL, 0, 0, NULL, 86, 1, 25, 'NOT APPLICABLE', 'EBEBE DEBORAH UJIUCHOMIN', '2147483647', 'ZENITH BANK', '2022-06-11 10:53:11', NULL, NULL, 0, NULL, 1, 25),
(402, NULL, '1038', NULL, 'EBEBE DEBORAH', '1000.00', 'clientservice2@isaluhospitals.com', 3, '19', 1, 1, '2022-06-02 01:37:02', 1, '19', 1, '2022-06-02 05:53:37', '2022-06-01', NULL, 1, 0, '19', 86, 0, NULL, NULL, '', '0', '', NULL, '2022-06-02 01:37:02', NULL, 1, 46, 0, 25),
(403, NULL, '', NULL, 'GEELAT FURNITURE AND COMPANY', '80000.00', 'procurement2@isaluhospitals.com', 1, NULL, 0, 1, NULL, 0, '19', 0, NULL, '2022-06-01', NULL, 0, 0, NULL, 95, 0, NULL, NULL, 'GEELAT FURNITURE AND COMPANY', '0', 'OO35803403', NULL, NULL, NULL, 0, NULL, 0, 43),
(404, NULL, '', NULL, 'EKE NIG ENTERPRISES ', '6000.00', 'procurement2@isaluhospitals.com', 1, '19', 1, 1, '2022-06-02 01:06:00', 1, '19', 1, '2022-06-03 01:06:37', '2022-06-02', NULL, 1, 0, '19', 95, 0, NULL, NULL, '', '0', '', NULL, '2022-06-02 01:06:00', NULL, 1, 47, 0, 43),
(405, NULL, '', NULL, 'IPAYE NIMOTA OLUBUKOLA', '13000.00', 'procurement2@isaluhospitals.com', 1, '19', 1, 1, '2022-06-02 06:02:11', 1, '19', 1, '2022-06-03 10:53:48', '2022-06-02', NULL, 1, 0, '19', 60, 0, NULL, NULL, '', '0', '', NULL, '2022-06-02 06:02:11', NULL, 1, 46, 0, 43),
(406, NULL, '', NULL, 'DIVINE NEWSPAPER SUPPLY', '8450.00', 'hr@isaluhospitals.com', 13, '19', 1, 1, '2022-06-03 08:23:55', 1, '19', 1, '2022-06-03 01:03:35', '2022-06-02', NULL, 1, 0, '19', 72, 0, NULL, NULL, '', '0', '', NULL, '2022-06-03 08:23:55', NULL, 1, 47, 0, 50),
(407, NULL, '', NULL, 'BAMIDELE OJELADE FEMI', '10000.00', 'procurement2@isaluhospitals.com', 1, NULL, 0, 0, NULL, 0, NULL, 0, NULL, '2022-06-02', NULL, 0, 0, NULL, 60, 1, 43, 'RAISE PART PAYMENT ALONE ', '3118423949', '0', 'FIRST BANK', '0000-00-00 00:00:00', NULL, NULL, 0, NULL, 1, 43),
(408, NULL, '', NULL, 'JEMIMAH NIG LTD.', '343000.00', 'procurement@isaluhospitals.com', 1, '19', 1, 1, '2022-06-02 01:50:23', 1, '19', 1, '2022-06-02 02:14:48', '2022-06-02', NULL, 1, 0, '19', 95, 0, NULL, NULL, 'JEMIMAH NIG LTD', '2147483647', 'FIDELITY BANK', NULL, '2022-06-02 01:50:23', NULL, 1, 47, 0, 43),
(409, NULL, '', NULL, 'IPAYE NIMOTA OLUBUKOLA', '2500.00', 'procurement2@isaluhospitals.com', 1, '19', 1, 1, '2022-06-02 02:07:55', 1, '19', 1, '2022-06-02 06:15:41', '2022-06-02', NULL, 1, 0, '19', 95, 0, NULL, NULL, '', '0', '', NULL, '2022-06-02 02:07:55', NULL, 1, 46, 0, 43),
(410, NULL, '', NULL, 'IPAYE NIMOTA OLUBUKOLA', '4000.00', 'procurement2@isaluhospitals.com', 1, NULL, 0, 0, NULL, 0, NULL, 0, NULL, '2022-06-02', NULL, 0, 0, NULL, 95, 1, 43, 'WRONG AMOUNT ', 'CASH', '0', '', '0000-00-00 00:00:00', NULL, NULL, 0, NULL, 1, 43),
(411, NULL, '', NULL, 'BAMIDELE OJELADE FEMI', '0.00', 'procurement2@isaluhospitals.com', 1, NULL, 0, 0, NULL, 0, NULL, 0, NULL, '2022-06-02', NULL, 0, 0, NULL, 60, 0, NULL, NULL, '', '0', '', NULL, NULL, NULL, 0, NULL, 1, 43),
(412, NULL, '', NULL, 'BAMIDELE OJELADE FEMI', '8000.00', 'procurement2@isaluhospitals.com', 1, NULL, 0, 0, NULL, 0, NULL, 0, NULL, '2022-06-02', NULL, 0, 0, NULL, 60, 1, 43, 'Not well detailed', 'BAMIDELE OJELADE FEMI', '2147483647', 'FIRST BANK', '2022-06-01 02:17:01', NULL, NULL, 0, NULL, 1, 43),
(414, NULL, '', NULL, 'IPAYE NIMOTA OLUBUKOLA', '1500.00', 'procurement2@isaluhospitals.com', 1, '19', 1, 1, '2022-06-02 07:30:55', 1, '19', 1, '2022-06-03 10:52:50', '2022-06-02', NULL, 1, 0, '19', 95, 0, NULL, NULL, '', '0', '', NULL, '2022-06-02 07:30:55', NULL, 1, 46, 0, 43),
(415, NULL, '', NULL, 'IPAYE NIMOTA OLUBUKOLA', '4000.00', 'procurement2@isaluhospitals.com', 1, '19', 1, 1, '2022-06-02 07:31:35', 1, '19', 1, '2022-06-03 11:07:31', '2022-06-02', NULL, 1, 0, '19', 95, 0, NULL, NULL, '', '0', '', NULL, '2022-06-02 07:31:35', NULL, 1, 46, 0, 43),
(416, NULL, '', NULL, 'IPAYE NIMOTA OLUBUKOLA', '3000.00', 'procurement2@isaluhospitals.com', 1, '19', 1, 1, '2022-06-02 03:21:11', 1, '19', 1, '2022-06-02 06:15:26', '2022-06-02', NULL, 1, 0, '19', 95, 0, NULL, NULL, '', '0', '', NULL, '2022-06-02 03:21:11', NULL, 1, 46, 0, 43),
(417, NULL, '', NULL, 'BAMIDELE OJELADE FEMI', '8000.00', 'procurement2@isaluhospitals.com', 1, '19', 1, 1, '2022-06-02 03:22:00', 1, '19', 1, '2022-06-03 01:00:24', '2022-06-02', NULL, 1, 0, '19', 60, 0, NULL, NULL, '', '2147483647', 'FIRST BANK', NULL, '2022-06-02 03:22:00', NULL, 1, 47, 0, 43),
(418, NULL, '972', NULL, 'henry it', '8000.00', 'it@isalu.com', 2, '19', 1, 1, '2022-06-02 03:36:11', 1, '19', 1, '2022-06-02 05:54:44', '2022-06-02', NULL, 1, 0, '19', 126, 0, NULL, NULL, '', '0', '', NULL, '2022-06-02 03:36:11', NULL, 1, 46, 0, 40),
(419, NULL, '601', NULL, 'OLAWALE ABOSEDE', '0.00', 'laboratory@isaluhospitals.com', 5, NULL, 0, 0, NULL, 0, NULL, 0, NULL, '2022-06-02', NULL, 0, 0, NULL, 20, 0, NULL, NULL, 'OLAWALE ABOSEDE', '2147483647', 'ZENITH BANK', NULL, NULL, NULL, 0, NULL, 1, 53),
(420, NULL, '', NULL, 'IYA KEMI', '25000.00', 'hr@isaluhospitals.com', 13, '19', 1, 1, '2022-06-03 10:56:38', 1, '19', 1, '2022-06-03 12:57:07', '2022-06-02', NULL, 1, 0, '19', 87, 0, NULL, NULL, '', '0', '', NULL, '2022-06-03 10:56:38', NULL, 1, 47, 0, 50),
(421, NULL, '', NULL, 'Ibidun Oluwatosin', '15000.00', 'hr@isaluhospitals.com', 13, '19', 1, 1, '2022-06-02 07:31:57', 1, '19', 1, '2022-06-03 01:00:38', '2022-06-02', NULL, 1, 0, '19', 27, 0, NULL, NULL, '', '0', '', NULL, '2022-06-02 07:31:57', NULL, 1, 47, 0, 50),
(422, NULL, '', NULL, 'Orioye Paul', '15000.00', 'hr@isaluhospitals.com', 13, '19', 1, 1, '2022-06-02 07:32:14', 1, '19', 1, '2022-06-03 01:00:42', '2022-06-02', NULL, 1, 0, '19', 27, 0, NULL, NULL, '', '0', '', NULL, '2022-06-02 07:32:14', NULL, 1, 47, 0, 50),
(423, NULL, '', NULL, 'SUARA OLUWAKEMI TAIWO', '700000.00', 'procurement2@isaluhospitals.com', 1, NULL, 0, 0, NULL, 0, NULL, 0, NULL, '2022-06-02', NULL, 0, 0, NULL, 14, 1, 43, 'DUPLICATE ', '', '0', '', '2022-06-20 11:39:20', NULL, NULL, 0, NULL, 1, 43),
(424, NULL, '', NULL, 'SUARA OLUWAKEMI TAIWO', '65900.00', 'procurement2@isaluhospitals.com', 1, '19', 1, 1, '2022-06-02 06:00:08', 1, '19', 1, '2022-06-02 06:04:37', '2022-06-02', NULL, 1, 0, '19', 14, 0, NULL, NULL, '', '0', '', NULL, '2022-06-02 06:00:08', NULL, 1, 46, 0, 43),
(425, NULL, '', NULL, 'IPAYE NIMOTA OLUBUKOLA', '700000.00', 'procurement2@isaluhospitals.com', 1, '19', 1, 1, '2022-06-02 05:46:35', 1, '19', 1, '2022-06-02 05:58:19', '2022-06-02', NULL, 1, 0, '19', 14, 0, NULL, NULL, '', '0', '', NULL, '2022-06-02 05:46:35', NULL, 1, 46, 0, 43),
(426, NULL, '', NULL, 'IPAYE NIMOTA OLUBUKOLA', '2500.00', 'procurement2@isaluhospitals.com', 1, '19', 1, 1, '2022-06-06 01:28:37', 1, '19', 1, '2022-06-06 01:41:25', '2022-06-02', NULL, 1, 0, '19', 14, 0, NULL, NULL, '', '0', '', NULL, '2022-06-06 01:28:37', NULL, 1, 46, 0, 43),
(427, NULL, '', NULL, 'DARLYDEX NIG LTD', '1681000.00', 'hr@isaluhospitals.com', 13, '22', 0, 1, NULL, 1, '19', 0, NULL, '2022-06-03', NULL, 0, 0, NULL, 76, 0, NULL, NULL, 'Darlydex Nig Ltd', '1010053657', 'Zenith Bank', NULL, '2022-06-03 09:41:42', NULL, 0, NULL, 0, 50),
(428, NULL, '', NULL, 'Akinsooto Akinfolarin', '269000.00', 'hr@isaluhospitals.com', 13, '22', 0, 1, NULL, 1, '19', 0, NULL, '2022-06-03', NULL, 0, 0, NULL, 76, 0, NULL, NULL, 'Akinsooto Akinfolarin', '2147483647', 'FCMB', NULL, '2022-06-03 09:42:15', NULL, 0, NULL, 0, 50),
(429, NULL, '', NULL, 'Labode Macsam', '7500.00', 'hr@isaluhospitals.com', 13, '19', 1, 1, '2022-06-03 09:42:49', 1, '19', 1, '2022-06-03 10:38:45', '2022-06-03', NULL, 1, 0, '19', 27, 0, NULL, NULL, '', '0', '', NULL, '2022-06-03 09:42:49', NULL, 1, 46, 0, 50),
(430, NULL, '', NULL, 'SANNI RASAQ', '3000.00', 'bcc@isaluhospitals.com', 16, NULL, 0, 1, NULL, 0, NULL, 0, NULL, '2022-06-03', NULL, 0, 0, NULL, 115, 0, NULL, NULL, '', '0', '', NULL, NULL, NULL, 0, NULL, 1, 41),
(431, NULL, '', NULL, 'SANNI RASAQ', '3000.00', 'bcc@isaluhospitals.com', 16, NULL, 0, 1, NULL, 0, NULL, 0, NULL, '2022-06-03', NULL, 0, 0, NULL, 86, 0, NULL, NULL, '', '0', '', NULL, NULL, NULL, 0, NULL, 1, 41),
(432, NULL, '', NULL, 'SANNI RASAQ', '3000.00', 'bcc@isaluhospitals.com', 16, NULL, 0, 0, NULL, 0, '19', 0, NULL, '2022-06-03', NULL, 0, 0, NULL, 86, 1, 19, 'This should not be more than N2,000.00 Sir', '', '0', '', '2022-06-11 10:27:11', NULL, NULL, 0, NULL, 0, 44),
(433, NULL, '', NULL, 'Olarenwaju Tola', '62500.00', 'hr@isaluhospitals.com', 13, '19', 1, 1, '2022-06-03 11:26:03', 1, '19', 1, '2022-06-03 12:52:52', '2022-06-03', NULL, 1, 0, '19', 110, 0, NULL, NULL, '', '0', '', NULL, '2022-06-03 11:26:03', NULL, 1, 47, 0, 50),
(434, NULL, '', NULL, 'SANNI RASAQ', '2000.00', 'nathaniel@isaluhospitals.com', 6, '19', 1, 1, '2022-06-03 11:25:08', 1, '19', 1, '2022-06-03 11:26:11', '2022-06-03', NULL, 1, 0, '19', 86, 0, NULL, NULL, '', '0', '', NULL, '2022-06-03 11:25:08', NULL, 1, 46, 0, 44),
(435, NULL, '', NULL, 'ORIOYE PAUL', '50000.00', 'orioye@isaluhospitals.com', 5, NULL, 0, 0, NULL, 0, '19', 0, NULL, '2022-06-03', NULL, 0, 0, NULL, 12, 1, 19, 'Wrong Description - IOU Purchase', '', '0', '', '2022-06-29 05:22:29', NULL, NULL, 0, NULL, 0, 53),
(436, NULL, '', NULL, 'ORIOYE PAUL', '50000.00', 'orioye@isaluhospitals.com', 5, '19', 1, 1, '2022-06-03 05:21:27', 1, '19', 1, '2022-06-06 01:55:13', '2022-06-03', NULL, 1, 0, '19', 12, 0, NULL, NULL, '', '0', '', NULL, '2022-06-03 05:21:27', NULL, 1, 47, 0, 53),
(437, NULL, '', NULL, 'IPAYE NIMOTA OLUBUKOLA', '13000.00', 'procurement2@isaluhospitals.com', 1, '19', 1, 1, '2022-06-03 06:41:10', 1, '19', 1, '2022-06-08 05:09:04', '2022-06-03', NULL, 1, 1, '19', 83, 0, NULL, NULL, '', '0', '', NULL, '2022-06-03 06:41:10', NULL, 1, 46, 0, 43),
(438, NULL, '', NULL, 'EKE NIG ENTERPRISES', '12500.00', 'procurement2@isaluhospitals.com', 1, '19', 1, 1, '2022-06-06 12:38:21', 1, '19', 1, '2022-06-07 11:59:19', '2022-06-03', NULL, 1, 0, '19', 38, 0, NULL, NULL, '', '0', '', NULL, '2022-06-06 12:38:21', NULL, 1, 47, 0, 43),
(440, NULL, '', NULL, 'IPAYE NIMOTA OLUBUKOLA', '1000.00', 'procurement2@isaluhospitals.com', 1, '19', 1, 1, '2022-06-03 05:23:38', 1, '19', 1, '2022-06-06 12:52:18', '2022-06-03', NULL, 1, 0, '19', 60, 0, NULL, NULL, '', '0', '', NULL, '2022-06-03 05:23:38', NULL, 1, 46, 0, 43),
(441, NULL, '', NULL, 'JUNNAS INTERBIZ VENTURES LTD', '30600.00', 'procurement2@isaluhospitals.com', 1, '19', 1, 1, '2022-06-03 02:28:19', 1, '19', 1, '2022-06-03 03:25:40', '2022-06-03', NULL, 1, 0, '19', 95, 0, NULL, NULL, 'ORIJI UGOCHUKWU JOHNSON', '9645919', 'GTBANK', NULL, '2022-06-03 02:28:19', NULL, 1, 47, 0, 43),
(442, NULL, '', NULL, 'JUNNAS INTERBIZ VENTURES LTD', '5000.00', 'procurement2@isaluhospitals.com', 1, '19', 1, 1, '2022-06-03 02:28:44', 1, '19', 1, '2022-06-03 03:25:49', '2022-06-03', NULL, 1, 0, '19', 95, 0, NULL, NULL, 'ORIJI UGOCHUKWU JOHNSON', '9645919', 'GTBANK', NULL, '2022-06-03 02:28:44', NULL, 1, 47, 0, 43),
(443, NULL, '', NULL, 'IPAYE NIMOTA OLUBUKOLA', '112500.00', 'procurement2@isaluhospitals.com', 1, '19', 1, 1, '2022-06-03 03:22:13', 1, '19', 1, '2022-06-03 03:34:11', '2022-06-03', NULL, 1, 0, '19', 14, 0, NULL, NULL, '', '0', '', NULL, '2022-06-03 03:22:13', NULL, 1, 46, 0, 43),
(444, NULL, '', NULL, 'IPAYE NIMOTA OLUBUKOLA', '300.00', 'procurement2@isaluhospitals.com', 1, '19', 1, 1, '2022-06-03 06:09:41', 1, '19', 1, '2022-06-03 06:14:46', '2022-06-03', NULL, 1, 0, '19', 95, 0, NULL, NULL, '', '0', '', NULL, '2022-06-03 06:09:41', NULL, 1, 46, 0, 43),
(445, NULL, '', NULL, 'Obiwale Aminat', '700.00', 'aminat@isaluhospitals.com', 6, '19', 1, 1, '2022-06-03 06:00:07', 1, '19', 1, '2022-06-03 06:03:44', '2022-06-03', NULL, 1, 0, '19', 86, 0, NULL, NULL, '', '0', '', NULL, '2022-06-03 06:00:07', NULL, 1, 46, 0, 44),
(446, NULL, '', NULL, 'IPAYE NIMOTA OLUBUKOLA', '1610.00', 'procurement2@isaluhospitals.com', 1, '19', 1, 1, '2022-06-03 06:09:18', 1, '19', 1, '2022-06-03 06:15:52', '2022-06-03', NULL, 1, 0, '19', 10, 0, NULL, NULL, '', '0', '', NULL, '2022-06-03 06:09:18', NULL, 1, 46, 0, 43),
(447, NULL, 'NIL', NULL, 'DR. SANUSI YAHYA', '4500.00', 'clientservice2@isaluhospitals.com', 3, NULL, 0, 1, NULL, 0, NULL, 0, NULL, '2022-06-04', NULL, 0, 0, NULL, 69, 0, NULL, NULL, 'NIL', '0', 'NIL', NULL, NULL, NULL, 0, NULL, 1, 41),
(448, NULL, 'NIL', NULL, 'SUARA OLUWAKEMI TAIWO', '6000.00', 'clientservice2@isaluhospitals.com', 3, NULL, 0, 1, NULL, 0, NULL, 0, NULL, '2022-06-04', NULL, 0, 0, NULL, 40, 0, NULL, NULL, 'NIL', '0', 'NIL', NULL, NULL, NULL, 0, NULL, 1, 41),
(449, NULL, 'NIL', NULL, 'SUARA OLUWAKEMI TAIWO', '30000.00', 'clientservice2@isaluhospitals.com', 3, NULL, 0, 1, NULL, 0, NULL, 0, NULL, '2022-06-04', NULL, 0, 0, NULL, 103, 0, NULL, NULL, 'NIL', '0', 'NIL', NULL, NULL, NULL, 0, NULL, 1, 41),
(451, NULL, '', NULL, 'SANGOBIYI TOPE', '19000.00', 'clientservice2@isaluhospitals.com', 3, '19', 1, 1, '2022-06-06 05:36:38', 1, '19', 1, '2022-06-06 05:52:14', '2022-06-04', NULL, 1, 0, '19', 105, 0, NULL, NULL, '', '0', '', NULL, '2022-06-06 05:36:38', NULL, 1, 46, 0, 25),
(452, NULL, '', NULL, 'PHARMACY', '12000.00', 'clientservice2@isaluhospitals.com', 3, NULL, 0, 1, NULL, 0, NULL, 0, NULL, '2022-06-04', NULL, 0, 0, NULL, 8, 0, NULL, NULL, '', '0', '', NULL, NULL, NULL, 0, NULL, 1, 25),
(453, NULL, '', NULL, 'PHARMACY', '0.00', 'clientservice2@isaluhospitals.com', 3, NULL, 0, 0, NULL, 0, NULL, 0, NULL, '2022-06-05', NULL, 0, 0, NULL, 8, 0, NULL, NULL, '', '0', '', NULL, NULL, NULL, 0, NULL, 1, 41),
(454, NULL, '', NULL, 'PHARMACY', '9000.00', 'clientservice2@isaluhospitals.com', 3, NULL, 0, 1, NULL, 0, NULL, 0, NULL, '2022-06-05', NULL, 0, 0, NULL, 8, 0, NULL, NULL, '', '0', '', NULL, NULL, NULL, 0, NULL, 1, 41),
(455, NULL, 'NIL', NULL, 'OBUSEH NGOZI', '5000.00', 'clientservice2@isaluhospitals.com', 3, NULL, 0, 1, NULL, 0, NULL, 0, NULL, '2022-06-05', NULL, 0, 0, NULL, 27, 0, NULL, NULL, 'NIL', '0', 'NIL', NULL, NULL, NULL, 0, NULL, 1, 41),
(456, NULL, 'IHL/891', NULL, 'IBIDUN OLUWATOSIN', '20000.00', 'it@isalu.com', 2, '19', 1, 1, '2022-06-06 09:14:45', 1, '19', 1, '2022-06-06 09:21:10', '2022-06-06', NULL, 1, 0, '19', 93, 0, NULL, NULL, '', '0', '', NULL, '2022-06-06 09:14:45', NULL, 1, 46, 0, 40),
(457, NULL, '', NULL, 'ADEDARA OLUGBENGA', '18500.00', 'bcc@isaluhospitals.com', 16, NULL, 0, 1, NULL, 0, NULL, 0, NULL, '2022-06-06', NULL, 0, 0, NULL, 70, 0, NULL, NULL, '', '0', '', NULL, NULL, NULL, 0, NULL, 1, 41),
(458, NULL, '', NULL, 'ADEDARA OLUGBENGA', '18500.00', 'bcc@isaluhospitals.com', 16, '19', 1, 1, '2022-06-06 12:39:12', 1, '19', 1, '2022-06-06 01:15:41', '2022-06-06', NULL, 1, 0, '19', 70, 0, NULL, NULL, '', '0', '', NULL, '2022-06-06 12:39:12', NULL, 1, 47, 0, 44),
(459, NULL, '', NULL, 'IPAYE NIMOTA OLUBUKOLA ', '85000.00', 'procurement2@isaluhospitals.com', 1, NULL, 0, 1, NULL, 0, NULL, 0, NULL, '2022-06-06', NULL, 0, 1, '23', 71, 0, NULL, NULL, '', '0', '', NULL, NULL, NULL, 0, NULL, 0, 43),
(461, NULL, '', NULL, 'SUARA OLUWAKEMI TAIWO', '6000.00', 'procurement2@isaluhospitals.com', 1, '19', 1, 1, '2022-06-06 12:33:56', 1, '19', 1, '2022-06-06 01:55:14', '2022-06-06', NULL, 1, 0, '19', 40, 0, NULL, NULL, '', '0', '', NULL, '2022-06-06 12:33:56', NULL, 1, 46, 0, 43),
(462, NULL, '', NULL, 'SUARA OLUWAKEMI TAIWO', '30000.00', 'procurement2@isaluhospitals.com', 1, '19', 1, 1, '2022-06-06 01:10:10', 1, '19', 1, '2022-06-06 01:52:56', '2022-06-06', NULL, 1, 0, '19', 55, 0, NULL, NULL, '', '0', '', NULL, '2022-06-06 01:10:10', NULL, 1, 47, 0, 43),
(463, NULL, '', NULL, 'AKINKUNBI NIGERIA LIMITED', '245000.00', 'procurement2@isaluhospitals.com', 1, '19', 1, 1, '2022-06-06 12:11:58', 1, '19', 1, '2022-06-06 01:50:18', '2022-06-06', NULL, 1, 0, '19', 95, 0, NULL, NULL, '', '0', '', NULL, '2022-06-06 12:11:58', NULL, 1, 47, 0, 43);
INSERT INTO `claims_header` (`id`, `claimtype`, `hospital_no`, `Patient_name`, `Payee`, `Amount`, `Enteredby`, `departmentid`, `Approvedby`, `Approved`, `approvalRequest`, `Approveddate`, `Audited`, `Auditedby`, `Accounting_status`, `payment_date`, `Created_date`, `staffname`, `hrstatus`, `hrrequired`, `hrname`, `claim_categoryid`, `returned`, `returnedby`, `comment`, `account_name`, `account_number`, `bank_name`, `returneddate`, `auditeddate`, `hrapproveddate`, `payment_process_status`, `paidby`, `hod`, `hodname`) VALUES
(464, NULL, '', NULL, 'HARBIDARE CONSULT', '15200.00', 'procurement2@isaluhospitals.com', 1, '19', 1, 1, '2022-06-06 12:14:37', 1, '19', 1, '2022-06-06 01:12:47', '2022-06-06', NULL, 1, 0, '19', 95, 0, NULL, NULL, '', '0', '', NULL, '2022-06-06 12:14:37', NULL, 1, 47, 0, 43),
(465, NULL, '', NULL, 'JOSEPH IGBANG', '12000.00', 'procurement2@isaluhospitals.com', 1, NULL, 0, 0, NULL, 0, NULL, 0, NULL, '2022-06-06', NULL, 0, 0, NULL, 60, 1, 43, 'incomplete details ', '', '0', '', '0000-00-00 00:00:00', NULL, NULL, 0, NULL, 1, 43),
(466, NULL, '', NULL, 'HARBIDARE CONSULT', '137340.00', 'procurement2@isaluhospitals.com', 1, '19', 1, 1, '2022-06-06 12:20:05', 1, '19', 1, '2022-06-06 01:12:39', '2022-06-06', NULL, 1, 0, '19', 95, 0, NULL, NULL, '', '0', '', NULL, '2022-06-06 12:20:05', NULL, 1, 47, 0, 43),
(467, NULL, '', NULL, 'ADEDARA OLUGBENGA', '18500.00', 'bcc@isaluhospitals.com', 16, NULL, 0, 0, NULL, 0, NULL, 0, NULL, '2022-06-06', NULL, 0, 0, NULL, 70, 1, 44, 'duplicate', '', '0', '', '0000-00-00 00:00:00', NULL, NULL, 0, NULL, 1, 44),
(468, NULL, '', NULL, 'HARBIDARE CONSULT', '46700.00', 'procurement2@isaluhospitals.com', 1, '19', 1, 1, '2022-06-06 12:21:28', 1, '19', 1, '2022-06-06 01:12:33', '2022-06-06', NULL, 1, 0, '19', 95, 0, NULL, NULL, '', '0', '', NULL, '2022-06-06 12:21:28', NULL, 1, 47, 0, 43),
(469, NULL, '', NULL, 'JUWAN ALUMINUM', '0.00', 'procurement2@isaluhospitals.com', 1, NULL, 0, 0, NULL, 0, '19', 0, NULL, '2022-06-06', NULL, 0, 0, NULL, 95, 1, 19, 'Wrong Description - Advance Payment', '', '0', '', '2022-06-27 12:25:27', NULL, NULL, 0, NULL, 0, 43),
(470, NULL, '', NULL, 'ADEDARA OLUGBENGA', '18500.00', 'bcc@isaluhospitals.com', 16, NULL, 0, 0, NULL, 0, NULL, 0, NULL, '2022-06-06', NULL, 0, 0, NULL, 70, 1, 44, 'Duplicate', '', '0', '', '2022-06-22 12:36:22', NULL, NULL, 0, NULL, 1, 44),
(471, NULL, '', NULL, 'OBUSEH NGOZI', '5000.00', 'clientservice2@isaluhospitals.com', 3, NULL, 0, 1, NULL, 0, NULL, 0, NULL, '2022-06-06', NULL, 0, 1, '23', 27, 0, NULL, NULL, '', '0', '', NULL, NULL, NULL, 0, NULL, 0, 25),
(473, NULL, '', NULL, 'SUARA OLUWAKEMI TAIWO', '400000.00', 'procurement2@isaluhospitals.com', 1, '19', 1, 1, '2022-06-06 01:27:11', 1, '19', 1, '2022-06-07 08:38:55', '2022-06-06', NULL, 1, 0, '19', 125, 0, NULL, NULL, '', '0', '', NULL, '2022-06-06 01:27:11', NULL, 1, 46, 0, 43),
(474, NULL, '', NULL, 'AKINSANYA ABDULSALAM', '9000.00', 'pharmacy@isaluhospitals.com', 10, '19', 1, 1, '2022-06-09 10:11:26', 1, '19', 1, '2022-06-09 10:17:54', '2022-06-06', NULL, 1, 0, '19', 8, 0, NULL, NULL, '', '0', '', NULL, '2022-06-09 10:11:26', NULL, 1, 46, 0, 52),
(475, NULL, '', NULL, 'JOSEPH IGBANG', '24800.00', 'procurement2@isaluhospitals.com', 1, '19', 1, 1, '2022-06-06 12:09:11', 1, '19', 1, '2022-06-06 01:46:31', '2022-06-06', NULL, 1, 1, '19', 60, 0, NULL, NULL, '', '0', '', NULL, '2022-06-06 12:09:11', NULL, 1, 47, 0, 43),
(476, NULL, '', NULL, 'IPAYE NIMOTA BUKOLA', '113000.00', 'procurement2@isaluhospitals.com', 1, '19', 1, 1, '2022-06-06 02:51:27', 1, '19', 1, '2022-06-07 12:08:51', '2022-06-06', NULL, 1, 0, '19', 83, 0, NULL, NULL, '', '0', '', NULL, '2022-06-06 02:51:27', NULL, 1, 47, 0, 43),
(477, NULL, '', NULL, 'ROTIMI FAGBEMI & CO', '6500000.00', 'procurement2@isaluhospitals.com', 1, '19', 1, 1, '2022-06-06 12:08:37', 1, '19', 1, '2022-06-06 01:12:24', '2022-06-06', NULL, 1, 0, '19', 76, 0, NULL, NULL, '', '0', '', NULL, '2022-06-06 12:08:37', NULL, 1, 47, 0, 43),
(478, NULL, '', NULL, 'AMADI MAUREEN', '3250.00', 'amadi@isaluhospitals.com', 12, '19', 1, 1, '2022-06-06 12:17:34', 1, '19', 1, '2022-06-06 12:32:52', '2022-06-06', NULL, 1, 0, '19', 98, 0, NULL, NULL, 'NIL', '0', 'NIL', NULL, '2022-06-06 12:17:34', NULL, 1, 46, 0, 57),
(479, NULL, '', NULL, 'AMADI MAUREEN', '350.00', 'amadi@isaluhospitals.com', 12, '19', 1, 1, '2022-06-06 12:16:30', 1, '19', 1, '2022-06-06 12:32:39', '2022-06-06', NULL, 1, 0, '19', 98, 0, NULL, NULL, 'NIL', '0', 'NIL', NULL, '2022-06-06 12:16:30', NULL, 1, 46, 0, 57),
(480, NULL, '', NULL, 'AMADI MAUREEN', '0.00', 'amadi@isaluhospitals.com', 12, NULL, 0, 0, NULL, 0, NULL, 0, NULL, '2022-06-06', NULL, 0, 0, NULL, 98, 0, NULL, NULL, 'NIL', '0', 'NIL', NULL, NULL, NULL, 0, NULL, 1, 57),
(481, NULL, '', NULL, 'AMADI MAUREEN', '1000.00', 'amadi@isaluhospitals.com', 12, '19', 1, 1, '2022-06-06 12:16:11', 1, '19', 1, '2022-06-06 12:32:26', '2022-06-06', NULL, 1, 0, '19', 98, 0, NULL, NULL, 'NIL', '0', 'NIL', NULL, '2022-06-06 12:16:11', NULL, 1, 46, 0, 57),
(482, NULL, '', NULL, 'AMADI MAUREEN', '3000.00', 'amadi@isaluhospitals.com', 12, NULL, 0, 0, NULL, 0, '19', 0, NULL, '2022-06-06', NULL, 0, 0, NULL, 98, 1, 19, 'Wrong Description', 'NIL', '0', 'NIL', '0000-00-00 00:00:00', NULL, NULL, 0, NULL, 0, 57),
(483, NULL, '', NULL, 'ADEDARA OLUGBENGA', '18500.00', 'bcc@isaluhospitals.com', 16, NULL, 0, 0, NULL, 0, NULL, 0, NULL, '2022-06-06', NULL, 0, 0, NULL, 70, 1, 44, 'duplicate', '', '0', '', '0000-00-00 00:00:00', NULL, NULL, 0, NULL, 1, 44),
(484, NULL, '', NULL, 'AMADI MAUREEN', '3000.00', 'amadi@isaluhospitals.com', 12, '19', 1, 1, '2022-06-06 12:26:54', 1, '19', 1, '2022-06-06 12:32:15', '2022-06-06', NULL, 1, 0, '19', 98, 0, NULL, NULL, 'NIL', '0', 'NIL', NULL, '2022-06-06 12:26:54', NULL, 1, 46, 0, 57),
(485, NULL, '', NULL, 'ADEDARA OLUGBENGA', '18500.00', 'bcc@isaluhospitals.com', 16, NULL, 0, 0, NULL, 0, NULL, 0, NULL, '2022-06-06', NULL, 0, 0, NULL, 70, 1, 44, 'duplicate', '', '0', '', '0000-00-00 00:00:00', NULL, NULL, 0, NULL, 1, 44),
(487, NULL, '', NULL, 'IPAYE NIMOTA BUKOLA', '25000.00', 'procurement2@isaluhospitals.com', 1, '19', 1, 1, '2022-06-06 01:05:03', 1, '19', 1, '2022-06-06 01:56:43', '2022-06-06', NULL, 1, 0, '19', 73, 0, NULL, NULL, '', '0', '', NULL, '2022-06-06 01:05:03', NULL, 1, 47, 0, 43),
(488, NULL, '', NULL, 'Integrity windoor', '200000.00', 'procurement2@isaluhospitals.com', 1, NULL, 0, 0, NULL, 0, '19', 0, NULL, '2022-06-06', NULL, 0, 0, NULL, 95, 1, 19, 'Wrong Description', '', '0', '', '2022-06-12 01:17:12', NULL, NULL, 0, NULL, 0, 43),
(489, NULL, '', NULL, 'AMADI MAUREEN', '1400.00', 'procurement@isaluhospitals.com', 1, '19', 1, 1, '2022-06-06 01:35:03', 1, '19', 1, '2022-06-06 01:42:07', '2022-06-06', NULL, 1, 0, '19', 14, 0, NULL, NULL, '', '0', '', NULL, '2022-06-06 01:35:03', NULL, 1, 46, 0, 43),
(490, NULL, '', NULL, 'AMADI MAUREEN', '1800.00', 'procurement@isaluhospitals.com', 1, '19', 1, 1, '2022-06-06 01:26:00', 1, '19', 1, '2022-06-06 01:44:01', '2022-06-06', NULL, 1, 0, '19', 14, 0, NULL, NULL, '', '0', '', NULL, '2022-06-06 01:26:00', NULL, 1, 46, 0, 43),
(491, NULL, '', NULL, 'JUWAN ALUMINUM', '119000.00', 'procurement2@isaluhospitals.com', 1, '19', 1, 1, '2022-06-06 01:17:44', 1, '19', 1, '2022-06-06 01:57:05', '2022-06-06', NULL, 1, 0, '19', 95, 0, NULL, NULL, '', '0', '', NULL, '2022-06-06 01:17:44', NULL, 1, 47, 0, 43),
(492, NULL, '', NULL, 'AMADI MAUREEN', '105600.00', 'procurement@isaluhospitals.com', 1, '19', 1, 1, '2022-06-06 02:12:19', 1, '19', 1, '2022-06-06 05:47:27', '2022-06-06', NULL, 1, 0, '19', 14, 0, NULL, NULL, 'NIL', '0', 'NIL', NULL, '2022-06-06 02:12:19', NULL, 1, 46, 0, 43),
(493, NULL, '', NULL, 'IPAYE NIMOTA BUKOLA', '248000.00', 'procurement2@isaluhospitals.com', 1, NULL, 0, 1, NULL, 0, '19', 0, NULL, '2022-06-06', NULL, 0, 0, NULL, 15, 0, NULL, NULL, '', '0', '', NULL, NULL, NULL, 0, NULL, 0, 43),
(494, NULL, '', NULL, 'ADELEKE MUSA ADEOLA', '40700.00', 'procurement2@isaluhospitals.com', 1, NULL, 0, 0, NULL, 0, '19', 0, NULL, '2022-06-06', NULL, 0, 0, NULL, 60, 1, 19, 'Wrong Amount', 'ADELEKE MUSA ADEOLA', '0', 'STERLING BANK', '2022-06-28 05:04:28', NULL, NULL, 0, NULL, 0, 43),
(495, NULL, '', NULL, 'Integrity windoors and services', '200000.00', 'procurement2@isaluhospitals.com', 1, '19', 1, 1, '2022-06-06 02:49:31', 1, '19', 1, '2022-06-07 12:26:55', '2022-06-06', NULL, 1, 0, '19', 95, 0, NULL, NULL, '', '0', '', NULL, '2022-06-06 02:49:31', NULL, 1, 47, 0, 43),
(496, NULL, '', NULL, 'ALLI KAZEEM', '15000.00', 'procurement2@isaluhospitals.com', 1, '19', 1, 1, '2022-06-08 09:49:21', 1, '19', 1, '2022-06-08 12:02:47', '2022-06-06', NULL, 1, 0, '19', 60, 0, NULL, NULL, 'ALLI KAZEEM ', '1004703111', 'ZENITH BANK', NULL, '2022-06-08 09:49:21', NULL, 1, 47, 0, 43),
(497, NULL, '', NULL, 'ALLI KAZEEM', '20000.00', 'procurement2@isaluhospitals.com', 1, '19', 1, 1, '2022-06-06 05:09:13', 1, '19', 1, '2022-06-07 11:56:35', '2022-06-06', NULL, 1, 0, '19', 60, 0, NULL, NULL, 'ALLI KAZEEM', '1004703111', '1004703111', NULL, '2022-06-06 05:09:13', NULL, 1, 47, 0, 43),
(498, NULL, '', NULL, 'GOK NIGERIA LIMITED', '980000.00', 'procurement2@isaluhospitals.com', 1, NULL, 0, 1, NULL, 0, '19', 0, NULL, '2022-06-06', NULL, 0, 0, NULL, 11, 0, NULL, NULL, '', '0', '', NULL, NULL, NULL, 0, NULL, 0, 43),
(499, NULL, '', NULL, 'FELIBETH VENTURES LTD', '157000.00', 'procurement2@isaluhospitals.com', 1, NULL, 0, 0, NULL, 0, '19', 0, NULL, '2022-06-06', NULL, 0, 0, NULL, 15, 1, 19, 'Duplication', 'FELIBETH VENTURES LTD', '0', '', '2022-06-16 09:33:16', NULL, NULL, 0, NULL, 0, 43),
(500, NULL, '', NULL, 'IPAYE NIMOTA BUKOLA', '122400.00', 'procurement2@isaluhospitals.com', 1, '19', 1, 1, '2022-06-06 05:43:12', 1, '19', 1, '2022-06-07 12:07:33', '2022-06-06', NULL, 1, 0, '19', 62, 0, NULL, NULL, '', '0', '', NULL, '2022-06-06 05:43:12', NULL, 1, 47, 0, 43),
(501, NULL, '', NULL, 'BOLADE JOAN OGUNDEJI', '600000.00', 'procurement2@isaluhospitals.com', 1, '19', 1, 1, '2022-06-07 11:29:56', 1, '19', 1, '2022-06-07 12:17:51', '2022-06-06', NULL, 1, 0, '19', 76, 0, NULL, NULL, 'OGUNDEJI BOLADE JOAN', '2018359073', 'FIRST BANK', NULL, '2022-06-07 11:29:56', NULL, 1, 47, 0, 43),
(502, NULL, '', NULL, 'Mrs. dairo', '1483400.00', 'laboratory@isaluhospitals.com', 5, NULL, 0, 0, NULL, 0, NULL, 0, NULL, '2022-06-06', NULL, 0, 0, NULL, 12, 0, NULL, NULL, '', '0', '', NULL, NULL, NULL, 0, NULL, 1, 53),
(503, NULL, '', NULL, 'MR MUSA', '25000.00', 'procurement@isaluhospitals.com', 1, NULL, 0, 0, NULL, 0, '19', 0, NULL, '2022-06-06', NULL, 0, 0, NULL, 95, 1, 19, 'Wrong Description', 'ASITEDELEKE MUSA ADEOLA', '44065079', 'STERLING BANK', '2022-06-04 09:30:04', NULL, NULL, 0, NULL, 0, 43),
(505, NULL, '', NULL, 'IKEDC', '1196819.85', 'procurement2@isaluhospitals.com', 1, '19', 1, 1, '2022-06-07 11:30:49', 1, '19', 1, '2022-06-07 12:32:10', '2022-06-06', NULL, 1, 0, '19', 103, 0, NULL, NULL, '', '0', '', NULL, '2022-06-07 11:30:49', NULL, 1, 47, 0, 43),
(506, NULL, '', NULL, 'DIESEL PLUS OIL AND GAS', '3450000.00', 'procurement2@isaluhospitals.com', 1, NULL, 0, 1, NULL, 0, '19', 0, NULL, '2022-06-06', NULL, 0, 0, NULL, 103, 0, NULL, NULL, '', '0', '', NULL, NULL, NULL, 0, NULL, 0, 43),
(507, NULL, '', NULL, 'SUARA OLUWAKEMI TAIWO', '2500.00', 'procurement2@isaluhospitals.com', 1, '19', 1, 1, '2022-06-07 09:21:42', 1, '19', 1, '2022-06-07 09:24:42', '2022-06-07', NULL, 1, 0, '19', 115, 0, NULL, NULL, '', '0', '', NULL, '2022-06-07 09:21:42', NULL, 1, 46, 0, 43),
(508, NULL, '', NULL, 'MAUREEN AMADI', '50000.00', 'procurement2@isaluhospitals.com', 1, NULL, 0, 0, NULL, 0, '19', 0, NULL, '2022-06-07', NULL, 0, 0, NULL, 119, 1, 19, 'IT SHOULD BE ON IOU', '', '0', '', '0000-00-00 00:00:00', NULL, NULL, 0, NULL, 0, 43),
(509, NULL, '', NULL, 'IPAYE NIMOTA OLUBUKOLA', '1200.00', 'procurement2@isaluhospitals.com', 1, '19', 1, 1, '2022-06-08 09:21:40', 1, '19', 1, '2022-06-08 05:58:45', '2022-06-07', NULL, 1, 0, '19', 60, 0, NULL, NULL, '', '0', '', NULL, '2022-06-08 09:21:40', NULL, 1, 46, 0, 43),
(510, NULL, '', NULL, 'MAUREEN AMADI', '50000.00', 'procurement2@isaluhospitals.com', 1, '19', 1, 1, '2022-06-07 10:12:18', 1, '19', 1, '2022-06-07 10:13:36', '2022-06-07', NULL, 1, 0, '19', 119, 0, NULL, NULL, '', '0', '', NULL, '2022-06-07 10:12:18', NULL, 1, 46, 0, 43),
(511, NULL, 'NIL', NULL, 'EBEBE DEBORAH', '4500.00', 'clientservice2@isaluhospitals.com', 3, '19', 1, 1, '2022-06-08 09:31:01', 1, '19', 1, '2022-06-09 11:03:18', '2022-06-07', NULL, 1, 0, '19', 69, 0, NULL, NULL, 'NIL', '0', 'NIL', NULL, '2022-06-08 09:31:01', NULL, 1, 46, 0, 25),
(512, NULL, '', NULL, 'IDUMA SUNDAY', '6700.00', 'procurement@isaluhospitals.com', 1, '19', 1, 1, '2022-06-08 09:22:23', 1, '19', 1, '2022-06-08 05:32:38', '2022-06-07', NULL, 1, 0, '19', 60, 0, NULL, NULL, '', '0', '', NULL, '2022-06-08 09:22:23', NULL, 1, 46, 0, 43),
(513, NULL, '', NULL, 'AWA GEORGINA', '50800.00', 'clientservice@isaluhospitals.com', 3, NULL, 0, 1, NULL, 0, NULL, 0, NULL, '2022-06-07', NULL, 0, 0, NULL, 98, 0, NULL, NULL, '', '0', '', NULL, NULL, NULL, 0, NULL, 1, 41),
(514, NULL, '', NULL, 'BAMIDELE OJELADE FEMI', '3000.00', 'procurement@isaluhospitals.com', 1, '19', 1, 1, '2022-06-07 05:04:03', 1, '19', 1, '2022-06-08 05:29:55', '2022-06-07', NULL, 1, 0, '19', 60, 0, NULL, NULL, '', '0', '', NULL, '2022-06-07 05:04:03', NULL, 1, 46, 0, 43),
(515, NULL, '', NULL, 'GOODNEWS DIAGNOSTICS SERVICES', '34000.00', 'laboratory@isaluhospitals.com', 5, '19', 1, 1, '2022-06-08 09:20:21', 1, '19', 1, '2022-06-08 12:00:53', '2022-06-07', NULL, 1, 0, '19', 12, 0, NULL, NULL, '', '0', '', NULL, '2022-06-08 09:20:21', NULL, 1, 47, 0, 53),
(516, NULL, '', NULL, 'ORIS MEDICAL LABORATORY', '68000.00', 'laboratory@isaluhospitals.com', 5, '19', 1, 1, '2022-06-08 09:19:01', 1, '19', 1, '2022-06-08 12:00:48', '2022-06-07', NULL, 1, 0, '19', 12, 0, NULL, NULL, '', '0', '', NULL, '2022-06-08 09:19:01', NULL, 1, 47, 0, 53),
(517, NULL, '', NULL, 'ORIS MEDICAL LABORATORY', '102000.00', 'laboratory@isaluhospitals.com', 5, '19', 1, 1, '2022-06-08 09:19:28', 1, '19', 1, '2022-06-08 12:00:43', '2022-06-07', NULL, 1, 0, '19', 12, 0, NULL, NULL, '', '0', '', NULL, '2022-06-08 09:19:28', NULL, 1, 47, 0, 53),
(518, NULL, '', NULL, 'DR SANGOBIYI TOPE', '9000.00', 'clientservice2@isaluhospitals.com', 3, NULL, 0, 1, NULL, 0, NULL, 0, NULL, '2022-06-07', NULL, 0, 0, NULL, 105, 0, NULL, NULL, '', '0', '', NULL, NULL, NULL, 0, NULL, 1, 25),
(519, NULL, '', NULL, 'FELIBETH VENTURES', '157000.00', 'procurement@isaluhospitals.com', 1, '19', 1, 1, '2022-06-08 01:31:07', 1, '19', 1, '2022-06-08 03:00:46', '2022-06-07', NULL, 1, 0, '19', 60, 0, NULL, NULL, 'FELIBETH VENTURE', '72597133', 'ACCESS BANK', NULL, '2022-06-08 01:31:07', NULL, 1, 47, 0, 43),
(520, NULL, '', NULL, 'IPAYE NIMOTA OLUBUKOLA', '3000.00', 'procurement@isaluhospitals.com', 1, '19', 1, 1, '2022-06-08 09:31:22', 1, '19', 1, '2022-06-08 05:28:41', '2022-06-07', NULL, 1, 0, '19', 60, 0, NULL, NULL, '', '0', '', NULL, '2022-06-08 09:31:22', NULL, 1, 46, 0, 43),
(521, NULL, '', NULL, 'DR SANGOBIYI TOPE', '1000.00', 'clientservice2@isaluhospitals.com', 3, NULL, 0, 1, NULL, 0, NULL, 0, NULL, '2022-06-07', NULL, 0, 0, NULL, 105, 0, NULL, NULL, '', '0', '', NULL, NULL, NULL, 0, NULL, 1, 25),
(522, NULL, '', NULL, 'SEKINAT RAJI', '600.00', 'procurement@isaluhospitals.com', 1, '19', 1, 1, '2022-06-07 05:04:46', 1, '19', 0, NULL, '2022-06-07', NULL, 1, 0, '19', 95, 0, NULL, NULL, '', '0', '', NULL, '2022-06-07 05:04:46', NULL, 0, NULL, 0, 43),
(523, NULL, '', NULL, 'IPAYE NIMOTA BUKOLA', '20000.00', 'procurement2@isaluhospitals.com', 1, '19', 1, 1, '2022-06-08 09:27:50', 1, '19', 1, '2022-06-08 12:22:31', '2022-06-08', NULL, 1, 0, '19', 73, 0, NULL, NULL, '', '0', '', NULL, '2022-06-08 09:27:50', NULL, 1, 47, 0, 43),
(524, NULL, '', NULL, 'IPAYE NIMOTA BUKOLA', '3000.00', 'procurement2@isaluhospitals.com', 1, NULL, 0, 1, NULL, 0, '19', 0, NULL, '2022-06-08', NULL, 0, 0, NULL, 60, 0, NULL, NULL, '', '0', '', NULL, NULL, NULL, 0, NULL, 0, 43),
(525, NULL, '', NULL, 'LINKWAY TECHNOLOGIES LIMITED', '1537250.00', 'procurement2@isaluhospitals.com', 1, NULL, 0, 0, NULL, 0, '19', 0, NULL, '2022-06-08', NULL, 0, 0, NULL, 42, 1, 19, 'VAT SHOULD BE N105,000.00 AND NOT N107,250.00', '', '0', '', '0000-00-00 00:00:00', NULL, NULL, 0, NULL, 0, 43),
(526, NULL, '', NULL, 'SUARA OLUWAKEMI TAIWO', '1000000.00', 'procurement2@isaluhospitals.com', 1, '19', 1, 1, '2022-06-08 11:51:24', 1, '19', 1, '2022-06-08 12:40:41', '2022-06-08', NULL, 1, 0, '19', 76, 0, NULL, NULL, '', '0', '', NULL, '2022-06-08 11:51:24', NULL, 1, 47, 0, 43),
(527, NULL, '', NULL, 'SUARA OLUWAKEMI TAIWO', '0.00', 'procurement2@isaluhospitals.com', 1, NULL, 0, 0, NULL, 0, NULL, 0, NULL, '2022-06-08', NULL, 0, 0, NULL, 76, 0, NULL, NULL, '', '0', '', NULL, NULL, NULL, 0, NULL, 1, 43),
(528, NULL, '', NULL, 'Amadi Maureen', '7500.00', 'amadi@isaluhospitals.com', 12, '19', 1, 1, '2022-06-08 01:06:49', 1, '19', 1, '2022-06-08 05:55:19', '2022-06-08', NULL, 1, 1, '19', 98, 0, NULL, NULL, 'nil', '0', 'nil', NULL, '2022-06-08 01:06:49', NULL, 1, 46, 0, 57),
(529, NULL, 'DISPATCHER', NULL, 'ADEDARA OLUGBENGA', '0.00', 'bcc@isaluhospitals.com', 16, NULL, 0, 0, NULL, 0, NULL, 0, NULL, '2022-06-08', NULL, 0, 0, NULL, 86, 0, NULL, NULL, '', '0', '', NULL, NULL, NULL, 0, NULL, 1, 41),
(530, NULL, '', NULL, 'ADEDARA OLUGBENGA', '6600.00', 'bcc@isaluhospitals.com', 16, '19', 1, 1, '2022-06-08 10:17:40', 1, '19', 1, '2022-06-08 12:27:45', '2022-06-08', NULL, 1, 0, '19', 70, 0, NULL, NULL, 'CASH', '0', 'CASH', NULL, '2022-06-08 10:17:40', NULL, 1, 47, 0, 44),
(531, NULL, '', NULL, 'IPAYE BUKOLA', '0.00', 'biyi@isaluhospitals.com', 1, NULL, 0, 0, NULL, 0, NULL, 0, NULL, '2022-06-08', NULL, 0, 0, NULL, 95, 0, NULL, NULL, '', '0', '', NULL, NULL, NULL, 0, NULL, 1, 43),
(532, NULL, '', NULL, 'CEST BON ', '0.00', 'procurement@isaluhospitals.com', 1, NULL, 0, 0, NULL, 0, NULL, 0, NULL, '2022-06-08', NULL, 0, 0, NULL, 60, 0, NULL, NULL, '', '0', '', NULL, NULL, NULL, 0, NULL, 1, 43),
(533, NULL, '', NULL, 'CEST BON ', '0.00', 'procurement@isaluhospitals.com', 1, NULL, 0, 0, NULL, 0, NULL, 0, NULL, '2022-06-08', NULL, 0, 0, NULL, 60, 0, NULL, NULL, '', '0', '', NULL, NULL, NULL, 0, NULL, 1, 43),
(534, NULL, '', NULL, 'ipaye', '25000.00', 'procurement@isaluhospitals.com', 1, '19', 1, 1, '2022-06-08 11:51:42', 1, '19', 1, '2022-06-08 12:32:36', '2022-06-08', NULL, 1, 0, '19', 95, 0, NULL, NULL, '', '0', '', NULL, '2022-06-08 11:51:42', NULL, 1, 47, 0, 43),
(535, NULL, '', NULL, 'CEST BON ', '137440.00', 'procurement2@isaluhospitals.com', 1, '19', 1, 1, '2022-06-08 01:12:54', 1, '19', 1, '2022-06-08 01:28:19', '2022-06-08', NULL, 1, 0, '19', 60, 0, NULL, NULL, '', '0', '', NULL, '2022-06-08 01:12:54', NULL, 1, 47, 0, 43),
(536, NULL, '', NULL, 'IGE BANJI', '4000.00', 'procurement@isaluhospitals.com', 1, '19', 1, 1, '2022-06-08 11:53:45', 1, '19', 1, '2022-06-08 05:27:12', '2022-06-08', NULL, 1, 0, '19', 95, 0, NULL, NULL, '', '0', '', NULL, '2022-06-08 11:53:45', NULL, 1, 46, 0, 43),
(537, NULL, '', NULL, 'BRIGHTFIELD MEDICAL DIAGNOSTICS (BMD', '130000.00', 'clientservice@isaluhospitals.com', 3, NULL, 0, 1, NULL, 0, NULL, 0, NULL, '2022-06-08', NULL, 0, 0, NULL, 109, 0, NULL, NULL, '', '0', '', NULL, NULL, NULL, 0, NULL, 1, 41),
(538, NULL, '', NULL, 'IPAYE BUKOLA', '0.00', 'procurement@isaluhospitals.com', 1, NULL, 0, 0, NULL, 0, NULL, 0, NULL, '2022-06-08', NULL, 0, 0, NULL, 95, 0, NULL, NULL, '', '0', '', NULL, NULL, NULL, 0, NULL, 1, 43),
(539, NULL, '', NULL, 'IPAYE BUKOLA', '0.00', 'procurement@isaluhospitals.com', 1, NULL, 0, 0, NULL, 0, NULL, 0, NULL, '2022-06-08', NULL, 0, 0, NULL, 95, 0, NULL, NULL, '', '0', '', NULL, NULL, NULL, 0, NULL, 1, 43),
(540, NULL, '', NULL, 'IPAYE BUKOLA', '0.00', 'procurement@isaluhospitals.com', 1, NULL, 0, 0, NULL, 0, NULL, 0, NULL, '2022-06-08', NULL, 0, 0, NULL, 95, 0, NULL, NULL, '', '0', '', NULL, NULL, NULL, 0, NULL, 1, 43),
(541, NULL, '', NULL, 'IPAYE BUKOLA', '0.00', 'procurement@isaluhospitals.com', 1, NULL, 0, 0, NULL, 0, NULL, 0, NULL, '2022-06-08', NULL, 0, 0, NULL, 95, 0, NULL, NULL, '', '0', '', NULL, NULL, NULL, 0, NULL, 1, 43),
(542, NULL, '', NULL, 'IPAYE BUKOLA', '0.00', 'procurement@isaluhospitals.com', 1, NULL, 0, 0, NULL, 0, NULL, 0, NULL, '2022-06-08', NULL, 0, 0, NULL, 95, 0, NULL, NULL, '', '0', '', NULL, NULL, NULL, 0, NULL, 1, 43),
(543, NULL, '', NULL, 'IPAYE BUKOLA', '0.00', 'procurement@isaluhospitals.com', 1, NULL, 0, 0, NULL, 0, NULL, 0, NULL, '2022-06-08', NULL, 0, 0, NULL, 95, 0, NULL, NULL, '', '0', '', NULL, NULL, NULL, 0, NULL, 1, 43),
(544, NULL, '', NULL, 'ip', '0.00', 'procurement@isaluhospitals.com', 1, NULL, 0, 0, NULL, 0, NULL, 0, NULL, '2022-06-08', NULL, 0, 0, NULL, 95, 0, NULL, NULL, '', '0', '', NULL, NULL, NULL, 0, NULL, 1, 43),
(545, NULL, '', NULL, 'MEDIK CONSULT LABORATORY SERVICE LTD', '473000.00', 'clientservice@isaluhospitals.com', 3, NULL, 0, 1, NULL, 0, NULL, 0, NULL, '2022-06-08', NULL, 0, 0, NULL, 109, 0, NULL, NULL, '', '0', '', NULL, NULL, NULL, 0, NULL, 1, 41),
(546, NULL, '', NULL, 'IPAYE BUKOLA', '2500.00', 'procurement@isaluhospitals.com', 1, NULL, 0, 1, NULL, 0, '19', 0, NULL, '2022-06-08', NULL, 0, 0, NULL, 95, 0, NULL, NULL, '', '0', '', NULL, NULL, NULL, 0, NULL, 0, 43),
(547, NULL, '', NULL, 'VECTOR SPACE', '227000.00', 'procurement2@isaluhospitals.com', 1, NULL, 0, 1, NULL, 0, '19', 0, NULL, '2022-06-08', NULL, 0, 0, NULL, 102, 0, NULL, NULL, '', '0', '', NULL, NULL, NULL, 0, NULL, 0, 43),
(548, NULL, '', NULL, 'IDOWU TOLULOPE PEDIATRICIAN', '5000.00', 'clientservice@isaluhospitals.com', 3, NULL, 0, 1, NULL, 0, NULL, 0, NULL, '2022-06-08', NULL, 0, 0, NULL, 128, 0, NULL, NULL, 'IDOWU TOLULOPE', '432858780', '', NULL, NULL, NULL, 0, NULL, 1, 41),
(549, NULL, '', NULL, 'IPAYE BUKOLA', '2000.00', 'procurement@isaluhospitals.com', 1, '19', 1, 1, '2022-06-08 01:06:09', 1, '19', 1, '2022-06-08 05:26:56', '2022-06-08', NULL, 1, 0, '19', 95, 0, NULL, NULL, '', '0', '', NULL, '2022-06-08 01:06:09', NULL, 1, 46, 0, 43),
(550, NULL, '', NULL, 'SUARA OLUWAKEMI TAIWO', '132750.00', 'procurement2@isaluhospitals.com', 1, NULL, 0, 1, NULL, 0, '19', 0, NULL, '2022-06-08', NULL, 0, 0, NULL, 125, 0, NULL, NULL, '', '0', '', NULL, NULL, NULL, 0, NULL, 0, 43),
(551, NULL, '', NULL, 'MR. JAMESON OLUSOLA', '32000.00', 'procurement2@isaluhospitals.com', 1, NULL, 0, 1, NULL, 0, '19', 0, NULL, '2022-06-08', NULL, 0, 0, NULL, 74, 0, NULL, NULL, '', '0', '', NULL, NULL, NULL, 0, NULL, 0, 43),
(552, NULL, '', NULL, 'HILAND FREEBIZ', '117000.00', 'procurement2@isaluhospitals.com', 1, NULL, 0, 1, NULL, 0, '19', 0, NULL, '2022-06-08', NULL, 0, 0, NULL, 104, 0, NULL, NULL, 'HILAND FREEBIZ', '0', 'STERLING BANK', NULL, NULL, NULL, 0, NULL, 0, 43),
(553, NULL, '', NULL, 'ONYERIMMA ONYINYE', '0.00', 'procurement2@isaluhospitals.com', 1, NULL, 0, 0, NULL, 0, NULL, 0, NULL, '2022-06-08', NULL, 0, 0, NULL, 62, 0, NULL, NULL, 'ONYERIMMA ONYINYE', '2147483647', 'ZENITH BANK', NULL, NULL, NULL, 0, NULL, 1, 43),
(554, NULL, '', NULL, 'IPAYE NIMOTA BUKOLA', '7000.00', 'procurement2@isaluhospitals.com', 1, NULL, 0, 1, NULL, 0, '19', 0, NULL, '2022-06-08', NULL, 0, 0, NULL, 60, 0, NULL, NULL, '', '0', '', NULL, NULL, NULL, 0, NULL, 0, 43),
(555, NULL, '', NULL, 'OYEBIYI FATAI', '150000.00', 'procurement2@isaluhospitals.com', 1, NULL, 0, 1, NULL, 0, '19', 0, NULL, '2022-06-08', NULL, 0, 0, NULL, 60, 0, NULL, NULL, 'OYEBIYI FATAI', '0', 'STERLING BANK', NULL, NULL, NULL, 0, NULL, 0, 43),
(556, NULL, '', NULL, 'BAHARAG LIMITED ', '0.00', 'procurement2@isaluhospitals.com', 1, NULL, 0, 0, NULL, 0, NULL, 0, NULL, '2022-06-08', NULL, 0, 0, NULL, 12, 0, NULL, NULL, 'BAHARAG LIMITED', '0', 'GTBANK', NULL, NULL, NULL, 0, NULL, 1, 43),
(557, NULL, '', NULL, 'BAHARAG LIMITED', '150000.00', 'procurement2@isaluhospitals.com', 1, NULL, 0, 1, NULL, 0, '19', 0, NULL, '2022-06-08', NULL, 0, 0, NULL, 95, 0, NULL, NULL, 'BAHARAG LIMITED', '0', '', NULL, NULL, NULL, 0, NULL, 0, 43),
(558, NULL, '', NULL, 'RANBAXY NIG LTD.', '22500.00', 'biyi@isaluhospitals.com', 1, '19', 1, 1, '2022-06-09 10:18:06', 1, '19', 1, '2022-06-09 07:34:40', '2022-06-08', NULL, 1, 0, '19', 8, 0, NULL, NULL, 'IGBOJIAKU CHRIS ', '2002892797', 'ZENITH BANK', NULL, '2022-06-09 10:18:06', NULL, 1, 21, 0, 43),
(559, NULL, '593', NULL, 'oyenuga omotayo', '2500.00', 'pharmacy@isaluhospitals.com', 10, NULL, 0, 1, NULL, 0, NULL, 0, NULL, '2022-06-09', NULL, 0, 0, NULL, 10, 0, NULL, NULL, '', '0', '', NULL, NULL, NULL, 0, NULL, 1, 41),
(560, NULL, 'IHL/593', NULL, 'Oyenuga Omotayo', '2500.00', 'pharmacy@isaluhospitals.com', 10, '19', 1, 1, '2022-06-09 08:34:24', 1, '19', 1, '2022-06-09 08:35:27', '2022-06-09', NULL, 1, 0, '19', 10, 0, NULL, NULL, 'Oyenuga Omotayo', '0', 'Nill', NULL, '2022-06-09 08:34:24', NULL, 1, 46, 0, 52),
(561, NULL, '', NULL, 'DIESEL PLUS OIL AND GAS', '3450000.00', 'procurement2@isaluhospitals.com', 1, NULL, 0, 1, NULL, 0, '19', 0, NULL, '2022-06-09', NULL, 0, 0, NULL, 103, 0, NULL, NULL, '', '0', '', NULL, NULL, NULL, 0, NULL, 0, 43),
(562, NULL, '', NULL, 'HILAND FREEBIZ', '172000.00', 'procurement2@isaluhospitals.com', 1, NULL, 0, 1, NULL, 0, '19', 0, NULL, '2022-06-09', NULL, 0, 0, NULL, 60, 0, NULL, NULL, 'HILAND FREEBIZ', '0', 'STERLING BANK', NULL, NULL, NULL, 0, NULL, 0, 43),
(563, NULL, '', NULL, 'EKE NIGERIA LIMITED', '41000.00', 'procurement2@isaluhospitals.com', 1, NULL, 0, 1, NULL, 0, '19', 0, NULL, '2022-06-09', NULL, 0, 0, NULL, 38, 0, NULL, NULL, '', '0', '', NULL, NULL, NULL, 0, NULL, 0, 43),
(564, NULL, '', NULL, 'EKE NIGERIA LIMITED', '81300.00', 'procurement2@isaluhospitals.com', 1, NULL, 0, 1, NULL, 0, '19', 0, NULL, '2022-06-09', NULL, 0, 0, NULL, 38, 0, NULL, NULL, '', '0', '', NULL, NULL, NULL, 0, NULL, 0, 43),
(565, NULL, '', NULL, 'EKE NIGERIA LIMITED', '4000.00', 'procurement2@isaluhospitals.com', 1, NULL, 0, 1, NULL, 0, '19', 0, NULL, '2022-06-09', NULL, 0, 0, NULL, 38, 0, NULL, NULL, '', '0', '', NULL, NULL, NULL, 0, NULL, 0, 43),
(566, NULL, '', NULL, 'EKE NIGERIA LIMITED', '49850.00', 'procurement2@isaluhospitals.com', 1, NULL, 0, 1, NULL, 0, '19', 0, NULL, '2022-06-09', NULL, 0, 0, NULL, 38, 0, NULL, NULL, '', '0', '', NULL, NULL, NULL, 0, NULL, 0, 43),
(567, NULL, '', NULL, 'KHOMBIZ SURGICAL AND PHARM. CO LTD', '519200.00', 'procurement2@isaluhospitals.com', 1, NULL, 0, 1, NULL, 0, '19', 0, NULL, '2022-06-09', NULL, 0, 0, NULL, 12, 0, NULL, NULL, '', '0', '', NULL, NULL, NULL, 0, NULL, 0, 43),
(568, NULL, '', NULL, 'AMADI MAUREEN', '2700.00', 'procurement@isaluhospitals.com', 1, NULL, 0, 1, NULL, 0, '19', 0, NULL, '2022-06-09', NULL, 0, 0, NULL, 14, 0, NULL, NULL, '', '0', '', NULL, NULL, NULL, 0, NULL, 0, 43),
(569, NULL, '', NULL, 'Amadi Maureen', '187700.00', 'kitchen@isaluhospitals.com', 12, NULL, 0, 1, NULL, 0, '19', 0, NULL, '2022-06-09', NULL, 0, 0, NULL, 14, 0, NULL, NULL, 'nil', '0', 'nil', NULL, NULL, NULL, 0, NULL, 0, 43),
(570, NULL, '', NULL, 'VCARE DIAGNOSTICS LIMITED', '68400.00', 'clientservice@isaluhospitals.com', 3, NULL, 0, 1, NULL, 0, NULL, 0, NULL, '2022-06-09', NULL, 0, 0, NULL, 109, 0, NULL, NULL, '', '0', '', NULL, NULL, NULL, 0, NULL, 1, 41),
(571, NULL, '', NULL, 'LEMME FAMOUS COMPANY LIMITED', '60000.00', 'procurement2@isaluhospitals.com', 1, NULL, 0, 1, NULL, 0, '19', 0, NULL, '2022-06-09', NULL, 0, 0, NULL, 60, 0, NULL, NULL, 'OBANIGBA ABIDEMI WALE', '2147483647', 'FCMB', NULL, NULL, NULL, 0, NULL, 0, 43),
(572, NULL, '', NULL, 'EKE NIGERIA LIMITED', '39100.00', 'procurement2@isaluhospitals.com', 1, NULL, 0, 1, NULL, 0, '19', 0, NULL, '2022-06-09', NULL, 0, 0, NULL, 38, 0, NULL, NULL, '', '0', '', NULL, NULL, NULL, 0, NULL, 0, 43),
(573, NULL, '', NULL, 'JOSEPH IGBANG', '3100.00', 'procurement2@isaluhospitals.com', 1, '19', 1, 1, '2022-06-09 10:58:45', 1, '19', 1, '2022-06-09 11:00:04', '2022-06-09', NULL, 1, 0, '19', 60, 0, NULL, NULL, '', '0', '', NULL, '2022-06-09 10:58:45', NULL, 1, 46, 0, 43),
(574, NULL, 'IHL/test', NULL, 'Ayinde kazeem', '12000.00', 'audit@isaluhospitals.com', 7, NULL, 0, 0, NULL, 0, '19', 0, NULL, '2022-06-09', NULL, 0, 0, NULL, 9, 1, 19, 'put on hold', 'Test', 'Cash', 'First bank', '2022-06-16 07:20:16', NULL, NULL, 0, NULL, 0, 40),
(575, NULL, 'IHL/test', NULL, 'Ayinde kazeem', '20000.00', 'it@isalu.com', 2, NULL, 0, 1, NULL, 0, NULL, 0, NULL, '2022-06-12', NULL, 0, 0, NULL, 117, 0, NULL, NULL, 'Test', 'Cash', 'First bank', NULL, NULL, NULL, 0, NULL, 1, 40),
(576, NULL, 'IHL/593', NULL, 'Atore Friday', '2500.00', 'it@isalu.com', 2, '22', 1, 1, '2022-06-23 08:55:17', 1, '19', 0, NULL, '2022-06-23', NULL, 0, 0, NULL, 96, 0, 0, NULL, 'Nill', 'Cash', 'First bank', NULL, '2022-06-23 08:53:39', NULL, 0, NULL, 0, 40),
(577, NULL, 'Nill', NULL, 'Ayinde kazeem', '10000.00', 'it@isalu.com', 2, NULL, 0, 0, NULL, 0, '19', 0, NULL, '2022-07-03', NULL, 0, 0, NULL, 9, 1, 19, 'put on hold', 'Test', 'Cash', 'First bank', '2022-07-20 11:09:20', NULL, NULL, 0, NULL, 0, 40),
(578, NULL, 'IHL/1094', NULL, 'Amadi Maureen', '2000.00', 'it@isalu.com', 2, NULL, 0, 1, NULL, 0, '19', 0, NULL, '2022-07-03', NULL, 0, 0, NULL, 9, 0, NULL, NULL, 'Test', 'Cash', 'First bank', NULL, NULL, NULL, 0, NULL, 0, 25),
(579, NULL, 'IHL/test', NULL, 'Alade Samson', '1500.00', 'it@isalu.com', 2, NULL, 0, 1, NULL, 0, '19', 0, NULL, '2022-07-03', NULL, 1, 1, '23', 9, 0, NULL, NULL, 'Test', 'Cash', 'First bank', NULL, NULL, NULL, 0, NULL, 0, 40);

-- --------------------------------------------------------

--
-- Table structure for table `departments`
--

CREATE TABLE `departments` (
  `id` int(11) NOT NULL,
  `name` varchar(32) NOT NULL
) ENGINE=InnoDB DEFAULT CHARSET=utf8mb4;

--
-- Dumping data for table `departments`
--

INSERT INTO `departments` (`id`, `name`) VALUES
(1, 'procurement'),
(2, 'IT'),
(3, 'Client service'),
(4, 'Nursing'),
(5, 'Laboratory'),
(6, 'Accounting'),
(7, 'Audit'),
(9, 'Quicbook'),
(10, 'Pharmacy'),
(11, 'Radiology'),
(12, 'Kitchen'),
(13, 'HR'),
(14, 'Main Store'),
(15, 'Quality Control'),
(16, 'BCC'),
(17, 'Medical'),
(18, 'Test'),
(19, 'Maintenance'),
(20, 'House keeping');

-- --------------------------------------------------------

--
-- Table structure for table `items`
--

CREATE TABLE `items` (
  `itemid` int(11) NOT NULL,
  `itemname` varchar(36) NOT NULL,
  `uom` int(11) NOT NULL,
  `itemtypeid` int(11) NOT NULL,
  `qty` decimal(10,4) DEFAULT NULL,
  `limit` int(11) DEFAULT NULL,
  `createdby` int(11) NOT NULL
) ENGINE=InnoDB DEFAULT CHARSET=latin1;

--
-- Dumping data for table `items`
--

INSERT INTO `items` (`itemid`, `itemname`, `uom`, `itemtypeid`, `qty`, `limit`, `createdby`) VALUES
(98, 'Bixolon Paper', 16, 1, '25.0000', 10, 1),
(99, 'Washing handsoap', 13, 1, NULL, 10, 1),
(100, 'mopping soap', 10, 1, NULL, 10, 1),
(101, 'POS Paper', 16, 1, '32.0000', 10, 1),
(102, 'hypo', 19, 1, NULL, 10, 1),
(103, 'Black Pen', 10, 1, '43.0000', 10, 1),
(104, 'harpic', 10, 1, NULL, 10, 1),
(105, 'toilet soap', 13, 1, NULL, 10, 1),
(106, 'Envelope (White)', 10, 1, '7.0000', 10, 1),
(107, 'Staple pin', 11, 1, '10.0000', 10, 1),
(108, 'tooth brush', 11, 1, '207.0000', 10, 1),
(109, 'Calculator', 10, 1, '1.0000', 5, 1),
(110, 'Hard cover long note', 10, 1, '16.0000', 5, 1),
(111, 'cream', 11, 1, '205.0000', 10, 1),
(112, 'Hard cover short note', 10, 1, NULL, 5, 1),
(113, 'Paper file', 10, 1, '65.0000', 10, 1),
(114, 'Rubber file', 10, 1, '27.0000', 10, 1),
(115, 'Tag', 10, 1, NULL, 5, 1),
(116, 'scrubbing brush', 10, 1, NULL, 10, 1),
(117, 'air freshener solid', 10, 1, NULL, 10, 1),
(118, 'Ruler', 10, 1, NULL, 10, 1),
(119, 'air freshener liquid', 10, 1, '27.0000', 10, 1),
(120, 'Tippex', 10, 1, '23.0000', 5, 1),
(121, 'Permanent marker', 10, 1, '15.0000', 5, 1),
(122, 'towel', 10, 1, '504.0000', 10, 1),
(123, 'bag', 10, 1, '504.0000', 10, 1),
(124, 'Temporary marker', 10, 1, '5.0000', 10, 1),
(125, 'closeup', 10, 1, '480.0000', 10, 1),
(126, 'Higher Education note', 10, 1, '15.0000', 10, 1),
(127, 'flit', 10, 1, '52.0000', 10, 1),
(128, 'ariel', 17, 1, '-1.0000', 10, 1),
(129, 'broom', 10, 1, '34.0000', 10, 1),
(130, '8 in one note', 10, 1, NULL, 10, 1),
(131, 'mopp', 10, 1, '36.0000', 10, 1),
(132, '6 in one note', 10, 1, NULL, 5, 1),
(133, 'bowl', 10, 1, '18.0000', 10, 1),
(134, 'bucket', 10, 1, NULL, 10, 1),
(135, 'File Tag', 10, 1, '57.0000', 5, 1),
(136, 'long brush', 10, 1, '12.0000', 10, 1),
(137, 'Wall pin', 11, 1, '3.0000', 5, 1),
(138, 'Exercise book (60 leaves)', 10, 1, NULL, 10, 1),
(139, 'dustbin nylon', 18, 1, '1.0000', 10, 1),
(140, 'File Clip', 10, 1, '33.0000', 10, 1),
(141, 'Stamp pad', 10, 1, '1.0000', 5, 1),
(142, 'disposable cup', 16, 1, '13.0000', 10, 1),
(143, 'Paper tape', 10, 1, '21.0000', 5, 1),
(144, 'Paper gum', 10, 1, '12.0000', 5, 1),
(145, 'red nylon', 10, 1, '26.0000', 10, 1),
(146, 'yellow nylon', 10, 1, NULL, 10, 1),
(147, 'Brown envelope (big)', 10, 1, NULL, 5, 1),
(148, 'Brown envelope (small)', 10, 1, NULL, 5, 1),
(149, 'toilet roll', 17, 1, '18.0000', 10, 1),
(150, 'Brown envelope (medium)', 10, 1, NULL, 5, 1),
(151, 'A4 paper', 15, 1, '28.0000', 10, 1),
(152, 'Basin tap', 10, 2, NULL, 0, 1),
(153, 'Mangle waste ', 10, 2, NULL, 0, 1),
(154, 'Flexible connector', 10, 2, NULL, 0, 1),
(155, 'Hand press tap', 10, 2, NULL, 0, 1),
(156, 'test', 10, 1, '10.0000', 5, 1),
(157, 'wall sucket', 10, 1, NULL, 10, 1),
(158, 'extention box', 10, 1, NULL, 10, 1),
(159, 'bulb (midium,small.big', 10, 1, NULL, 10, 1),
(160, 'battery (duracel)', 10, 1, '38.0000', 10, 1),
(161, 'fused', 10, 1, NULL, 10, 1),
(162, 'water heater switch', 10, 1, NULL, 10, 1),
(163, 'patress 3by 3', 10, 1, NULL, 10, 1),
(164, 'hi watt battery', 10, 1, NULL, 10, 1),
(165, 'installation tape', 10, 1, NULL, 10, 1),
(166, '3by3 sucket,3by6 sucket', 10, 1, NULL, 10, 1),
(167, '24 watt light', 10, 1, NULL, 10, 1),
(168, '18 watt light', 10, 1, NULL, 10, 1),
(169, '12 watt light', 10, 1, NULL, 10, 1),
(170, 'led schock', 10, 1, NULL, 10, 1),
(171, '13 amps plug', 10, 1, NULL, 10, 1),
(172, '15 amps plug', 10, 1, NULL, 10, 1),
(173, 'cable wire', 11, 1, NULL, 10, 1),
(174, 'single core', 10, 1, NULL, 10, 1),
(175, 'Salvon', 10, 2, NULL, 0, 1),
(176, 'double core', 10, 1, NULL, 10, 1),
(177, 'Mixer tap', 10, 2, NULL, 0, 1),
(178, 'adaptor', 10, 1, NULL, 10, 1),
(179, 'ac switch', 10, 1, NULL, 10, 1),
(180, 'wall fan', 10, 1, NULL, 10, 1),
(181, 'tv', 10, 1, NULL, 10, 1),
(182, 'ceiling fan', 10, 1, NULL, 10, 1),
(183, '12 mm clip', 10, 1, NULL, 10, 1),
(184, '20 mm clip', 10, 1, NULL, 10, 1),
(185, 'Tap (Plastic)', 10, 2, NULL, 0, 1),
(186, 'truncking 16 by 25', 10, 1, NULL, 10, 1),
(187, 'tunado nail', 10, 1, NULL, 10, 1),
(188, 'Tap (Iron)', 10, 2, NULL, 0, 1),
(189, 'Angle tap', 10, 2, NULL, 0, 1),
(190, 'Silicon gel ', 10, 2, NULL, 0, 1),
(191, 'Plumbing Gum', 10, 2, NULL, 10, 1),
(192, 'Plumbing plug', 10, 2, NULL, 10, 1),
(193, '1inch elbow', 10, 2, NULL, 10, 1),
(194, '1inch Adpter ', 10, 2, NULL, 10, 1),
(195, '1inch union connector', 10, 2, NULL, 10, 1),
(196, '1inch sucket', 10, 2, NULL, 10, 1),
(197, '1inch Tee', 10, 2, NULL, 10, 1),
(198, '1inch Air valve', 10, 2, NULL, 10, 1),
(199, 'Tee Tap', 10, 2, NULL, 10, 1),
(200, '1/2 inch Tee', 10, 2, NULL, 10, 1),
(201, '1/2 inch Elbow', 10, 2, NULL, 10, 1),
(202, '1/2 inch Socket', 10, 2, NULL, 10, 1),
(203, '1/2 inch Male & Female Socket', 10, 2, NULL, 10, 1),
(204, 'Pipe connector 4 inches', 10, 2, NULL, 10, 1),
(205, '3/4 Elbow', 10, 2, NULL, 10, 1),
(206, '3/4 Socket', 10, 2, NULL, 10, 1),
(207, '3/4 Air valve', 10, 2, NULL, 10, 1),
(208, '3/4 union', 10, 2, NULL, 10, 1),
(209, 'Nurses cap', 10, 2, NULL, 10, 1),
(210, 'Connecting tube', 10, 1, '50.0000', 10, 1),
(211, 'Nurses cap', 10, 1, '20.0000', 10, 1),
(212, 'Sectioning tube', 10, 1, NULL, 10, 1),
(213, 'Baby sex indicator', 10, 1, NULL, 10, 1),
(214, 'Nasal Prone Child', 10, 1, '50.0000', 10, 1),
(215, 'Nasal Prone Adult', 10, 1, '50.0000', 10, 1),
(216, 'Auto tape', 10, 1, NULL, 10, 1),
(217, 'Laptop Keyboard', 10, 2, NULL, 0, 1),
(218, 'Laptop charger (pin mouth)', 10, 2, NULL, 0, 1),
(219, 'Laptop charger (Big mouth)', 10, 2, NULL, 0, 1),
(220, 'Printer', 10, 2, NULL, 0, 1),
(221, 'Mouse', 10, 2, NULL, 0, 1),
(222, 'Mouse', 10, 1, NULL, 5, 1),
(223, 'Computer Laptop', 10, 2, NULL, 0, 1),
(224, 'Desktop Keyboard', 10, 2, NULL, 0, 1),
(225, 'Tonner (Black)', 10, 1, NULL, 5, 1),
(226, 'Tonner (Black)', 10, 2, NULL, 0, 1),
(227, 'Desktop hard drive ', 10, 2, NULL, 0, 1),
(228, 'Laptop hard drive', 10, 2, NULL, 0, 1),
(229, 'Laptop Battery ', 10, 2, NULL, 0, 1),
(230, 'Laptop Cooling Fan', 10, 2, NULL, 0, 1),
(231, 'Blue pen', 10, 1, '102.0000', 10, 1),
(232, 'Red pen', 10, 1, '44.0000', 10, 1),
(233, 'Green pen', 10, 1, '21.0000', 10, 1),
(234, 'Paforator', 10, 1, '1.0000', 2, 1),
(235, 'Schneider pen blue', 10, 1, '24.0000', 10, 1),
(236, 'Schneider pen black', 10, 1, '17.0000', 10, 1),
(237, 'Refine pen', 10, 1, '16.0000', 10, 1),
(238, 'Roller tip pen', 10, 1, '2.0000', 10, 1),
(239, 'File wool', 10, 1, '18.0000', 10, 1),
(240, 'Table pen', 10, 1, '10.0000', 10, 1),
(241, 'Rubber band', 11, 1, '3.0000', 10, 1),
(242, 'Cello tape ', 10, 1, '61.0000', 10, 1),
(243, 'Thumb tack', 11, 1, '2.0000', 5, 1),
(244, 'Stapler machine', 10, 1, '2.0000', 5, 1),
(245, 'Flit', 10, 2, NULL, 5, 1),
(246, 'Sweet', 10, 1, '13.0000', 2, 1),
(247, 'Wall clock', 10, 1, '20.0000', 2, 1),
(249, 'Air-conditional', 10, 2, NULL, 0, 1),
(250, 'A4 paper ', 15, 2, NULL, 0, 1),
(251, 'Higher education ', 10, 2, NULL, 0, 1),
(252, '12 in one note', 10, 2, NULL, 0, 1),
(253, '80 leaves exercise book', 10, 2, NULL, 0, 1),
(254, 'Calculator', 10, 2, NULL, 0, 1),
(255, 'Office file', 10, 2, NULL, 0, 1),
(256, 'Hard cover note long', 10, 2, NULL, 0, 1),
(257, 'Hard cover note medium', 10, 2, NULL, 0, 1),
(258, 'Envelope (White)', 11, 2, NULL, 0, 1),
(259, 'Permanent marker', 10, 2, NULL, 0, 1),
(260, 'Hand punch (For file)', 10, 2, NULL, 0, 1),
(261, 'Stapler ', 10, 2, NULL, 0, 1),
(262, 'Table pen', 10, 2, NULL, 0, 1),
(263, 'Tippex correction pen', 10, 2, NULL, 0, 1),
(264, 'High light for correction', 10, 2, NULL, 0, 1),
(265, 'Biro', 10, 2, NULL, 0, 1),
(266, 'Abro paper tape', 10, 2, NULL, 0, 1),
(267, 'POS paper', 16, 2, NULL, 0, 1),
(268, 'Bioxolon pape (80x80)', 16, 2, NULL, 0, 1),
(269, 'Brown envelope medium', 11, 2, NULL, 0, 1),
(270, 'Punch', 10, 2, NULL, 0, 1),
(271, 'Tissue paper', 17, 2, NULL, 0, 1),
(272, 'hypo', 19, 2, NULL, 0, 1),
(273, 'soap', 19, 2, NULL, 0, 1),
(274, 'Ariel', 17, 2, NULL, 0, 1),
(275, 'Cream', 10, 2, NULL, 0, 1),
(276, 'Black nylon', 18, 2, NULL, 0, 1),
(277, 'Towels', 10, 2, NULL, 0, 1),
(278, 'Bags', 10, 2, NULL, 0, 1),
(279, 'Brush', 10, 2, NULL, 0, 1),
(280, 'Air freshner', 10, 2, NULL, 0, 1),
(281, 'Sweet', 11, 2, NULL, 0, 1),
(282, 'Disposable cup', 16, 2, NULL, 0, 1),
(283, 'Close up', 10, 2, NULL, 0, 1),
(284, 'Soap for pack', 10, 2, NULL, 0, 1),
(285, 'Huggies wipe', 10, 2, NULL, 0, 1),
(286, 'Harpic 450mls', 18, 2, NULL, 0, 1),
(287, 'POE POWER PACK', 10, 2, NULL, 0, 1),
(288, 'Punch (For file)', 10, 1, '2.0000', 1, 1),
(289, '80 leaves exercise book', 10, 1, '21.0000', 5, 1),
(290, 'Hard cover note medium', 10, 1, '9.0000', 2, 1),
(291, '12 in one note', 10, 1, '3.0000', 1, 1),
(292, 'Office file', 10, 1, '100.0000', 10, 1),
(293, 'BLACK CATRIDGE ', 10, 2, NULL, 0, 1),
(294, 'CATRIDGE REFILL', 10, 2, NULL, 0, 1),
(295, 'BIXOLON PRINTER', 10, 2, NULL, 0, 1),
(296, 'SITE WORKS', 20, 2, NULL, 0, 1),
(297, 'MAC AGAR', 21, 2, NULL, 0, 1),
(298, 'CLED AGAR', 21, 2, NULL, 0, 1),
(299, 'NUTRIENT AGAR', 21, 2, NULL, 0, 1),
(300, 'SS AGAR', 21, 2, NULL, 0, 1),
(301, 'ALT/GPT ERBA', 21, 2, NULL, 0, 1),
(302, 'URIC ACID RANDOX', 21, 2, NULL, 0, 1),
(303, 'CREATINE ERBA', 21, 2, NULL, 0, 1),
(304, 'HIV UNIGOLD', 11, 2, NULL, 0, 1),
(305, 'NBAIC CARTRIDGES', 11, 2, NULL, 0, 1),
(306, 'ACCU CHEK LANCET', 11, 2, NULL, 0, 1),
(307, 'MALARIA KIT CTK', 11, 2, NULL, 0, 1),
(308, 'FAECAL OCCULT BLOOD FOB', 11, 2, NULL, 0, 1),
(309, 'Monthly subscription', 22, 2, NULL, 0, 1),
(310, 'Diesel', 13, 2, NULL, 0, 1),
(311, 'CUG suscription', 22, 2, NULL, 0, 1),
(312, 'POP cement', 17, 1, NULL, 5, 1),
(313, 'POP Paint', 17, 1, NULL, 1, 1),
(314, 'POP cement', 17, 2, NULL, 0, 1),
(315, 'POP Paint', 10, 2, NULL, 0, 1),
(316, 'Cement', 17, 2, NULL, 0, 1),
(317, 'Old Ambulance', 26, 2, NULL, 0, 1),
(318, 'Face mask', 10, 1, '1550.0000', 2, 1),
(319, 'Electrode', 11, 1, NULL, 2, 1),
(320, 'Granite', 27, 2, NULL, 0, 1),
(321, 'Sharp sand', 27, 2, NULL, 0, 1),
(322, 'Silicon', 10, 2, NULL, 0, 1),
(323, 'LAB001 (MAC AGAR)', 21, 1, '1.0000', 5, 1),
(324, 'Blender', 10, 2, NULL, 0, 1),
(325, 'LAB002 (CLED AGAR)', 21, 1, '1.0000', 2, 1),
(326, 'LAB003 (NUTRIENT AGAR)', 21, 1, '1.0000', 2, 1),
(327, 'LAB004 (SS AGAR)', 21, 1, NULL, 2, 1),
(328, 'LAB004 (ALT /  GPT - ERBA)', 11, 1, NULL, 2, 1),
(329, 'LAB006 (URIC ACID - RANDOX)', 11, 1, NULL, 2, 1),
(330, 'LAB007 (CREATINE - ERBA)', 11, 1, NULL, 2, 1),
(331, 'LAB008 (HIV - UNIGOLD)', 11, 1, NULL, 2, 1),
(332, 'LAB009 (HBA1C CARTRIDGES)', 11, 1, NULL, 2, 1),
(333, 'LAB010 (ACCU-CHECK LANCET)', 11, 1, NULL, 2, 1),
(334, 'LAB011 (MALARIA KIT - CTK)', 11, 1, NULL, 2, 1),
(335, 'LAB012 (FAECAL OCCULT BLOOD (FOB)', 11, 1, '1.0000', 2, 1),
(336, 'LAB013 (TYPHOID KIT)', 11, 1, '11.0000', 2, 1),
(337, 'LAB014 (DILUENT 20L)', 14, 1, '2.0000', 2, 1),
(338, 'LAB015 (RINSE 20L)', 14, 1, '1.0000', 2, 1),
(339, 'LAB016 (VAGINAL SPECULUM MEDIUM)', 11, 1, '115.0000', 2, 1),
(340, 'LAB017 (UNIVERSAL CONTAINER / BOTTLE', 18, 1, '1.0000', 2, 1),
(341, 'LAB018 (SERUM H.PYLORI LABICON)', 11, 1, NULL, 2, 1),
(342, 'LAB019 (PREGNANCY TEST - CTK)', 11, 1, NULL, 2, 1),
(343, 'LAB020 (TONGUE DEPRESSOR)', 11, 1, '2.0000', 2, 1),
(344, 'LAB021 (PREGNANCY TEST - BIOCHECK)', 11, 1, '0.0000', 2, 1),
(345, 'LAB022 (POTASSIUM REAGENT)', 21, 1, '2.0000', 2, 1),
(346, 'LAB023 (TB KIT LABICON)', 11, 1, NULL, 2, 1),
(347, 'LAB024 (HAV (HEPATITIS A))', 11, 1, NULL, 2, 1),
(348, 'LAB025 (HIV STAT - PAK CASSETTE)', 11, 1, NULL, 2, 1),
(349, 'LAB026 (CAPILLARY TUBE (RED))', 11, 1, NULL, 2, 1),
(350, 'LAB027 (COMBI -11)', 11, 1, '3.0000', 2, 1),
(351, 'LAB028 (ACCU-CHECK STRIP)', 11, 1, '8.0000', 2, 1),
(352, 'LAB074 (HIV DETERMINE)', 11, 1, '2.0000', 2, 1),
(353, 'LAB075 (OIL IMMERSION)', 21, 1, NULL, 2, 1),
(354, 'LAB076 (STOOL CONTAINER / BOTTLE)', 11, 1, '250.0000', 2, 1),
(355, 'LAB077 (PREGNANCY TEST - TECO)', 11, 1, '1.0000', 2, 1),
(356, 'LAB078 (COMBI 3)', 11, 1, '4.0000', 2, 1),
(357, 'LAB079 (SERUM H. PYLORY CTK)', 11, 1, NULL, 2, 1),
(358, 'LAB080 (VAGINAL SPECULUM LARGE )', 11, 1, NULL, 2, 1),
(359, 'LAB081 (AST/GOT - ERBA)', 11, 1, NULL, 2, 1),
(360, 'LAB082 (PHOSPHORUS)', 11, 1, NULL, 2, 1),
(361, 'LAB083 (XL WASH)', 11, 1, NULL, 2, 1),
(362, 'LAB084 (MALARIA KIT LABICON)', 11, 1, '10.0000', 2, 1),
(363, 'LAB085 (CHOLESTROL - ERBA)', 21, 1, NULL, 2, 1),
(364, 'LAB086 (TRIG - ERBA)', 11, 1, NULL, 2, 1),
(365, 'LAB087 (HDL - ERBA)', 11, 1, NULL, 2, 1),
(366, 'LAB088 (XL MULTICAL)', 11, 1, NULL, 2, 1),
(367, 'LAB089 (PREGINANCY TEST - KNOW IT)', 11, 1, NULL, 2, 1),
(368, 'LAB090 (PROTIME)', 11, 1, NULL, 2, 1),
(369, 'LAB091 (URIC ACID - ERBA)', 11, 1, NULL, 2, 1),
(370, 'LAB092 (CALCIUM - ERBA)', 11, 1, NULL, 2, 1),
(371, 'LAB093 (ESR DISPETTE)', 11, 1, '1.0000', 2, 1),
(372, 'LAB094 (STANDARD A & B)', 11, 1, NULL, 2, 1),
(373, 'LAB095 (TB KIT - OTHERS)', 11, 1, NULL, 2, 1),
(374, 'LAB096 (CLEANING SOLUTION)', 11, 1, NULL, 2, 1),
(375, 'LAB097SERUM H - PYLORY - BIOCHECK', 11, 1, NULL, 2, 1),
(376, 'LAB098 (FT3)', 11, 1, NULL, 2, 1),
(377, 'LAB099 (FT4)', 11, 1, NULL, 2, 1),
(378, 'LAB100 (TSH)', 11, 1, NULL, 2, 1),
(379, 'LAB101 (PSA)', 11, 1, NULL, 2, 1),
(380, 'Request form', 11, 1, '6.0000', 1, 1),
(381, 'Syrup sticker / mixture', 10, 1, '5.0000', 1, 1),
(382, 'Tablet sticker', 11, 1, '0.0000', 1, 1),
(383, 'Hardcover', 11, 1, NULL, 1, 1),
(384, 'isalu nylon', 11, 1, '47.0000', 1, 1),
(385, 'LAB029 (CAPILLARY TUBE-BLUE', 10, 1, NULL, 1, 1),
(386, 'LABO57 (CALCIUM -RANDOX)', 11, 1, NULL, 1, 1),
(387, 'LABOSS (CREATINE RANDOX)', 11, 1, NULL, 1, 1),
(388, 'LAB058 (CREATINE RANDOX)', 11, 1, NULL, 1, 1),
(389, 'LAB060 (FIELD STAIN POWDER) ', 21, 1, NULL, 1, 1),
(390, 'LAB061 SYPHILIS/ VDRL LABICON)', 11, 1, NULL, 1, 1),
(391, 'LAB063 (HCV (HEPATITIS C) - CTK)', 11, 1, NULL, 1, 1),
(392, 'LAB062 (HBSAG (HEPATITIS B)-CTK)', 11, 1, '1.0000', 1, 1),
(393, 'LAB064 (SYPHILIS /VDRL-CTK)', 11, 1, NULL, 1, 1),
(394, 'LAB065 (T.B KIT-DIASPOT)', 11, 1, NULL, 1, 1),
(395, 'LAB066 (SWAB STICKS)', 11, 1, '2.0000', 1, 1),
(396, 'LAB067 (BOIL PLASTER) ', 11, 1, '4.0000', 1, 1),
(397, 'BOLT AND NUTS', 10, 2, NULL, 0, 1),
(398, 'ANTI-RUST', 10, 2, NULL, 0, 1),
(399, 'LAB068 (SYPHILIS/VDRL -OTHERS)', 11, 1, '1.0000', 1, 1),
(400, 'LAB069 (HCV (HEPATITIS C)-OTHERS)', 11, 1, '4.0000', 1, 1),
(401, 'LAB070 (FIELD STAIN B POWDER) ', 21, 1, NULL, 1, 1),
(402, 'LAB071 (HBSAG HEPATITIS B)-OTHERS)', 11, 1, '2.0000', 1, 1),
(403, 'LAB072 (EDTA BOTTLE-K3)', 14, 1, NULL, 1, 1),
(404, 'LAB073 (PREGNANCY TEST- LABICON)', 11, 1, NULL, 1, 1),
(405, 'LAB130 (PROBE CLEANSER)', 11, 1, NULL, 1, 1),
(406, 'LAB132 (RHEUMATOID FACTOR)', 11, 1, NULL, 1, 1),
(407, 'LAB133 (MALARIA KIT BIOCHECK)', 11, 1, NULL, 1, 1),
(408, 'LAB134 (23G VACUUM NEEDLE)', 11, 1, '1.0000', 1, 1),
(409, 'LAB135 (MALARIA PAN)', 11, 1, NULL, 1, 1),
(410, 'LAB136 (ALKALINE PHOSPHATE (ALP 150)', 11, 1, NULL, 1, 1),
(411, 'LAB137 (ELBA PATH CONTROL)', 11, 1, NULL, 1, 1),
(412, 'LAB138 (52D DILUENT 20L) ', 14, 1, '3.0000', 1, 1),
(413, 'LAB139 (52LH LYSE 100ML)', 21, 1, '9.0000', 1, 1),
(414, 'LAB140 (52DIFF LYSE 500ML)', 21, 1, '8.0000', 1, 1),
(415, 'LAB141 (HBSAG (RITCHER))', 11, 1, NULL, 1, 1),
(416, 'LAB142 (HCV (RITCHER))', 11, 1, NULL, 1, 1),
(417, 'KEB2', 10, 2, NULL, 0, 1),
(418, ' LAB143 (SYPHILIS/VDRL RITCHER)', 11, 1, NULL, 1, 1),
(419, 'LAB144 (RENATA BATTERY)', 10, 1, NULL, 1, 1),
(420, 'LAB145 (SERUM H. PYLORI-MICROPOINT)', 11, 1, '2.0000', 1, 1),
(421, 'LAB146 (PREGNANCY TEST-MICROPOINT)', 11, 1, NULL, 1, 1),
(422, 'LAB029 (CAPILLARY TUBE - BLUE)', 10, 1, NULL, 1, 1),
(423, 'LAB030 (FROSTED   SLIDES)', 10, 1, '25.0000', 1, 1),
(424, 'LAB031 (BUFFER SALT)', 28, 1, NULL, 1, 1),
(425, 'PAINT MATERIAL', 10, 2, NULL, 0, 1),
(426, 'LAB033 (SENSITIVITY NEGATIVf) ', 11, 1, '2.0000', 1, 1),
(427, 'LAB034 (ACETATE PAPER) ', 10, 1, NULL, 1, 1),
(428, 'LAB035 (COVER SLIPS)', 11, 1, NULL, 1, 1),
(429, 'LAB036 (PLAIN BOTTLES)', 14, 1, '1000.0000', 1, 1),
(430, 'LAB037 (LITHIUM HEPARIN BOTTLES) ', 14, 1, '600.0000', 1, 1),
(431, 'LAB038 (EDTA BOTTLE K2)', 14, 1, '2998.0000', 1, 1),
(432, 'LAB039 (ANTI-SERA A)', 21, 1, NULL, 1, 1),
(433, 'LAB040 (ANTI-SERA B) ', 21, 1, NULL, 1, 1),
(434, 'LAB041 (ANTI-SERA D)', 21, 1, NULL, 1, 1),
(435, 'LAB042 (LYSE 500ML)', 21, 1, NULL, 1, 1),
(436, 'LAB043 (PETRI DISHES )  ', 16, 1, '266.0000', 1, 1),
(437, 'RAT POISON', 28, 2, NULL, 0, 1),
(438, 'BREAD', 29, 2, NULL, 0, 1),
(439, 'LAB044 (BILLIRUBIN DIRECT ERBA) ', 11, 1, NULL, 1, 1),
(440, 'LAB045 (YELLOW TIPS)', 11, 1, '1.0000', 1, 1),
(441, 'PRINTING ON BEDSHEET', 10, 2, NULL, 0, 1),
(442, 'LAB046 (BLUE TIPS) ', 11, 1, '2.0000', 1, 1),
(443, 'LAB047 (FLORIDE OXALATE)', 11, 1, NULL, 1, 1),
(444, 'LAB048 (SODIUM CITRATE)', 11, 1, NULL, 1, 1),
(445, 'LAB049 (BUTTERFLY NEEDLES)', 11, 1, '2.0000', 1, 1),
(446, 'LAB050 (HOLDER OF BUTTERFLY)', 11, 1, '1.0000', 1, 1),
(447, 'LAB051 (BILLI RUBIN DIRECT - RANDOX ', 11, 1, NULL, 1, 1),
(448, 'LAB052 (BILLIRUBIN TOTAL - ERBA)', 11, 1, NULL, 1, 1),
(449, 'LAB053 (CHOLESTEROL - RANQOX)', 11, 1, NULL, 1, 1),
(450, 'LAB054 (STOOL H - PYLORI) ', 11, 1, '1.0000', 1, 1),
(451, 'LAB055 (TRIG - RANDOX)', 11, 1, NULL, 1, 1),
(452, 'LAB056 (HDL - RANDOX)', 11, 1, NULL, 1, 1),
(453, ' LAB102 (ALKALINE PHOSPHATE (ALP 110', 11, 1, NULL, 1, 1),
(454, 'LAB103 (TOTAL PROTEIN (TP 440))', 11, 1, NULL, 1, 1),
(455, 'LAB104 (ERBA NORM', 11, 1, NULL, 1, 1),
(456, 'LAB105 (SAMPLE CUPS - ERBA)', 10, 1, NULL, 1, 1),
(457, 'LAB106 (XL ROTOR)', 10, 1, '2.0000', 1, 1),
(458, 'LAB107 (UREA 275)', 11, 1, NULL, 1, 1),
(459, 'LAB108 (DEPROTEIN SOLUTION)', 11, 1, NULL, 1, 1),
(460, 'LAB109 (DEFILING & REFILLING SOLUTIO', 11, 1, NULL, 1, 1),
(461, 'LAB110 (FORMALIN)', 21, 1, '1.0000', 1, 1),
(462, 'LAB111 (MANTOUX) ', 21, 1, NULL, 1, 1),
(463, 'LAB112 (E-Z CLEANSER)', 21, 1, NULL, 1, 1),
(464, 'LAB113 (WIRE LOOP)', 10, 1, NULL, 1, 1),
(465, 'LAB114 (WIRE LOOP HOLDER)', 10, 1, NULL, 1, 1),
(466, 'LAB115 (ACETONE)', 21, 1, NULL, 1, 1),
(467, 'LAB116 (SEMEN FLUID BOTTLE)', 21, 1, NULL, 1, 1),
(468, 'LAB117 (CARBON FUSHIN BOTTLE)', 21, 1, NULL, 1, 1),
(469, 'LAB118 (BORIC ACID)', 21, 1, NULL, 1, 1),
(470, 'LAB119 (PROLACTIN)', 11, 1, NULL, 1, 1),
(471, 'LAB120 (FSH)', 11, 1, NULL, 1, 1),
(472, 'PRINTING ON MEAL-TICKET', 11, 2, NULL, 0, 1),
(473, 'SIGN PLASTIC FRAME HANGING ACCESSORY', 10, 2, NULL, 0, 1),
(474, 'LAB121 (LH)', 11, 1, NULL, 1, 1),
(475, 'LAB122 (HDL/LDL CALIBRATOR)', 11, 1, NULL, 1, 1),
(476, 'LAB123 (COMBI 2)', 11, 1, NULL, 1, 1),
(477, 'LAB124 (HELIPROBE)', 11, 1, NULL, 1, 1),
(478, 'LAB125 (BICARBONATE REAGENT)', 11, 1, '1.0000', 1, 1),
(479, 'LAB12 6 (PROGESTERONE KIT)', 11, 1, NULL, 1, 1),
(480, 'LAB127 (ACCU-CHECK MACHINE)', 11, 1, NULL, 1, 1),
(481, 'LAB128 (ERBA   ACTIME)', 11, 1, NULL, 1, 1),
(482, 'LAB129 (CALCIUM CHLORIDE)', 11, 1, NULL, 1, 1),
(483, 'LAB131 (PLASTACEAL)', 11, 1, NULL, 1, 1),
(484, 'LAB057 (CALCIUM-RANDOX)', 11, 1, NULL, 1, 1),
(485, 'STAMP PAD', 10, 1, NULL, 1, 1),
(486, 'GENERATOR ASSET', 10, 2, NULL, 1, 0),
(487, 'GENERATOR ACCESS', 10, 2, NULL, 1, 0),
(488, 'GENERATOR ACCESS', 10, 2, NULL, 1, 0),
(489, 'GENERATOR ACCESS', 10, 2, NULL, 1, 0),
(490, 'GENERATOR ACCESS', 10, 2, NULL, 1, 0),
(491, 'GENERATOR ACCESS', 10, 2, NULL, 1, 0),
(492, 'GENERATOR ACCESS', 10, 2, NULL, 1, 0),
(493, 'GENERATOR ACCESS', 10, 2, NULL, 1, 0),
(494, 'GENERATOR ACCESS', 10, 2, NULL, 0, 1),
(495, 'ASSET', 10, 2, NULL, 0, 1),
(496, 'RED BIRO', 10, 1, NULL, 1, 1),
(497, 'SITE ANNEX', 10, 2, NULL, 0, 1),
(498, 'SITE MAIN-BUILDING', 10, 2, NULL, 0, 1),
(499, 'office chair', 10, 2, NULL, 0, 1),
(500, 'duracel battery', 10, 2, NULL, 0, 1),
(501, 'drainage function', 14, 2, NULL, 0, 1),
(502, 'drainage function', 14, 1, '5.0000', 5, 1),
(503, 'AGIDI', 10, 2, NULL, 0, 1),
(504, 'CATFISH', 30, 2, NULL, 0, 1),
(505, 'SCENT LEAF', 10, 2, NULL, 0, 1),
(506, 'AKARA', 31, 2, NULL, 0, 1),
(507, 'CHICKEN', 14, 2, NULL, 0, 1),
(508, 'PANLA FISH', 18, 2, NULL, 0, 1),
(509, 'redivac drain', 11, 1, NULL, 1, 1),
(510, 'Nasal Prone Paediatric', 10, 1, '50.0000', 1, 1),
(511, 'paper tape', 12, 1, NULL, 1, 1),
(512, 'suction catheter', 11, 1, NULL, 1, 1),
(513, 'connecting tube (duplicate)', 10, 1, NULL, 1, 1),
(514, 'isoflurance', 10, 1, NULL, 1, 1),
(515, 'adult cuff', 10, 1, NULL, 1, 1),
(516, 'face marks', 14, 1, NULL, 1, 1),
(517, 'electrode', 11, 1, '8.0000', 1, 1),
(518, 'sphygomanometer', 10, 2, NULL, 0, 1),
(519, 'stethoscope', 10, 2, NULL, 0, 1),
(520, 'pulse oximeter', 11, 2, NULL, 0, 1),
(521, 'injection card', 11, 2, NULL, 0, 1),
(522, 'glucometer', 10, 2, NULL, 0, 1),
(523, 'nebulizer machine', 10, 2, NULL, 0, 1),
(524, 'vital sign monitor', 10, 2, NULL, 0, 1),
(525, 'sunctioning machine', 10, 2, NULL, 0, 1),
(526, 'port switch', 10, 2, NULL, 0, 1),
(527, 'AC wall anger', 10, 2, NULL, 0, 1),
(528, '2 inches elbow', 10, 2, NULL, 0, 1),
(529, 'magic waste', 10, 2, NULL, 0, 1),
(530, 'syphone ', 10, 2, NULL, 0, 1),
(531, 'wall bracket', 10, 2, NULL, 0, 1),
(532, 'screw bulb', 10, 2, NULL, 0, 1),
(533, 'DRESSING CARD', 10, 2, NULL, 0, 1),
(534, 'injection card', 10, 2, NULL, 0, 1),
(535, 'injection card', 10, 1, '20000.0000', 20000, 1),
(536, 'servette ', 11, 2, NULL, 0, 1),
(537, 'matches', 11, 2, NULL, 0, 1),
(538, 'unripe plantain', 31, 2, NULL, 0, 1),
(539, 'scan gel', 19, 1, '8.0000', 0, 1),
(540, 'gallons of america paint', 25, 2, NULL, 0, 1),
(541, 'light blue', 25, 2, NULL, 0, 1),
(542, 'dark blue', 25, 2, NULL, 0, 1),
(543, 'undercoat glossy', 25, 2, NULL, 0, 1),
(544, 'black nylon', 32, 2, NULL, 0, 1),
(545, 'white paint', 25, 2, NULL, 0, 1),
(546, 'pacific blue glossy', 25, 2, NULL, 0, 1),
(547, 'white glossy', 25, 2, NULL, 0, 1),
(548, 'black glossy paint', 25, 2, NULL, 0, 1),
(549, 'polly filler', 14, 2, NULL, 0, 1),
(550, 'turpentine', 19, 2, NULL, 0, 1),
(551, 'sand paper', 33, 2, NULL, 0, 1),
(552, 'Sphygmanometer', 10, 1, '3.0000', 1, 1),
(553, 'Stethoscope', 10, 1, '5.0000', 1, 1),
(554, 'pulse oximeter', 10, 1, '3.0000', 1, 1),
(555, 'Glucometer', 10, 1, '3.0000', 1, 1),
(556, 'Sphygomanometer cuff (Large)', 10, 1, '5.0000', 1, 1),
(557, 'Dressing card (small)', 10, 1, '20000.0000', 10, 1),
(558, 'Nebulizer machine ', 10, 1, '1.0000', 1, 1),
(559, 'Suction catheter green', 10, 1, '100.0000', 10, 1),
(560, 'Suction catheter blue', 10, 1, '300.0000', 10, 1),
(561, 'Suction catheter black', 10, 1, '160.0000', 10, 1),
(562, 'Vital signs monitor', 10, 1, NULL, 1, 1),
(563, 'Sunctioning machine', 10, 1, NULL, 1, 1),
(564, 'Anathetical', 21, 1, '1.0000', 1, 1),
(565, 'Ortho tape', 10, 1, NULL, 1, 1),
(566, 'Capsules / tablets sticker', 11, 1, '3.0000', 1, 1),
(567, 'Appointment / card tracer ', 11, 1, '8.0000', 1, 1),
(568, 'LAB166 ( GLU 440 )', 10, 1, NULL, 1, 1),
(569, 'LAB167 ( HBSAG PROMED )', 10, 1, NULL, 1, 1),
(570, 'LAB170 ( VDRL PROMED ) ', 10, 1, NULL, 1, 1),
(571, 'LAB171 ( PASTUER PIPETTE )', 10, 1, NULL, 1, 1),
(572, 'LAB172 ( MALARIA KIT RICHER )', 11, 1, '5.0000', 1, 1),
(573, 'Lotion sticker', 34, 1, '2.0000', 1, 1),
(574, 'Drop sticker', 11, 1, '1.0000', 1, 1),
(575, 'Nylon ( Drug )', 11, 1, '50.0000', 2, 1),
(576, 'BAWA', 17, 2, NULL, 1, 1),
(577, 'BAYLEAF', 10, 2, NULL, 0, 1),
(578, 'BEANS OLO 2', 17, 2, NULL, 0, 1),
(579, 'BEANS OLOYIN', 17, 2, NULL, 0, 1),
(580, 'BEANS OLOYIN', 17, 1, NULL, 1, 1),
(581, 'BEANS OLO 2', 17, 1, NULL, 1, 1),
(582, 'BAYLEAF', 10, 1, NULL, 1, 1),
(583, 'BAWA', 17, 1, NULL, 1, 1),
(584, 'AGIDI', 10, 1, NULL, 1, 1),
(585, 'BEEF', 35, 1, NULL, 1, 1),
(586, 'BEEF', 35, 2, NULL, 0, 1),
(587, 'BREAD', 10, 1, NULL, 1, 1),
(588, 'BREAD', 10, 2, NULL, 0, 1),
(589, 'CABBAGE', 35, 1, NULL, 1, 1),
(590, 'CABBAGE', 35, 2, NULL, 0, 1),
(591, 'CARRIER', 35, 1, NULL, 1, 1),
(592, 'CARRIER', 35, 2, NULL, 0, 1),
(593, 'CARROT', 35, 1, NULL, 1, 1),
(594, 'CARROT', 35, 2, NULL, 0, 1),
(595, 'CHICKEN', 18, 1, NULL, 1, 1),
(596, 'CHICKEN', 14, 2, NULL, 0, 1),
(597, 'CRAYFISH', 36, 1, NULL, 1, 1),
(598, 'CRAYFISH', 36, 2, NULL, 0, 1),
(599, 'CUCUMBER', 35, 1, NULL, 1, 1),
(600, 'CUCUMBER', 35, 2, NULL, 0, 1),
(601, 'DRY FISH', 10, 1, NULL, 1, 1),
(602, 'DRY FISH', 35, 2, NULL, 0, 1),
(603, 'DRY PEPPER', 35, 1, NULL, 1, 1),
(604, 'DRY PEPPER', 35, 2, NULL, 0, 1),
(605, 'EGG', 37, 1, NULL, 1, 1),
(606, 'EGG', 37, 2, NULL, 0, 1),
(607, 'ELUBO', 35, 1, NULL, 1, 1),
(608, 'ELUBO', 35, 2, NULL, 0, 1),
(609, 'EGUSI', 36, 1, NULL, 1, 1),
(610, 'EGUSI', 36, 2, NULL, 0, 1),
(611, 'EWEDU', 35, 1, NULL, 1, 1),
(612, 'EWEDU', 35, 2, NULL, 0, 1),
(613, 'MOI MOI FISH', 35, 1, NULL, 1, 1),
(614, 'MOI MOI FISH', 35, 2, NULL, 0, 1),
(615, 'FUFU', 35, 1, NULL, 1, 1),
(616, 'FUFU', 35, 2, NULL, 0, 1),
(617, 'YELLOW GARRI', 17, 1, NULL, 1, 1),
(618, 'YELLOW GARRI', 17, 2, NULL, 0, 1),
(619, 'GAS', 38, 1, NULL, 1, 1),
(620, 'GAS', 38, 2, NULL, 0, 1),
(621, 'GRANDLATED SUG', 36, 1, NULL, 1, 1),
(622, 'GRANDLATED SUG', 36, 2, NULL, 0, 1),
(623, 'GRINDING', 35, 1, NULL, 1, 1),
(624, 'GRINDING', 35, 2, NULL, 0, 1),
(625, 'LOCUST BEANS', 35, 1, NULL, 1, 1),
(626, 'LOCUST BEA', 35, 2, NULL, 0, 1),
(627, 'LETTUCES', 35, 1, NULL, 1, 1),
(628, 'LETTUCES', 35, 2, NULL, 0, 1),
(629, 'MATCHES', 35, 1, NULL, 1, 1),
(630, 'MATCHES', 35, 2, NULL, 0, 1),
(631, 'MOI MOI LEAVES', 12, 1, NULL, 1, 1),
(632, 'MOI MOI LEAVES', 12, 2, NULL, 0, 1),
(633, 'NYLON', 35, 1, NULL, 1, 1),
(634, 'NYLON', 35, 2, NULL, 0, 1),
(635, 'CATFISH', 30, 1, NULL, 1, 1),
(636, 'CATFISH', 30, 2, NULL, 0, 1),
(637, 'OGBONNO', 36, 1, NULL, 1, 1),
(638, 'OGBONNO', 36, 2, NULL, 0, 1),
(639, 'OKRO', 35, 1, NULL, 1, 1),
(640, 'OKRO', 35, 2, NULL, 0, 1),
(641, 'ONION', 17, 1, NULL, 1, 1),
(642, 'ONION', 17, 2, NULL, 0, 1),
(643, 'PALM OIL', 19, 1, NULL, 1, 1),
(644, 'PALM OIL', 19, 2, NULL, 0, 1),
(645, 'PANLA FISH', 18, 1, NULL, 1, 1),
(646, 'PANLA FISH', 18, 2, NULL, 0, 1),
(647, 'PAP', 35, 1, NULL, 1, 1),
(648, 'PAP', 35, 2, NULL, 0, 1),
(649, 'BLENDER', 10, 2, NULL, 0, 1),
(650, 'HOTPLATE', 10, 2, NULL, 0, 1),
(651, 'MICROWAVE', 10, 2, NULL, 0, 1),
(652, 'COOLER', 10, 2, NULL, 0, 1),
(653, 'DINNER PLATE', 10, 2, NULL, 0, 1),
(654, 'TEA CUP', 10, 2, NULL, 0, 1),
(655, 'BOW', 10, 2, NULL, 0, 1),
(656, 'MUG', 10, 2, NULL, 0, 1),
(657, 'GLASS CUP', 10, 2, NULL, 0, 1),
(658, 'TABLE SPOON', 10, 2, NULL, 0, 1),
(659, 'FORK', 10, 2, NULL, 0, 1),
(660, 'TEA SPOON', 10, 2, NULL, 0, 1),
(661, 'SERVING SPOON ', 10, 2, NULL, 0, 1),
(662, 'PERFORATED SPOON', 10, 2, NULL, 0, 1),
(663, 'KNIFE', 10, 2, NULL, 0, 1),
(664, 'COOKING POT', 10, 2, NULL, 0, 1),
(665, 'TOASTING MACHINE', 10, 2, NULL, 0, 1),
(666, 'FREEZER', 10, 2, NULL, 0, 1),
(667, 'CHILLER', 10, 2, NULL, 0, 1),
(668, 'PLATE', 10, 2, NULL, 0, 1),
(669, 'CUP', 10, 2, NULL, 0, 1),
(670, 'CHOPPING BOARD', 10, 2, NULL, 0, 1),
(671, 'GRATER', 10, 2, NULL, 0, 1),
(672, 'MANUAL BLENDER', 10, 2, NULL, 0, 1),
(673, 'TRAYS', 10, 2, NULL, 0, 1),
(674, 'SIEVE', 10, 2, NULL, 0, 1),
(675, 'VEGETABLE OIL', 19, 2, NULL, 0, 1),
(676, 'PLANTAIN FLOUR', 17, 2, NULL, 0, 1),
(677, 'ROUND FISH', 10, 2, NULL, 0, 1),
(678, 'AKARA', 10, 2, NULL, 0, 1),
(679, 'VEGETABLE OIL', 19, 1, NULL, 1, 1),
(680, 'PLANTAIN FLOUR', 17, 1, NULL, 1, 1),
(681, 'ROUND FISH', 10, 1, NULL, 2, 1),
(682, 'AKARA', 10, 1, NULL, 2, 1),
(683, 'prescription sheet', 11, 1, '27.0000', 6, 1),
(684, 'SPRING ONION', 35, 2, NULL, 0, 1),
(685, 'PLANTAIN', 35, 2, NULL, 0, 1),
(686, 'FAMILY PLANNING FLIERS', 11, 1, NULL, 1, 1),
(687, 'ANTE-NATAL CARE FLIER', 11, 1, NULL, 1, 1),
(688, 'IMMUNIZATION FLIER', 11, 1, NULL, 1, 1),
(689, 'Dustbin basket', 10, 1, NULL, 1, 1),
(690, 'Mopping bucket', 10, 1, '13.0000', 2, 1),
(691, 'Fancy soap', 10, 1, '480.0000', 2, 1),
(692, 'CLOCK IN MACHINE', 10, 2, NULL, 0, 1),
(693, 'CUG PHONE', 10, 2, NULL, 0, 1),
(694, 'Managerial chair', 10, 2, NULL, 0, 1),
(695, 'wall fan', 10, 2, NULL, 0, 1),
(696, 'CUG-SIM', 10, 2, NULL, 0, 1),
(697, 'Laundry basket ', 10, 1, '2.0000', 1, 1),
(698, 'PILLOW MARKINGTOUCH', 10, 1, '54.0000', 5, 1),
(699, 'FOOTMAT ', 10, 1, '28.0000', 2, 1),
(700, 'TOILET BRUSH', 10, 1, '18.0000', 2, 1),
(701, 'BEDBUG POWDER', 11, 1, '5.0000', 1, 1),
(702, 'CUBWEB REMOVER', 10, 1, '4.0000', 1, 1),
(703, 'HAND BRUSH', 10, 1, '26.0000', 1, 1),
(704, 'OUTSIDE BROOM', 10, 1, '7.0000', 1, 1),
(705, 'GREEN SPONGE', 10, 1, '9.0000', 1, 1),
(706, 'IRON SPONGE', 10, 1, NULL, 1, 1),
(707, 'PACKER', 10, 1, '27.0000', 2, 1),
(708, 'BATHING BUCKET', 10, 1, '12.0000', 2, 1),
(709, 'Uguu', 31, 1, '1.0000', 1, 1),
(710, 'Uguu', 31, 2, NULL, 0, 1);

-- --------------------------------------------------------

--
-- Table structure for table `item_movement`
--

CREATE TABLE `item_movement` (
  `id` int(11) NOT NULL,
  `itemid` int(11) NOT NULL,
  `qty` int(11) NOT NULL,
  `flow` varchar(10) NOT NULL,
  `flowdate` datetime NOT NULL DEFAULT current_timestamp()
) ENGINE=InnoDB DEFAULT CHARSET=utf8mb4;

--
-- Dumping data for table `item_movement`
--

INSERT INTO `item_movement` (`id`, `itemid`, `qty`, `flow`, `flowdate`) VALUES
(92, 156, 10, 'IN', '2022-05-05 05:36:24'),
(93, 98, 7, 'IN', '2022-05-09 12:11:18'),
(94, 101, 12, 'IN', '2022-05-09 12:11:37'),
(95, 103, 49, 'IN', '2022-05-09 12:11:59'),
(96, 231, 13, 'IN', '2022-05-09 12:12:52'),
(97, 232, 48, 'IN', '2022-05-09 12:13:51'),
(98, 234, 1, 'IN', '2022-05-09 12:14:49'),
(99, 233, 22, 'IN', '2022-05-09 12:15:11'),
(100, 235, 24, 'IN', '2022-05-09 12:15:47'),
(101, 236, 17, 'IN', '2022-05-09 12:16:03'),
(102, 237, 16, 'IN', '2022-05-09 12:16:29'),
(103, 238, 2, 'IN', '2022-05-09 12:16:52'),
(104, 106, 9, 'IN', '2022-05-09 12:17:27'),
(105, 239, 18, 'IN', '2022-05-09 12:18:15'),
(106, 240, 10, 'IN', '2022-05-09 12:18:55'),
(107, 151, 3, 'IN', '2022-05-09 12:19:52'),
(108, 241, 3, 'IN', '2022-05-09 12:21:56'),
(109, 242, 62, 'IN', '2022-05-09 12:24:34'),
(110, 144, 12, 'IN', '2022-05-09 12:26:48'),
(112, 141, 1, 'IN', '2022-05-09 12:33:39'),
(113, 140, 33, 'IN', '2022-05-09 12:34:36'),
(114, 137, 3, 'IN', '2022-05-09 12:36:12'),
(115, 243, 2, 'IN', '2022-05-09 12:38:38'),
(116, 135, 57, 'IN', '2022-05-09 12:39:01'),
(117, 126, 9, 'IN', '2022-05-09 12:59:50'),
(118, 124, 13, 'IN', '2022-05-09 01:00:16'),
(119, 121, 15, 'IN', '2022-05-09 01:01:43'),
(120, 120, 25, 'IN', '2022-05-09 01:02:16'),
(121, 114, 30, 'IN', '2022-05-09 01:04:36'),
(122, 113, 71, 'IN', '2022-05-09 01:06:23'),
(123, 110, 9, 'IN', '2022-05-09 01:07:35'),
(124, 107, 12, 'IN', '2022-05-09 01:08:48'),
(125, 108, 15, 'IN', '2022-05-09 06:02:53'),
(126, 111, 13, 'IN', '2022-05-09 06:03:52'),
(127, 119, 21, 'IN', '2022-05-09 06:09:47'),
(128, 127, 61, 'IN', '2022-05-09 06:23:30'),
(129, 128, 1, 'IN', '2022-05-09 06:25:41'),
(130, 139, 1, 'IN', '2022-05-09 06:28:00'),
(131, 142, 13, 'IN', '2022-05-09 06:32:55'),
(132, 246, 13, 'IN', '2022-05-09 06:34:06'),
(133, 247, 20, 'IN', '2022-05-09 06:35:10'),
(134, 149, 6, 'IN', '2022-05-09 06:37:12'),
(135, 103, -6, 'OUT', '2022-05-10 02:33:23'),
(136, 113, -6, 'OUT', '2022-05-10 02:33:23'),
(137, 151, -2, 'OUT', '2022-05-10 02:33:23'),
(138, 232, -3, 'OUT', '2022-05-10 02:33:23'),
(139, 151, -2, 'OUT', '2022-05-12 10:17:43'),
(140, 120, -2, 'OUT', '2022-05-12 10:17:43'),
(141, 151, 60, 'IN', '2022-05-12 04:34:44'),
(142, 98, 20, 'IN', '2022-05-12 04:36:48'),
(143, 101, 20, 'IN', '2022-05-12 04:37:10'),
(144, 231, 100, 'IN', '2022-05-12 04:39:09'),
(145, 244, 2, 'IN', '2022-05-12 04:41:48'),
(146, 109, 1, 'IN', '2022-05-12 04:42:20'),
(147, 288, 2, 'IN', '2022-05-12 04:44:26'),
(148, 289, 24, 'IN', '2022-05-12 04:48:01'),
(149, 110, 9, 'IN', '2022-05-12 04:49:50'),
(150, 290, 14, 'IN', '2022-05-12 04:52:45'),
(151, 291, 3, 'IN', '2022-05-12 04:54:42'),
(152, 126, 10, 'IN', '2022-05-12 04:55:28'),
(153, 292, 100, 'IN', '2022-05-12 04:59:08'),
(154, 231, -2, 'OUT', '2022-05-13 09:31:42'),
(155, 107, -1, 'OUT', '2022-05-13 09:31:42'),
(156, 151, -5, 'OUT', '2022-05-13 09:31:42'),
(157, 151, -1, 'OUT', '2022-05-13 02:51:14'),
(158, 233, -1, 'OUT', '2022-05-13 02:51:14'),
(159, 151, -1, 'OUT', '2022-05-13 05:24:22'),
(160, 107, -1, 'OUT', '2022-05-13 05:24:22'),
(161, 242, -1, 'OUT', '2022-05-13 05:24:22'),
(162, 160, 44, 'IN', '2022-05-16 10:23:28'),
(163, 151, -15, 'OUT', '2022-05-16 10:39:29'),
(164, 160, -2, 'OUT', '2022-05-16 10:40:32'),
(165, 143, 28, 'IN', '2022-05-16 01:14:38'),
(166, 151, -1, 'OUT', '2022-05-16 04:20:43'),
(167, 143, -1, 'OUT', '2022-05-16 04:20:43'),
(168, 380, 8, 'IN', '2022-05-17 07:10:12'),
(169, 381, 2, 'IN', '2022-05-17 10:05:37'),
(170, 382, 2, 'IN', '2022-05-17 10:05:53'),
(171, 384, 50, 'IN', '2022-05-17 10:06:26'),
(172, 384, -3, 'OUT', '2022-05-17 10:59:20'),
(173, 110, -2, 'OUT', '2022-05-17 10:59:20'),
(174, 382, -2, 'OUT', '2022-05-17 10:59:20'),
(175, 381, -2, 'OUT', '2022-05-17 10:59:20'),
(176, 98, -2, 'OUT', '2022-05-18 11:04:35'),
(177, 151, -5, 'OUT', '2022-05-18 11:04:35'),
(178, 318, 1550, 'IN', '2022-05-18 11:23:21'),
(179, 502, 5, 'IN', '2022-05-18 11:25:43'),
(180, 232, -1, 'OUT', '2022-05-18 12:04:21'),
(181, 160, -4, 'OUT', '2022-05-18 02:25:08'),
(182, 214, 50, 'IN', '2022-05-18 04:39:22'),
(183, 215, 50, 'IN', '2022-05-18 04:39:56'),
(184, 211, 20, 'IN', '2022-05-18 04:42:11'),
(185, 127, -9, 'OUT', '2022-05-18 05:56:18'),
(186, 143, -3, 'OUT', '2022-05-19 02:02:50'),
(187, 126, -4, 'OUT', '2022-05-19 02:02:50'),
(188, 289, -3, 'OUT', '2022-05-19 02:02:50'),
(189, 143, -3, 'OUT', '2022-05-19 02:14:51'),
(190, 539, 2, 'IN', '2022-05-19 04:01:01'),
(191, 323, 1, 'IN', '2022-05-19 04:14:36'),
(192, 325, 1, 'IN', '2022-05-19 04:14:57'),
(193, 326, 1, 'IN', '2022-05-19 04:15:25'),
(194, 351, 1, 'IN', '2022-05-19 04:16:06'),
(195, 335, 1, 'IN', '2022-05-19 04:16:36'),
(196, 336, 11, 'IN', '2022-05-19 04:17:05'),
(197, 337, 2, 'IN', '2022-05-19 04:17:30'),
(198, 338, 1, 'IN', '2022-05-19 04:18:00'),
(199, 339, 175, 'IN', '2022-05-19 04:18:35'),
(200, 340, 2, 'IN', '2022-05-19 04:19:02'),
(201, 343, 2, 'IN', '2022-05-19 04:19:44'),
(202, 344, 2, 'IN', '2022-05-19 04:20:06'),
(203, 345, 2, 'IN', '2022-05-19 04:20:51'),
(204, 350, 3, 'IN', '2022-05-19 04:21:41'),
(205, 351, 7, 'IN', '2022-05-19 04:22:02'),
(206, 423, 25, 'IN', '2022-05-19 04:23:59'),
(207, 426, 2, 'IN', '2022-05-19 04:25:34'),
(208, 429, 1000, 'IN', '2022-05-19 04:36:10'),
(209, 430, 600, 'IN', '2022-05-19 04:40:27'),
(210, 431, 3000, 'IN', '2022-05-19 04:41:29'),
(211, 436, 280, 'IN', '2022-05-19 04:44:46'),
(212, 440, 1, 'IN', '2022-05-19 04:46:40'),
(213, 442, 2, 'IN', '2022-05-19 04:47:15'),
(214, 445, 2, 'IN', '2022-05-19 05:05:27'),
(215, 446, 1, 'IN', '2022-05-19 05:06:46'),
(216, 450, 1, 'IN', '2022-05-19 05:09:30'),
(217, 392, 1, 'IN', '2022-05-19 05:10:24'),
(218, 395, 2, 'IN', '2022-05-19 05:11:56'),
(219, 535, 20000, 'IN', '2022-05-20 11:05:16'),
(220, 539, 6, 'IN', '2022-05-20 01:21:45'),
(221, 552, 3, 'IN', '2022-05-20 03:13:45'),
(222, 553, 5, 'IN', '2022-05-20 03:14:32'),
(223, 554, 3, 'IN', '2022-05-20 03:14:53'),
(224, 517, 8, 'IN', '2022-05-20 03:15:28'),
(225, 510, 50, 'IN', '2022-05-20 03:16:24'),
(226, 210, 50, 'IN', '2022-05-20 03:24:00'),
(227, 555, 3, 'IN', '2022-05-20 03:24:15'),
(228, 556, 5, 'IN', '2022-05-20 03:24:46'),
(229, 557, 20000, 'IN', '2022-05-20 03:25:42'),
(230, 558, 1, 'IN', '2022-05-20 03:26:04'),
(231, 559, 100, 'IN', '2022-05-20 03:26:35'),
(232, 561, 160, 'IN', '2022-05-20 03:27:04'),
(233, 560, 300, 'IN', '2022-05-20 03:27:28'),
(234, 564, 1, 'IN', '2022-05-20 03:29:30'),
(235, 396, 4, 'IN', '2022-05-20 09:04:56'),
(236, 399, 1, 'IN', '2022-05-20 09:05:26'),
(237, 400, 4, 'IN', '2022-05-20 09:06:19'),
(238, 402, 3, 'IN', '2022-05-20 09:07:10'),
(239, 352, 2, 'IN', '2022-05-20 09:07:36'),
(240, 354, 250, 'IN', '2022-05-20 09:08:30'),
(241, 355, 1, 'IN', '2022-05-20 09:08:49'),
(242, 356, 4, 'IN', '2022-05-20 09:09:10'),
(243, 362, 10, 'IN', '2022-05-20 09:09:40'),
(244, 371, 1, 'IN', '2022-05-20 09:10:12'),
(245, 457, 2, 'IN', '2022-05-20 09:23:23'),
(246, 461, 1, 'IN', '2022-05-20 09:26:14'),
(247, 478, 1, 'IN', '2022-05-20 09:26:44'),
(248, 408, 1, 'IN', '2022-05-20 09:27:30'),
(249, 412, 5, 'IN', '2022-05-20 09:28:09'),
(250, 413, 9, 'IN', '2022-05-20 09:29:08'),
(251, 414, 8, 'IN', '2022-05-20 09:29:26'),
(252, 420, 2, 'IN', '2022-05-20 09:29:51'),
(253, 572, 5, 'IN', '2022-05-20 09:40:01'),
(254, 381, 5, 'IN', '2022-05-20 09:53:59'),
(255, 573, 2, 'IN', '2022-05-20 09:55:12'),
(256, 574, 1, 'IN', '2022-05-20 09:56:22'),
(257, 567, 8, 'IN', '2022-05-20 09:57:01'),
(258, 575, 50, 'IN', '2022-05-20 09:57:35'),
(259, 566, 3, 'IN', '2022-05-20 10:03:06'),
(260, 683, 5, 'IN', '2022-05-23 09:11:51'),
(261, 683, -4, 'OUT', '2022-05-23 09:58:38'),
(262, 683, -4, 'OUT', '2022-05-23 09:58:59'),
(263, 431, -1, 'OUT', '2022-05-24 12:17:00'),
(264, 339, -30, 'OUT', '2022-05-24 12:17:00'),
(265, 436, -5, 'OUT', '2022-05-24 12:17:00'),
(266, 431, -1, 'OUT', '2022-05-24 12:17:13'),
(267, 339, -30, 'OUT', '2022-05-24 12:17:13'),
(268, 436, -5, 'OUT', '2022-05-24 12:17:13'),
(269, 151, -1, 'OUT', '2022-05-24 12:19:43'),
(270, 380, -2, 'OUT', '2022-05-24 12:19:43'),
(271, 231, -4, 'OUT', '2022-05-24 12:19:43'),
(272, 106, -2, 'OUT', '2022-05-24 12:19:43'),
(273, 114, -3, 'OUT', '2022-05-24 12:19:43'),
(274, 412, -1, 'OUT', '2022-05-25 11:58:27'),
(275, 124, -4, 'OUT', '2022-05-25 11:58:27'),
(276, 122, 600, 'IN', '2022-05-27 10:45:27'),
(277, 125, 576, 'IN', '2022-05-27 10:46:14'),
(278, 111, 288, 'IN', '2022-05-27 10:47:07'),
(279, 108, 288, 'IN', '2022-05-27 10:48:29'),
(280, 123, 600, 'IN', '2022-05-27 10:48:54'),
(281, 149, 16, 'IN', '2022-05-27 10:49:21'),
(282, 119, 18, 'IN', '2022-05-27 10:49:57'),
(283, 690, 15, 'IN', '2022-05-27 10:52:15'),
(284, 145, 30, 'IN', '2022-05-27 10:52:56'),
(285, 691, 48, 'IN', '2022-05-27 11:09:22'),
(286, 691, 528, 'IN', '2022-05-27 11:19:38'),
(287, 122, -48, 'OUT', '2022-05-30 04:29:29'),
(288, 125, -48, 'OUT', '2022-05-30 04:29:29'),
(289, 111, -48, 'OUT', '2022-05-30 04:29:29'),
(290, 108, -48, 'OUT', '2022-05-30 04:29:29'),
(291, 123, -48, 'OUT', '2022-05-30 04:29:29'),
(292, 149, -2, 'OUT', '2022-05-30 04:29:29'),
(293, 119, -6, 'OUT', '2022-05-30 04:29:29'),
(294, 690, -2, 'OUT', '2022-05-30 04:29:29'),
(295, 128, -1, 'OUT', '2022-05-30 04:29:29'),
(296, 145, -2, 'OUT', '2022-05-30 04:29:29'),
(297, 691, -48, 'OUT', '2022-05-30 04:29:29'),
(298, 122, -48, 'OUT', '2022-05-30 04:29:39'),
(299, 125, -48, 'OUT', '2022-05-30 04:29:39'),
(300, 111, -48, 'OUT', '2022-05-30 04:29:39'),
(301, 108, -48, 'OUT', '2022-05-30 04:29:39'),
(302, 123, -48, 'OUT', '2022-05-30 04:29:39'),
(303, 149, -2, 'OUT', '2022-05-30 04:29:39'),
(304, 119, -6, 'OUT', '2022-05-30 04:29:39'),
(305, 690, -2, 'OUT', '2022-05-30 04:29:39'),
(306, 128, -1, 'OUT', '2022-05-30 04:29:40'),
(307, 145, -2, 'OUT', '2022-05-30 04:29:40'),
(308, 691, -48, 'OUT', '2022-05-30 04:29:40'),
(309, 340, -1, 'OUT', '2022-06-03 11:00:22'),
(310, 436, -4, 'OUT', '2022-06-03 11:00:22'),
(311, 344, -2, 'OUT', '2022-06-03 11:00:22'),
(312, 402, -1, 'OUT', '2022-06-03 11:00:22'),
(313, 124, -4, 'OUT', '2022-06-03 11:00:22'),
(314, 231, -5, 'OUT', '2022-06-03 11:00:22'),
(315, 151, -2, 'OUT', '2022-06-03 11:00:22'),
(316, 412, -1, 'OUT', '2022-06-03 11:00:22'),
(317, 683, 30, 'IN', '2022-06-04 03:47:24'),
(318, 290, -1, 'OUT', '2022-06-08 10:29:23'),
(319, 290, -1, 'OUT', '2022-06-08 10:29:32'),
(320, 290, -1, 'OUT', '2022-06-08 10:29:45'),
(321, 290, -1, 'OUT', '2022-06-08 10:29:56'),
(322, 290, -1, 'OUT', '2022-06-08 10:30:07'),
(323, 697, 2, 'IN', '2022-06-08 03:06:06'),
(324, 698, 54, 'IN', '2022-06-08 03:06:24'),
(325, 699, 28, 'IN', '2022-06-08 03:06:45'),
(326, 700, 18, 'IN', '2022-06-08 03:07:13'),
(327, 701, 5, 'IN', '2022-06-08 03:07:35'),
(328, 702, 4, 'IN', '2022-06-08 03:07:59'),
(329, 131, 36, 'IN', '2022-06-08 03:08:23'),
(330, 703, 26, 'IN', '2022-06-08 03:08:45'),
(331, 129, 34, 'IN', '2022-06-08 03:09:07'),
(332, 704, 7, 'IN', '2022-06-08 03:09:26'),
(333, 133, 18, 'IN', '2022-06-08 03:09:45'),
(334, 705, 9, 'IN', '2022-06-08 03:10:23'),
(335, 707, 27, 'IN', '2022-06-08 03:10:51'),
(336, 136, 12, 'IN', '2022-06-08 03:11:15'),
(337, 690, 2, 'IN', '2022-06-08 03:11:41'),
(338, 708, 12, 'IN', '2022-06-08 03:12:06'),
(339, 709, 1, 'IN', '2022-06-09 09:20:40');

-- --------------------------------------------------------

--
-- Table structure for table `refunds_detail`
--

CREATE TABLE `refunds_detail` (
  `id` int(11) NOT NULL,
  `refund_id` int(11) NOT NULL,
  `amount` decimal(19,4) NOT NULL,
  `Description` varchar(255) NOT NULL
) ENGINE=InnoDB DEFAULT CHARSET=utf8mb4;

--
-- Dumping data for table `refunds_detail`
--

INSERT INTO `refunds_detail` (`id`, `refund_id`, `amount`, `Description`) VALUES
(35, 27, '2000.0000', 'REFUND ON EXCESS PAYMENT FOR LAB'),
(36, 28, '5100.0000', 'REFUND ON DRUG NOT AVAILABLE (PARLODEL)'),
(37, 29, '3750.0000', 'REFUND ON UNAVAILABLE DRUG'),
(38, 30, '5000.0000', 'REFUND ON EXCESS ACCOMODATION DIFF'),
(40, 32, '6153.0000', 'PATIENT REFUSED DRUGS'),
(41, 33, '6650.0000', 'OVER BILLED FOR DRUG'),
(42, 35, '1020.0000', 'REFUND ON NORMAL SALINE NOT TAKEN'),
(43, 36, '6020.0000', 'REFUND ON PAEDIATRICIAN EMERG, CONS DIFFERENCE NOT UTILIZED'),
(44, 39, '1213.0000', 'REFUND ON LAB TEST NOT DONE'),
(45, 40, '7000.0000', 'REFUND ON EXCESS BILL FOR DRUG'),
(46, 41, '9100.0000', 'REFUND ON DRUG NOT GIVEN( ZINNAT INJ)'),
(47, 45, '20000.0000', 'REFUND ON DIETICIAN NOT SEEN'),
(48, 46, '41427.4000', 'REFUND ON ADM BILL BAL'),
(49, 47, '8006.0000', 'REFUND ON ECG PAID FOR BUT LATER APPROVED BY HMO'),
(50, 48, '2000.0000', 'REFUND ON CEFUROXIME NOT TAKEN'),
(51, 49, '7470.0000', 'REFUND ON ADMISSION DEPOSIT'),
(52, 50, '6293.0000', 'REFUND ON ADMISSION DEPOSIT'),
(53, 51, '13000.0000', 'REFUND ON PAEDIATRICS APPROVED BY HMO'),
(54, 52, '13000.0000', 'REFUND ON GEN SURGEON NOT SEEN'),
(55, 53, '8672.7000', 'REFUND ON ADM BILL BAL'),
(56, 54, '3925.0000', 'OVER BILLED CAMOSUNATE ON 10/05/22'),
(57, 55, '19601.0000', 'REFUND ON SERVICES PAID FOR BUT NOT ELIGIBLE TO USE OUR FACILITY, THEREFORE REFERRED BY HMO'),
(58, 56, '3682.0000', 'REFUND ON EXCESS PAYMENT'),
(59, 57, '19882.4000', 'REFUND ON ADMISSION DEPOSIT'),
(60, 58, '8006.0000', 'HMO COVERED THE ECG'),
(61, 59, '2580.0000', 'BALANCE ON INVESTIGATIONS'),
(62, 60, '350000.0000', 'REFUND ON PROCEDURE NOT DONE'),
(63, 61, '5820.0000', 'REFUND ON ADMISSION DEPOSIT'),
(64, 62, '19700.0000', 'REFUND ON ADMISSION DEPOSIT'),
(65, 63, '60000.0000', 'REFUND ON ANTENATAL BOOKING'),
(66, 64, '60000.0000', 'REFUND ON ANTENATAL BOOKING'),
(67, 65, '8006.0000', 'REFUND ON ECG PAID FOR BUT LATER APPROVED BY HMO'),
(68, 66, '40000.0000', 'REFUND ON ADMISSION DEPOSIT'),
(69, 67, '6580.0000', 'REFUND ON DRUG NOT AVAILABLE (ZINNAT)'),
(70, 68, '9908.0000', 'REFUND ON DISCHARGE'),
(71, 69, '14073.0000', 'REFUND ON OBSERVATION BALANCE'),
(72, 70, '7050.0000', 'REFUND ON DRUG NOT AVAILABLE (TAXIVA)'),
(73, 71, '3191.0000', 'REFUND ON EXCESS PAYMENT MADE FOR UROLOGIST FOLLOW UP'),
(76, 73, '29847.7000', 'REFUND ON DISCHARGE'),
(77, 74, '25000.0000', 'REFUND ON ADMISSION DEPOSIT'),
(78, 75, '7260.0000', 'REFUND FOR XRAY '),
(79, 76, '3447.0000', 'REFUND ON DRUG NOT AVAILABLE'),
(81, 78, '59403.0000', 'REFUND ON ADMISSION DEPOSIT'),
(84, 81, '19920.0000', 'REFUND ON ADM BILL BAL'),
(85, 82, '20163.0000', 'REFUND ON EXCESS PAYMENT '),
(87, 84, '5000.0000', 'REFUND ON EXCESS ACCOMODATION DIFF PAID FOR'),
(88, 85, '71250.0000', ' ADMISSION BALANCE'),
(89, 86, '5000.0000', 'REFUND ON EXCESS PAYMENT FOR DENTAL CARE'),
(90, 88, '900.0000', 'VITAMIN - E 400IU OUT OF STOCK '),
(91, 89, '37336.3000', 'REFUND ON DISCHARGE'),
(92, 90, '15000.0000', 'REFUND ON ADMISSION DEPOSIT'),
(93, 91, '8000.0000', 'REFUND ON ADMISSION DEPOSIT'),
(94, 92, '23500.0000', 'REFUND ON ADMISSION DEPOSIT'),
(95, 93, '5600.0000', 'REFUND ON DRUGS OVERBILLED'),
(96, 94, '11900.0000', 'REFUND ON LAB TEST BILLED TWICE'),
(98, 96, '45150.0000', 'REFUND ON KNEE JOINT ASPIRATION NOT DONE'),
(99, 97, '60000.0000', 'POP APPLICATION APPROVED BY HMO'),
(100, 98, '60700.0000', 'REFUND ON ADMISSION DEPOSIT AND CARDIO NOT SEEN'),
(101, 100, '6500.0000', 'REFUND ON IMMUNIZATION APPROVED'),
(103, 101, '40000.0000', 'REFUND ON BLOOD TRANSFUSION APPROVED'),
(104, 102, '42400.0000', 'REFUND ON ADM BILL BAL'),
(105, 103, '26250.0000', 'REFUND ON DISCHARGE'),
(106, 104, '3600.0000', 'REFUND ON BALANCE OF XRAY NOT DONE'),
(107, 105, '47480.0000', 'REFUND ON EXCESS PAYMENT MADE'),
(108, 106, '6153.0000', 'REFUND ON MEDICATION NOT COLLECTED (TADALAFIL)'),
(109, 107, '3191.0000', 'REFUND ON REMAINING BALANCE PAID FOR UROLOGIST FOLLOW UP'),
(110, 108, '86000.0000', 'REFUND ON DISCHARGE'),
(111, 109, '2895.0000', 'PT TOOK ONLY 1 ARTESUNATE INJ REKMAL 60MG AND NOT THE 4 THAT WAS PRESCRIBED BY THE DR..'),
(112, 110, '348000.0000', 'REFUND ON PROCEDURE NOT DONE'),
(113, 111, '6020.0000', 'DIFFERENCE ON PAEDIATRICIAN EMERGENCY FOLLOW UP'),
(114, 112, '5000.0000', 'test'),
(115, 113, '3000.0000', 'tester');

-- --------------------------------------------------------

--
-- Table structure for table `refunds_header`
--

CREATE TABLE `refunds_header` (
  `id` int(11) NOT NULL,
  `hospital_no` varchar(36) NOT NULL,
  `patient_name` varchar(36) NOT NULL,
  `account_name` varchar(36) DEFAULT NULL,
  `account_number` varchar(36) DEFAULT NULL,
  `amount` decimal(19,2) NOT NULL DEFAULT 0.00,
  `bank_name` varchar(36) DEFAULT NULL,
  `enteredby` varchar(36) NOT NULL,
  `departmentid` int(11) DEFAULT NULL,
  `hod_signature` varchar(36) DEFAULT NULL,
  `audited` tinyint(1) NOT NULL DEFAULT 0,
  `approval` tinyint(1) NOT NULL DEFAULT 0,
  `auditedby` tinyint(4) DEFAULT NULL,
  `approvedby` tinyint(4) DEFAULT NULL,
  `approveddate` datetime DEFAULT NULL,
  `approvalRequest` tinyint(1) NOT NULL DEFAULT 0,
  `accountant_status` tinyint(1) DEFAULT 0,
  `payment_date` datetime DEFAULT NULL,
  `returned` tinyint(1) DEFAULT NULL,
  `returnedby` int(11) DEFAULT NULL,
  `comment` text DEFAULT NULL,
  `is_hod` tinyint(1) NOT NULL DEFAULT 0,
  `is_bcc` tinyint(1) NOT NULL DEFAULT 0,
  `bcc` int(11) NOT NULL DEFAULT 0,
  `hod` int(11) NOT NULL DEFAULT 0,
  `hodrequired` tinyint(1) NOT NULL DEFAULT 0,
  `returneddate` datetime DEFAULT NULL,
  `auditeddate` datetime DEFAULT NULL,
  `hodapproveddate` datetime DEFAULT NULL,
  `bccapproveddate` datetime DEFAULT NULL,
  `paidby` int(11) DEFAULT NULL,
  `payment_process_status` int(11) DEFAULT 0,
  `Created_date` datetime NOT NULL DEFAULT current_timestamp()
) ENGINE=InnoDB DEFAULT CHARSET=utf8mb4;

--
-- Dumping data for table `refunds_header`
--

INSERT INTO `refunds_header` (`id`, `hospital_no`, `patient_name`, `account_name`, `account_number`, `amount`, `bank_name`, `enteredby`, `departmentid`, `hod_signature`, `audited`, `approval`, `auditedby`, `approvedby`, `approveddate`, `approvalRequest`, `accountant_status`, `payment_date`, `returned`, `returnedby`, `comment`, `is_hod`, `is_bcc`, `bcc`, `hod`, `hodrequired`, `returneddate`, `auditeddate`, `hodapproveddate`, `bccapproveddate`, `paidby`, `payment_process_status`, `Created_date`) VALUES
(27, 'NYR/6799', 'MOGAJI RUKAYAT', 'MOGAJI RUKAYAT', '0224002780', '2000.00', 'GT BANK', 'clientservice@isaluhospitals.com', 3, NULL, 1, 1, 19, 19, '2022-05-10 00:00:00', 1, 1, '2022-05-10 01:42:41', 0, NULL, NULL, 0, 0, 0, 25, 1, NULL, '2022-05-10 00:00:00', '2022-05-10 00:00:00', NULL, NULL, 1, '2022-06-09 10:12:35'),
(28, 'F/9041A', 'OLOGBESE FOLUSO', 'OLOGBESE FOLUSO', '0049439204', '5100.00', 'GTBANK', 'clientservice@isaluhospitals.com', 3, NULL, 1, 1, 19, 19, '2022-05-12 00:00:00', 1, 1, '2022-05-16 12:12:25', 0, NULL, NULL, 0, 0, 0, 25, 1, NULL, '2022-05-12 00:00:00', '2022-05-12 00:00:00', NULL, NULL, 1, '2022-06-09 10:12:35'),
(29, ' F/5023A ]', 'ADENIYE AYOKUNLE ', 'ADENIYE AYOKUNLE  AFEEZ', '0013559796', '3750.00', 'GT BANK', 'clientservice@isaluhospitals.com', 3, NULL, 1, 1, 19, 19, '2022-05-10 00:00:00', 1, 1, '2022-05-10 01:42:50', 0, NULL, NULL, 0, 0, 0, 25, 1, NULL, '2022-05-10 00:00:00', '2022-05-10 00:00:00', NULL, NULL, 1, '2022-06-09 10:12:35'),
(30, 'HG/2998B', 'OLUGBILE JUSTIN', 'OLUGBILE JUSTINA', '3026089377', '5000.00', 'POLARIS BANK', 'clientservice@isaluhospitals.com', 3, NULL, 0, 0, NULL, NULL, NULL, 1, 0, NULL, 0, NULL, NULL, 1, 0, 24, 25, 1, NULL, NULL, NULL, NULL, NULL, 0, '2022-06-09 10:12:35'),
(32, 'MSH/3738A', 'AKUBO CELESTINE', 'AKUBO CELESTINE', '6172411744', '6153.00', 'FIDELITY BANK', 'clientservice@isaluhospitals.com', 3, NULL, 0, 0, 19, NULL, NULL, 1, 0, NULL, 0, NULL, NULL, 0, 0, 24, 25, 1, NULL, NULL, NULL, NULL, NULL, 0, '2022-06-09 10:12:35'),
(33, 'F/56A', 'IBEZIAKO MICHEAL', 'ZITA MARIA IBEZIAKO', '3044411883', '6650.00', 'FIRST BANK', 'clientservice@isaluhospitals.com', 3, NULL, 1, 1, 19, 19, '2022-05-10 00:00:00', 1, 1, '2022-05-10 01:42:55', 0, NULL, NULL, 0, 0, 0, 25, 1, NULL, '2022-05-10 00:00:00', '2022-05-10 00:00:00', NULL, NULL, 1, '2022-06-09 10:12:35'),
(35, 'P/7632', 'OSHOBU IMOLEOLUWA', 'EMECHEBE NGOZI', '0001999753', '1020.00', 'STANBIC BANK', 'clientservice@isaluhospitals.com', 3, NULL, 1, 1, 19, 19, '2022-05-13 00:00:00', 1, 1, '2022-05-16 05:58:12', 0, NULL, NULL, 0, 0, 0, 25, 1, NULL, '2022-05-13 00:00:00', '2022-05-13 00:00:00', NULL, NULL, 1, '2022-06-09 10:12:35'),
(36, 'RC/369B', 'ODEYEMI ZION', 'AROMOLARAN BLESSING', '1022067790', '6020.00', 'UBA', 'clientservice@isaluhospitals.com', 3, NULL, 0, 0, NULL, NULL, NULL, 1, 0, NULL, 0, NULL, NULL, 1, 0, 24, 41, 1, NULL, NULL, NULL, NULL, NULL, 0, '2022-06-09 10:12:35'),
(39, 'MSH/8972B', 'OGUNSANWO OLUWANIMISOKAN', 'OGUNSANWO OPEMIPO', '3182937850', '1213.00', 'FIRST BANK', 'clientservice@isaluhospitals.com', 3, NULL, 0, 0, NULL, NULL, NULL, 1, 0, NULL, 0, NULL, NULL, 1, 0, 24, 41, 1, NULL, NULL, NULL, NULL, NULL, 0, '2022-06-09 10:12:35'),
(40, ' F/2840D', 'EDOUGHA VALERIE', 'BLESSING AUGUSTINE', '2005133644', '7000.00', 'ZENITH BANK', 'clientservice@isaluhospitals.com', 3, NULL, 1, 1, 19, 19, '2022-05-13 00:00:00', 1, 1, '2022-05-16 05:58:18', 0, NULL, NULL, 0, 0, 0, 25, 1, NULL, '2022-05-13 00:00:00', '2022-05-13 00:00:00', NULL, NULL, 1, '2022-06-09 10:12:35'),
(41, 'F/513C', 'BRISIBE DAVID TAMARA', 'OYINBRAKEMI BRISIBE', '2001423095', '9100.00', 'ZENITH BANK', 'clientservice@isaluhospitals.com', 3, NULL, 1, 1, 19, 19, '2022-05-13 00:00:00', 1, 1, '2022-05-16 05:58:29', 0, NULL, NULL, 0, 0, 0, 25, 1, NULL, '2022-05-13 00:00:00', '2022-05-13 00:00:00', NULL, NULL, 1, '2022-06-09 10:12:35'),
(45, 'F/4717H', 'IYANDA OLUFUNKE', 'ISAAC OLUWAPELUMI', '2051105431', '20000.00', 'ZENITH BANK', 'clientservice@isaluhospitals.com', 3, NULL, 1, 1, 19, 19, '2022-05-13 00:00:00', 1, 1, '2022-05-16 05:58:33', 0, NULL, NULL, 0, 0, 0, 25, 1, NULL, '2022-05-13 00:00:00', '2022-05-13 00:00:00', NULL, NULL, 1, '2022-06-09 10:12:35'),
(46, 'F/11079A', 'EROBOMHAN ADIZAT UMORU', 'EROBOMHAN EROMOSELE', '2032946965', '41427.40', 'FIRST BANK', 'clientservice@isaluhospitals.com', 3, NULL, 1, 1, 19, 19, '2022-05-23 02:00:23', 1, 1, '2022-05-23 05:25:12', 0, NULL, NULL, 0, 0, 0, 25, 1, NULL, NULL, NULL, NULL, 46, 1, '2022-06-09 10:12:35'),
(47, 'MMS/P/302A', 'OWINZEEGBA RAPHAEL EROMOSELE', 'OWINZEEGBA RAPHAEL', '2806223020', '8006.00', 'FCMB', 'clientservice@isaluhospitals.com', 3, NULL, 0, 0, 19, NULL, NULL, 1, 0, NULL, 1, NULL, 'Refund not raised on e-clinic', 0, 0, 24, 25, 1, NULL, NULL, NULL, NULL, NULL, 0, '2022-06-09 10:12:35'),
(48, 'p/7324', 'RALPH-OKORIE CHIOMA', 'CHIOMA RALPH- OKORIE', '0024648902', '2000.00', 'GTBANK', 'clientservice@isaluhospitals.com', 3, NULL, 1, 1, 19, 19, '2022-05-17 00:00:00', 1, 1, '2022-05-17 12:54:28', 0, NULL, NULL, 0, 0, 0, 25, 1, NULL, '2022-05-17 00:00:00', '2022-05-17 00:00:00', NULL, NULL, 1, '2022-06-09 10:12:35'),
(49, 'P/9587', 'OGBU MIRACLE', 'MAXWELL OGBU', '0013933416', '7470.00', 'ACCESS BANK', 'clientservice@isaluhospitals.com', 3, NULL, 1, 1, 19, 19, '2022-05-17 00:00:00', 1, 1, '2022-05-17 12:54:34', 0, NULL, NULL, 0, 0, 0, 25, 1, NULL, '2022-05-17 00:00:00', '2022-05-17 00:00:00', NULL, NULL, 1, '2022-06-09 10:12:35'),
(50, 'F/9333A', 'LIADI AYOMIDE', 'MOYOSORE LIADI', '0148303864', '6293.00', 'GTBANK', 'clientservice@isaluhospitals.com', 3, NULL, 1, 1, 19, 19, '2022-05-17 00:00:00', 1, 1, '2022-05-17 12:54:43', 0, NULL, NULL, 0, 0, 0, 25, 1, NULL, '2022-05-17 00:00:00', '2022-05-17 00:00:00', NULL, NULL, 1, '2022-06-09 10:12:35'),
(51, 'CL/885C', 'IBRAHIM MICHAEL', 'ADEYEMO OLUWASEUN', '0227931101', '13000.00', 'WEMA BANK', 'clientservice@isaluhospitals.com', 3, NULL, 1, 1, 19, 19, '2022-05-19 00:00:00', 1, 1, '2022-05-19 01:41:07', 0, NULL, NULL, 0, 0, 24, 25, 1, NULL, '2022-05-19 00:00:00', '2022-05-19 00:00:00', NULL, NULL, 1, '2022-06-09 10:12:35'),
(52, 'F/4920E', 'ADEDAPO-AISIDA OLUWAYEMISI', 'YEMISI ODEJAYI', '2007440997', '13000.00', 'ZENITH BANK', 'clientservice@isaluhospitals.com', 3, NULL, 1, 1, 19, 19, '2022-05-17 00:00:00', 1, 1, '2022-05-17 12:54:51', 0, NULL, NULL, 0, 0, 0, 25, 1, NULL, '2022-05-17 00:00:00', '2022-05-17 00:00:00', NULL, NULL, 1, '2022-06-09 10:12:35'),
(53, 'P/1778', 'AGORO ADEREMI H.', 'ADEREMI AGORO', '0157510189', '8672.70', 'GTBANK', 'clientservice@isaluhospitals.com', 3, NULL, 1, 1, 19, 19, '2022-05-17 00:00:00', 1, 1, '2022-05-18 12:52:12', 0, NULL, NULL, 0, 0, 0, 25, 1, NULL, '2022-05-17 00:00:00', '2022-05-17 00:00:00', NULL, NULL, 1, '2022-06-09 10:12:35'),
(54, 'P/7632', 'OSHOBU IMOLEOLUWA', 'OSHOBU OPEYEMI', '0053242010', '3925.00', 'ACCESS BANK', 'clientservice@isaluhospitals.com', 3, NULL, 1, 1, 19, 19, '2022-05-23 02:45:39', 1, 1, '2022-05-24 12:19:15', 0, NULL, NULL, 0, 0, 0, 25, 1, NULL, NULL, NULL, NULL, 47, 1, '2022-06-09 10:12:35'),
(55, 'PHP/88A', 'AKINYEMI JUMOKE', 'KEHINDE OLUWAGBOYEGA OWOLABI', '0779853285', '19601.00', 'ACCESS BANK', 'clientservice@isaluhospitals.com', 3, NULL, 1, 1, 19, 19, '2022-05-24 08:38:02', 1, 1, '2022-05-24 12:19:22', 0, NULL, NULL, 0, 0, 24, 25, 1, NULL, NULL, NULL, NULL, 47, 1, '2022-06-09 10:12:35'),
(56, 'F/10965A', 'ALOHAN BEAUTY IMADE', 'ALOHAN BEAUTY IMADE', '3096328847', '3682.00', 'FIRST BANK', 'clientservice@isaluhospitals.com', 3, NULL, 1, 1, 19, 19, '2022-05-19 00:00:00', 1, 1, '2022-05-19 01:41:39', 0, NULL, NULL, 0, 0, 0, 25, 1, NULL, '2022-05-19 00:00:00', '2022-05-19 00:00:00', NULL, NULL, 1, '2022-06-09 10:12:35'),
(57, 'P/6754', 'AJAYI ELIZABETH', 'AJAYI ELIZABETH', '3002706802', '19882.40', 'FIRST BANK', 'clientservice@isaluhospitals.com', 3, NULL, 1, 1, 19, 19, '2022-05-23 02:48:51', 1, 1, '2022-05-24 12:19:27', 0, NULL, NULL, 0, 0, 0, 25, 1, NULL, NULL, NULL, NULL, 47, 1, '2022-06-09 10:12:35'),
(58, 'MMS/P/302F', 'OWINZEEGBA RAPHAEL', 'RAPHAEL OWINZEEGBA', '2806223020', '8006.00', 'FCMB', 'clientservice@isaluhospitals.com', 3, NULL, 1, 1, 19, 19, '2022-05-24 08:34:46', 1, 1, '2022-05-24 12:19:32', 0, NULL, NULL, 0, 0, 24, 25, 1, NULL, NULL, NULL, NULL, 47, 1, '2022-06-09 10:12:35'),
(59, 'F/9018D', 'ADENIYI -OTUYEMI OLORUNLEKE', 'OTUYEMI ADENIYI', '015936467', '2580.00', 'GTBANK', 'clientservice@isaluhospitals.com', 3, NULL, 1, 1, 19, 19, '2022-05-23 02:55:31', 1, 0, NULL, 0, NULL, NULL, 0, 0, 0, 25, 1, NULL, NULL, NULL, NULL, NULL, 0, '2022-06-09 10:12:35'),
(60, 'F/8046A ', 'OGUNSOLA IDOWU  (08068066769)', 'M. A. OGUNSOLA & SONS LTD', '0018583830', '350000.00', 'ACCESS BANK', 'clientservice@isaluhospitals.com', 3, NULL, 1, 1, 19, 19, '2022-05-24 08:46:59', 1, 1, '2022-05-24 12:19:39', 0, NULL, NULL, 0, 0, 0, 25, 1, NULL, NULL, NULL, NULL, 47, 1, '2022-06-09 10:12:35'),
(61, 'P/7324', 'RALPH-OKORIE CHIOMA', 'OKORIE CHIKODI ESTHER', '3286009010', '5820.00', 'FCMB', 'clientservice@isaluhospitals.com', 3, NULL, 1, 1, 19, 19, '2022-05-23 03:07:07', 1, 1, '2022-05-24 12:19:46', 0, NULL, NULL, 0, 0, 0, 25, 1, NULL, NULL, NULL, NULL, 47, 1, '2022-06-09 10:12:35'),
(62, 'F/5915D', 'OGUNDARE KEHINDE ', 'ABIODUN OGUNDARE', '1583014078', '19700.00', 'ECO BANK', 'clientservice@isaluhospitals.com', 3, NULL, 1, 1, 19, 19, '2022-05-23 03:11:13', 1, 1, '2022-05-24 12:19:51', 0, NULL, NULL, 0, 0, 0, 25, 1, NULL, NULL, NULL, NULL, 47, 1, '2022-06-09 10:12:35'),
(63, 'F/9341A', 'KOLAWOLE AUGUSTINA OLUWATOSIN', 'EGBEBI AUGUSTINA OLUWATOSIN', '3066733558', '60000.00', 'FIRST BANK', 'clientservice@isaluhospitals.com', 3, NULL, 0, 0, NULL, NULL, NULL, 0, 0, NULL, NULL, NULL, NULL, 1, 0, 0, 25, 1, NULL, NULL, NULL, NULL, NULL, 0, '2022-06-09 10:12:35'),
(64, 'F/9341A', 'KOLAWOLE AUGUSTINA OLUWATOSIN', 'EGBEBI AUGUSTINA OLUWATOSIN', '3066733558', '60000.00', 'FIRST BANK', 'clientservice2@isaluhospitals.com', 3, NULL, 1, 1, 19, 19, '2022-05-23 03:18:17', 1, 1, '2022-05-24 12:19:56', 0, NULL, NULL, 0, 0, 0, 25, 1, NULL, NULL, NULL, NULL, 47, 1, '2022-06-09 10:12:35'),
(65, 'MMS/P/302A', 'OWINZEEGBA RAPHAEL EROMOSELE', 'RAPHAEL OWINZEEGBA', '2806223020', '8006.00', 'FCMB', 'clientservice2@isaluhospitals.com', 3, NULL, 0, 0, NULL, NULL, NULL, 1, 0, NULL, 0, NULL, NULL, 1, 0, 24, 25, 1, NULL, NULL, NULL, NULL, NULL, 0, '2022-06-09 10:12:35'),
(66, 'F/9477B', 'WILSONS JASMINE', 'WILSONS OLUSEGUN BISMARCK', '1002620818', '40000.00', 'ZENITH BANK', 'clientservice2@isaluhospitals.com', 3, NULL, 1, 1, 19, 19, '2022-05-25 02:58:03', 1, 1, '2022-05-26 12:02:31', 0, NULL, NULL, 0, 0, 0, 25, 1, NULL, NULL, NULL, NULL, 47, 1, '2022-06-09 10:12:35'),
(67, 'F/7026D', ' NWAGWU CHUKWUKA ( 08134927800)', 'NWAGWU OGECHI BEAUTY', '2911048561', '6580.00', 'ECO BANK', 'clientservice2@isaluhospitals.com', 3, NULL, 1, 1, 19, 19, '2022-05-25 03:10:36', 1, 1, '2022-05-26 12:04:03', 0, NULL, NULL, 0, 0, 0, 25, 1, NULL, NULL, NULL, NULL, 47, 1, '2022-06-09 10:12:35'),
(68, 'MSH/848B', 'AIYEORIBE OLUWADEMILADE DAVID', 'ABIMBOLA AMOO', '0044447408', '9908.00', 'GT BANK', 'clientservice2@isaluhospitals.com', 3, NULL, 0, 0, NULL, NULL, NULL, 1, 0, NULL, 0, NULL, NULL, 1, 0, 24, 41, 1, NULL, NULL, NULL, NULL, NULL, 0, '2022-06-09 10:12:35'),
(69, 'F/8980A', 'COLLINS JASON', 'EBUNOLUWA COLLINS', '0032822905', '14073.00', 'GTBANK', 'clientservice2@isaluhospitals.com', 3, NULL, 1, 1, 19, 19, '2022-05-25 03:12:17', 1, 1, '2022-05-26 12:05:25', 0, NULL, NULL, 0, 0, 0, 25, 1, NULL, NULL, NULL, NULL, 47, 1, '2022-06-09 10:12:35'),
(70, 'F/6866A ]', 'UTIN CECILIA', 'ANIEKAN AUGUSTA OMOLU', '0013720822', '7050.00', 'GT BANK', 'clientservice2@isaluhospitals.com', 3, NULL, 0, 0, 19, NULL, NULL, 1, 0, NULL, 0, NULL, NULL, 0, 0, 0, 25, 1, NULL, NULL, NULL, NULL, NULL, 0, '2022-06-09 10:12:35'),
(71, 'ANC/509A', 'OGUDE NICHOLAS', 'OGUDE CHUKWUYENUM NICHOLAS', '2003046274', '3191.00', 'ZENITH BANK', 'clientservice2@isaluhospitals.com', 3, NULL, 0, 0, NULL, NULL, NULL, 1, 0, NULL, 0, NULL, NULL, 1, 0, 24, 41, 1, NULL, NULL, NULL, NULL, NULL, 0, '2022-06-09 10:12:35'),
(72, 'cl/n/207a', 'PETER ALFRED', 'ALFRED PETER', '9201162624', '29847.00', 'STANBIC IBTC', 'clientservice2@isaluhospitals.com', 3, NULL, 0, 0, 19, NULL, NULL, 0, 0, NULL, 1, 19, 'Amount on e-Claims sysyem did not match with amount raised on e-clinic', 0, 0, 0, 25, 1, '2022-05-27 12:55:03', NULL, NULL, NULL, NULL, 0, '2022-06-09 10:12:35'),
(73, 'cl/n/207a', 'PETER ALFRED', 'ALFRED PETER', '9201162624', '29847.70', 'STANBIC IBTC', 'clientservice2@isaluhospitals.com', 3, NULL, 1, 1, 19, 19, '2022-05-27 12:53:21', 1, 1, '2022-05-27 02:26:12', 0, NULL, NULL, 0, 0, 0, 25, 1, NULL, NULL, NULL, NULL, 47, 1, '2022-06-09 10:12:35'),
(74, 'F/2151A', 'GBADEYAN VICTORIA', 'GBADEYAN VICTORIA FUNMI', '0017498644', '25000.00', 'GTBANK', 'clientservice@isaluhospitals.com', 3, NULL, 0, 0, 19, NULL, NULL, 0, 0, NULL, NULL, NULL, NULL, 0, 0, 0, 25, 1, NULL, NULL, NULL, NULL, NULL, 0, '2022-06-09 10:12:35'),
(75, 'F/9683B', 'MOHAMMED BABY', 'AMINA MOHAMMED ', '0115380025', '7260.00', 'GTBANK', 'clientservice2@isaluhospitals.com', 3, NULL, 1, 1, 19, 19, '2022-05-27 04:31:52', 1, 1, '2022-05-30 12:44:20', 0, NULL, NULL, 0, 0, 0, 25, 1, NULL, NULL, NULL, NULL, 47, 1, '2022-06-09 10:12:35'),
(76, 'F/8782B', 'OMOTUNDE ISAAC', 'OMOTUNDE ABAYOMI OMONIYI', '0037100286', '3447.00', 'GT BANK', 'clientservice2@isaluhospitals.com', 3, NULL, 1, 1, 19, 19, '2022-05-30 12:15:38', 1, 1, '2022-05-30 12:45:50', 0, NULL, NULL, 0, 0, 0, 25, 1, NULL, NULL, NULL, NULL, 47, 1, '2022-06-09 10:12:35'),
(77, 'F/10779B', 'ADEBOBOYE OLABODE', 'DAUDU BELINDA ESHOIZA', '0129636442', '0.00', 'GT BANK', 'clientservice2@isaluhospitals.com', 3, NULL, 0, 0, NULL, NULL, NULL, 1, 0, NULL, 0, NULL, NULL, 1, 0, 0, 25, 1, NULL, NULL, NULL, NULL, NULL, 0, '2022-06-09 10:12:35'),
(78, 'F/10779B', 'ADEBOBOYE OLABODE', 'DAUDU BELINDA ESHOIZA', '0129636442', '59403.00', 'GT BANK', 'clientservice2@isaluhospitals.com', 3, NULL, 1, 1, 19, 19, '2022-05-27 04:29:47', 1, 1, '2022-05-30 12:47:28', 0, NULL, NULL, 0, 0, 0, 25, 1, NULL, NULL, NULL, NULL, 47, 1, '2022-06-09 10:12:35'),
(79, 'F/3899B', 'OGUNSOLU BUKOLA', 'OGUNSOLU FEYI', '0008189029', '10000.00', 'STANBIC IBTC', 'clientservice2@isaluhospitals.com', 3, NULL, 0, 0, NULL, NULL, NULL, 1, 0, NULL, 0, NULL, NULL, 1, 0, 0, 25, 1, NULL, NULL, NULL, NULL, NULL, 0, '2022-06-09 10:12:35'),
(80, 'F/8028E ', 'AKANIMODO TOLU', 'OGUNDAIRO FIKAYO', '9202360173', '64470.00', 'STANBIC IBTC', 'clientservice2@isaluhospitals.com', 3, NULL, 0, 0, 19, NULL, NULL, 0, 0, NULL, 1, 19, 'WRONG AMOUNT', 0, 0, 0, 25, 1, '2022-06-06 06:11:14', NULL, NULL, NULL, NULL, 0, '2022-06-09 10:12:35'),
(81, 'F/8400C', 'OKPEH LEONARDO', 'IDOKO MARY ENE', '2079602912', '19920.00', 'UBA', 'clientservice2@isaluhospitals.com', 3, NULL, 1, 1, 19, 19, '2022-05-30 10:55:26', 1, 1, '2022-05-30 12:49:23', 0, NULL, NULL, 0, 0, 0, 25, 1, NULL, NULL, NULL, NULL, 47, 1, '2022-06-09 10:12:35'),
(82, 'F/7977B ', 'OLUKUNLE OLUBUNMI VICTORIA', 'OLUKUNLE OLUBUNMI', '0248904635', '20163.00', 'GT BANK', 'clientservice2@isaluhospitals.com', 3, NULL, 1, 1, 19, 19, '2022-05-30 10:48:41', 1, 1, '2022-05-30 01:01:23', 0, NULL, NULL, 0, 0, 0, 25, 1, NULL, NULL, NULL, NULL, 47, 1, '2022-06-09 10:12:35'),
(83, 'RH/800B ', 'AKANBI AYOOLA ', 'AYOMIDE AKANBI ', '1241001402', '26250.00', 'ECO BANK', 'clientservice2@isaluhospitals.com', 3, NULL, 0, 0, NULL, NULL, NULL, 1, 0, NULL, 0, NULL, NULL, 1, 0, 24, 41, 1, NULL, NULL, NULL, NULL, NULL, 0, '2022-06-09 10:12:35'),
(84, 'HG/4466A', 'INYANG OMOLARA', 'AKINBIYI OMOLARA', '6035662031', '5000.00', 'KEYSTONE', 'clientservice2@isaluhospitals.com', 3, NULL, 0, 0, NULL, NULL, NULL, 1, 0, NULL, 0, NULL, NULL, 1, 0, 24, 41, 1, NULL, NULL, NULL, NULL, NULL, 0, '2022-06-09 10:12:35'),
(85, 'RH/800B', 'AKANBI AYOOLA', 'AYOMIDE AKANBI', '1241001402', '71250.00', 'ECO BANK', 'clientservice2@isaluhospitals.com', 3, NULL, 0, 0, NULL, NULL, NULL, 1, 0, NULL, 0, NULL, NULL, 1, 0, 24, 41, 1, NULL, NULL, NULL, NULL, NULL, 0, '2022-06-09 10:12:35'),
(86, 'F/5481A ]', 'OYETUNDE TUMININU', 'OYETUNDE TUMININU', '0824189950', '5000.00', 'ACCESS BANK', 'clientservice2@isaluhospitals.com', 3, NULL, 1, 1, 19, 19, '2022-05-31 12:52:25', 1, 1, '2022-06-01 12:43:47', 0, NULL, NULL, 0, 0, 0, 25, 1, NULL, NULL, NULL, NULL, 47, 1, '2022-06-09 10:12:35'),
(87, 'MSH/3307A', 'UNAMAH JAMES SYLVESTER', 'UNAMAH JAMES SYLVESTER', '2040392802', '0.00', 'FIRST BANK', 'clientservice2@isaluhospitals.com', 3, NULL, 0, 0, NULL, NULL, NULL, 0, 0, NULL, NULL, NULL, NULL, 1, 0, 24, 41, 1, NULL, NULL, NULL, NULL, NULL, 0, '2022-06-09 10:12:35'),
(88, 'MSH/3307A ', 'UNAMAH JAMES SYLVESTER', 'UNAMAH JAMES SYLVESTER', '2040392802', '900.00', 'FIRST BANK', 'clientservice2@isaluhospitals.com', 3, NULL, 0, 0, NULL, NULL, NULL, 1, 0, NULL, 0, NULL, NULL, 1, 0, 24, 41, 1, NULL, NULL, NULL, NULL, NULL, 0, '2022-06-09 10:12:35'),
(89, 'F/471A', 'FOLORUNSHO IBIRONKE', 'FOLORUNSHO IBIRONKE', '1003993931', '37336.30', 'ZENITH BANK', 'clientservice2@isaluhospitals.com', 3, NULL, 1, 1, 19, 19, '2022-06-01 01:19:55', 1, 1, '2022-06-02 11:44:27', 0, NULL, NULL, 0, 0, 0, 25, 1, NULL, NULL, NULL, NULL, 47, 1, '2022-06-09 10:12:35'),
(90, 'F/5581', 'ADU ADEOLA', 'ADU ADEMOLA&ADU OLUWAKEMI', '3113997647', '15000.00', 'FIRST BANK', 'clientservice2@isaluhospitals.com', 3, NULL, 1, 1, 19, 19, '2022-06-06 09:55:40', 1, 1, '2022-06-06 10:47:28', 0, NULL, NULL, 0, 0, 0, 25, 1, NULL, NULL, NULL, NULL, 47, 1, '2022-06-09 10:12:35'),
(91, 'F/7559B', 'ADAMS FEJIRO', 'ABOLANLE ADAMS-OTOMENA', '6000142177', '8000.00', 'KEYSTONE', 'clientservice2@isaluhospitals.com', 3, NULL, 1, 1, 19, 19, '2022-06-06 10:01:05', 1, 1, '2022-06-06 10:47:44', 0, NULL, NULL, 0, 0, 0, 25, 1, NULL, NULL, NULL, NULL, 47, 1, '2022-06-09 10:12:35'),
(92, 'P/5556', 'SONUGA OLUWATOYOSI', 'SONUGA TOYOSI', '0050423711', '23500.00', 'GTBANK', 'clientservice2@isaluhospitals.com', 3, NULL, 1, 1, 19, 19, '2022-06-06 10:03:50', 1, 1, '2022-06-06 10:47:54', 0, NULL, NULL, 0, 0, 0, 25, 1, NULL, NULL, NULL, NULL, 47, 1, '2022-06-09 10:12:35'),
(93, 'P/5556', 'SONUGA OLUWATOYOSI', 'SONUGA TOYOSI', '0050423711', '5600.00', 'GTBANK', 'clientservice2@isaluhospitals.com', 3, NULL, 1, 1, 19, 19, '2022-06-06 10:07:51', 1, 1, '2022-06-06 10:48:07', 0, NULL, NULL, 0, 0, 0, 25, 1, NULL, NULL, NULL, NULL, 47, 1, '2022-06-09 10:12:35'),
(94, 'P/5558', 'PONFA BLESSING', 'ALANI GABRIEL', '3041076203', '11900.00', 'FIRST BANK', 'clientservice2@isaluhospitals.com', 3, NULL, 1, 1, 19, 19, '2022-06-07 09:20:15', 1, 1, '2022-06-07 11:47:23', 0, NULL, NULL, 0, 0, 0, 25, 1, NULL, NULL, NULL, NULL, 47, 1, '2022-06-09 10:12:35'),
(96, 'P/5557', 'ONAH JANET', 'TOM BLESSING OGBENA', '0153342609', '45150.00', 'GTBANK', 'clientservice2@isaluhospitals.com', 3, NULL, 1, 1, 19, 19, '2022-06-06 05:29:04', 1, 1, '2022-06-07 11:48:49', 0, NULL, NULL, 0, 0, 0, 25, 1, NULL, NULL, NULL, NULL, 47, 1, '2022-06-09 10:12:35'),
(97, 'HM/26E', 'CHUKWUJI ADAEZE', 'CHINEDU CHUKWUJI', '2153420951', '60000.00', 'UBA', 'clientservice2@isaluhospitals.com', 3, NULL, 1, 1, 19, 19, '2022-06-08 12:02:08', 1, 0, NULL, 0, NULL, NULL, 0, 0, 24, 25, 1, NULL, NULL, NULL, NULL, NULL, 0, '2022-06-09 10:12:35'),
(98, 'F/6850A', 'DISU ADEBAYO', 'DISU AYOOLA', '0210411842', '60700.00', 'GTBANK', 'clientservice2@isaluhospitals.com', 3, NULL, 0, 0, 19, NULL, NULL, 0, 0, NULL, 1, 19, 'Amount on e-Claims sysyem did not correspond with amount raised on e-clinic', 0, 0, 0, 25, 1, '2022-06-08 12:08:12', NULL, NULL, NULL, NULL, 0, '2022-06-09 10:12:35'),
(100, 'LH/81B', 'ADEDIRAN OLUWAFEMI', 'ADEDIRAN ABIMBOLA', '0119271680', '6500.00', 'GTBANK', 'clientservice2@isaluhospitals.com', 3, NULL, 0, 0, NULL, NULL, NULL, 1, 0, NULL, 0, NULL, NULL, 1, 0, 24, 41, 1, NULL, NULL, NULL, NULL, NULL, 0, '2022-06-09 10:12:35'),
(101, 'AH/195B', 'ODIAKA BABY', 'SUNDAY ODIAKA', '0534536199', '40000.00', 'GTBANK', 'clientservice2@isaluhospitals.com', 3, NULL, 1, 1, 19, 19, '2022-06-08 12:12:11', 1, 0, NULL, 0, NULL, NULL, 0, 0, 24, 25, 1, NULL, NULL, NULL, NULL, NULL, 0, '2022-06-09 10:12:35'),
(102, 'F/6850A', 'DISU ADEBAYO', 'DISU AYOOLA', '0210411842', '42400.00', 'GTBANK', 'clientservice2@isaluhospitals.com', 3, NULL, 1, 1, 19, 19, '2022-06-06 02:32:39', 1, 1, '2022-06-07 11:50:00', 0, NULL, NULL, 0, 0, 0, 25, 1, NULL, NULL, NULL, NULL, 47, 1, '2022-06-09 10:12:35'),
(103, 'RH/800B', 'AKANBI AYOOLA', 'AYOMIDE AKANBI', '1241001402', '26250.00', 'ECO BANK', 'clientservice2@isaluhospitals.com', 3, NULL, 0, 0, NULL, NULL, NULL, 1, 0, NULL, 0, NULL, NULL, 1, 0, 24, 41, 1, NULL, NULL, NULL, NULL, NULL, 0, '2022-06-09 10:12:35'),
(104, 'F/9366A', 'ABDULSALAM KHAOLAT ', 'ABDULSALAM KHAOLAT', '0110905367', '3600.00', 'GTBANK', 'clientservice2@isaluhospitals.com', 3, NULL, 0, 0, NULL, NULL, NULL, 0, 0, NULL, NULL, NULL, NULL, 1, 0, 0, 25, 1, NULL, NULL, NULL, NULL, NULL, 0, '2022-06-09 10:12:35'),
(105, 'F/8028E', 'AKANIMODO TOLU .', 'OGUNDAIRO FIKAYO', '9202360173', '47480.00', 'STANBIC IBTC', 'clientservice2@isaluhospitals.com', 3, NULL, 1, 1, 19, 19, '2022-06-06 06:12:27', 1, 1, '2022-06-07 11:52:21', 0, NULL, NULL, 0, 0, 0, 25, 1, NULL, NULL, NULL, NULL, 47, 1, '2022-06-09 10:12:35'),
(106, ' MSH/3738A ', 'AKUBO CELESTINE', 'AKUBO CELESTINE', '6172411744', '6153.00', 'FIDELITY BANK', 'clientservice2@isaluhospitals.com', 3, NULL, 0, 0, NULL, NULL, NULL, 1, 0, NULL, 0, NULL, NULL, 1, 0, 24, 41, 1, NULL, NULL, NULL, NULL, NULL, 0, '2022-06-09 10:12:35'),
(107, 'ANC/509A', 'OGUDE NICHOLAS', 'OGUDE CHUKWUYENUM NICHOLAS', '2003046274', '3191.00', 'ZENITH BANK', 'clientservice2@isaluhospitals.com', 3, NULL, 0, 0, NULL, NULL, NULL, 1, 0, NULL, 0, NULL, NULL, 1, 0, 24, 41, 1, NULL, NULL, NULL, NULL, NULL, 0, '2022-06-09 10:12:35'),
(108, 'F/9673A', 'ONYEJI AMAKA', 'AMAKA ILOABANAFO', '3031837711', '86000.00', 'FIRST BANK', 'clientservice2@isaluhospitals.com', 3, NULL, 0, 0, 19, NULL, NULL, 1, 0, NULL, 0, NULL, NULL, 0, 0, 0, 25, 1, NULL, NULL, NULL, NULL, NULL, 0, '2022-06-09 10:12:35'),
(109, 'P/5568 ', ' OLA-BAKARE SABIC', 'BALOGUN MORIYU', '2003831430', '2895.00', 'FIRST BANK', 'clientservice2@isaluhospitals.com', 3, NULL, 0, 0, 19, NULL, NULL, 1, 0, NULL, 0, NULL, NULL, 0, 0, 0, 25, 1, NULL, NULL, NULL, NULL, NULL, 0, '2022-06-09 10:12:35'),
(110, 'F/10427A', 'PHILIP REBECCA', 'AQUAOWO IMEH', '0014780663', '348000.00', 'GTBANK', 'clientservice2@isaluhospitals.com', 3, NULL, 1, 1, 19, 19, '2022-06-09 09:56:43', 1, 0, NULL, 0, NULL, NULL, 0, 0, 0, 25, 1, NULL, NULL, NULL, NULL, NULL, 0, '2022-06-09 10:12:35'),
(111, 'RC/369B', 'ODEYEMI ZION AYANFEOLUWA', 'AROMOLARAN BLESSING', '1022067790', '6020.00', 'UBA', 'clientservice2@isaluhospitals.com', 3, NULL, 0, 0, NULL, NULL, NULL, 1, 0, NULL, 0, NULL, NULL, 0, 1, 24, 0, 0, NULL, NULL, NULL, NULL, NULL, 0, '2022-06-09 10:12:35'),
(112, 'IHL/test', 'Alade Temitope', 'Test', 'Cash', '5000.00', 'First bank', 'audit@isaluhospitals.com', 7, NULL, 1, 1, 19, 19, '2022-07-03 11:55:57', 1, 0, NULL, 0, NULL, NULL, 0, 0, 0, 25, 1, NULL, NULL, NULL, NULL, NULL, 0, '2022-07-03 10:54:20'),
(113, 'IHL/593', 'Adepoju Babatunde', 'Test', 'Cash', '3000.00', 'First bank', 'audit@isaluhospitals.com', 7, NULL, 1, 1, 19, 19, '2022-07-03 12:16:16', 1, 0, NULL, 0, NULL, NULL, 0, 0, 0, 25, 1, NULL, '2022-07-03 12:16:16', NULL, NULL, NULL, 0, '2022-07-03 11:14:43');

-- --------------------------------------------------------

--
-- Table structure for table `requisition_detail`
--

CREATE TABLE `requisition_detail` (
  `reqdetailid` int(11) NOT NULL,
  `reqnumber` int(11) NOT NULL,
  `itemid` int(11) NOT NULL,
  `Description` varchar(255) DEFAULT NULL,
  `qty` float NOT NULL,
  `uom` varchar(11) NOT NULL,
  `price` decimal(19,4) NOT NULL DEFAULT 0.0000
) ENGINE=InnoDB DEFAULT CHARSET=latin1;

--
-- Dumping data for table `requisition_detail`
--

INSERT INTO `requisition_detail` (`reqdetailid`, `reqnumber`, `itemid`, `Description`, `qty`, `uom`, `price`) VALUES
(65, 69, 98, NULL, 20, 'roll', '49000.0000'),
(66, 69, 101, NULL, 20, 'roll', '18000.0000'),
(67, 70, 103, NULL, 6, 'Pcs', '0.0000'),
(68, 70, 113, NULL, 6, 'Pcs', '0.0000'),
(69, 70, 151, NULL, 2, 'realm', '0.0000'),
(70, 70, 232, NULL, 3, 'Pcs', '0.0000'),
(71, 69, 106, NULL, 20, 'Pcs', '7000.0000'),
(72, 69, 103, NULL, 100, 'Pcs', '2800.0000'),
(73, 69, 110, NULL, 9, 'Pcs', '12600.0000'),
(74, 69, 113, NULL, 100, 'Pcs', '2500.0000'),
(75, 69, 120, NULL, 12, 'Pcs', '1200.0000'),
(76, 69, 121, NULL, 24, 'Pcs', '1200.0000'),
(77, 69, 126, NULL, 10, 'Pcs', '3600.0000'),
(78, 69, 151, NULL, 60, 'realm', '132000.0000'),
(79, 72, 151, NULL, 2, 'realm', '4400.0000'),
(80, 72, 120, NULL, 2, 'Pcs', '200.0000'),
(82, 85, 249, NULL, 6, 'Pcs', '235000.0000'),
(83, 88, 250, NULL, 60, 'realm', '2200.0000'),
(84, 88, 251, NULL, 10, 'Pcs', '360.0000'),
(85, 88, 252, NULL, 3, 'Pcs', '1900.0000'),
(86, 88, 253, NULL, 24, 'Pcs', '183.3300'),
(87, 88, 254, NULL, 1, 'Pcs', '2500.0000'),
(88, 88, 255, NULL, 100, 'Pcs', '25.0000'),
(89, 88, 256, NULL, 9, 'Pcs', '1400.0000'),
(90, 88, 257, NULL, 14, 'Pcs', '1000.0000'),
(91, 88, 258, NULL, 24, 'pack', '291.6600'),
(92, 88, 259, NULL, 24, 'Pcs', '50.0000'),
(93, 88, 260, NULL, 2, 'Pcs', '1200.0000'),
(94, 88, 261, NULL, 1, 'Pcs', '1800.0000'),
(95, 88, 262, NULL, 12, 'Pcs', '500.0000'),
(96, 88, 263, NULL, 12, 'Pcs', '100.0000'),
(97, 88, 264, NULL, 6, 'Pcs', '100.0000'),
(98, 89, 287, NULL, 2, 'Pcs', '25000.0000'),
(99, 88, 265, NULL, 100, 'Pcs', '28.0000'),
(100, 88, 266, NULL, 36, 'Pcs', '513.8800'),
(101, 88, 267, NULL, 20, 'roll', '900.0000'),
(102, 88, 268, NULL, 20, 'roll', '2450.0000'),
(103, 88, 269, NULL, 7, 'pack', '700.0000'),
(104, 88, 270, NULL, 2, 'Pcs', '1500.0000'),
(105, 91, 271, NULL, 16, 'bag', '2375.0000'),
(107, 91, 272, NULL, 6, 'keg', '7500.0000'),
(108, 91, 273, NULL, 10, 'keg', '6500.0000'),
(109, 91, 274, NULL, 4, 'bag', '6500.0000'),
(110, 91, 275, NULL, 288, 'Pcs', '168.0600'),
(111, 91, 276, NULL, 4, 'carton ', '12500.0000'),
(112, 91, 277, NULL, 600, 'Pcs', '350.0000'),
(113, 91, 278, NULL, 600, 'Pcs', '341.6600'),
(114, 91, 279, NULL, 288, 'Pcs', '69.4500'),
(115, 91, 280, NULL, 24, 'Pcs', '475.0000'),
(116, 91, 281, NULL, 10, 'pack', '480.0000'),
(117, 91, 282, NULL, 15, 'roll', '533.3300'),
(118, 91, 283, NULL, 288, 'Pcs', '52.0800'),
(119, 91, 284, NULL, 288, 'Pcs', '29.1600'),
(120, 91, 285, NULL, 60, 'Pcs', '700.0000'),
(121, 91, 286, NULL, 4, 'carton ', '9300.0000'),
(123, 95, 249, NULL, 6, 'Pcs', '1410000.0000'),
(124, 96, 249, NULL, 6, 'Pcs', '235000.0000'),
(125, 98, 249, NULL, 6, 'Pcs', '1410000.0000'),
(126, 105, 231, NULL, 2, 'Pcs', '0.0000'),
(127, 105, 107, NULL, 1, 'pack', '0.0000'),
(128, 105, 151, NULL, 5, 'realm', '0.0000'),
(129, 120, 293, NULL, 1, 'Pcs', '20000.0000'),
(130, 120, 294, NULL, 1, 'Pcs', '1500.0000'),
(131, 122, 295, NULL, 1, 'Pcs', '0.0000'),
(132, 125, 296, NULL, 1, 'installatio', '24527.0000'),
(133, 127, 309, NULL, 1, 'monthly', '0.0000'),
(134, 128, 309, NULL, 1, 'monthly', '0.0000'),
(135, 129, 151, NULL, 1, 'realm', '0.0000'),
(136, 129, 233, NULL, 1, 'Pcs', '0.0000'),
(137, 130, 310, NULL, 7000, 'liters', '635.0000'),
(138, 132, 151, NULL, 1, 'realm', '0.0000'),
(139, 132, 107, NULL, 1, 'pack', '0.0000'),
(140, 132, 242, NULL, 1, 'Pcs', '0.0000'),
(141, 133, 296, NULL, -1, 'installatio', '0.0000'),
(142, 135, 311, NULL, 4, 'monthly', '1000.0000'),
(143, 138, 151, NULL, 15, 'realm', '0.0000'),
(144, 136, 314, NULL, 5, 'bag', '5900.0000'),
(145, 136, 315, NULL, 5, 'Pcs', '4200.0000'),
(146, 139, 317, NULL, 1, '1CAR', '70000.0000'),
(152, 143, 296, NULL, 1, 'installatio', '103305.0000'),
(156, 145, 160, NULL, 2, 'Pcs', '0.0000'),
(157, 146, 320, NULL, 1, 'tonnes', '68000.0000'),
(158, 147, 296, NULL, 1, 'installatio', '300000.0000'),
(159, 148, 296, NULL, 1, 'installatio', '100000.0000'),
(161, 150, 151, NULL, 1, 'realm', '0.0000'),
(162, 150, 143, NULL, 1, 'Pcs', '0.0000'),
(163, 154, 143, NULL, 3, 'Pcs', '0.0000'),
(164, 156, 324, NULL, 1, 'Pcs', '50000.0000'),
(165, 158, 160, NULL, 4, 'Pcs', '0.0000'),
(166, 161, 310, NULL, 7000, 'liters', '635.0000'),
(167, 163, 310, NULL, 7000, 'liters', '0.0000'),
(168, 164, 310, NULL, 7000, 'liters', '635.0000'),
(169, 155, 384, NULL, 3, 'pack', '0.0000'),
(170, 155, 110, NULL, 2, 'Pcs', '0.0000'),
(171, 155, 382, NULL, 2, 'pack', '0.0000'),
(172, 155, 381, NULL, 2, 'pack', '0.0000'),
(173, 165, 277, NULL, 600, 'Pcs', '180.0000'),
(174, 165, 278, NULL, 600, 'Pcs', '40.0000'),
(175, 166, 307, NULL, 5, 'pack', '6400.0000'),
(176, 168, 397, NULL, 65, 'Pcs', '320.0000'),
(177, 168, 398, NULL, 130, 'Pcs', '80.0000'),
(178, 169, 324, NULL, 1, 'Pcs', '50000.0000'),
(179, 170, 417, NULL, 20, 'Pcs', '900.0000'),
(180, 173, 437, NULL, 6, 'sachet', '200.0000'),
(181, 173, 438, NULL, 5, 'loaf', '450.0000'),
(182, 174, 324, NULL, 1, 'Pcs', '50000.0000'),
(184, 176, 256, NULL, 1, 'Pcs', '0.0000'),
(185, 177, 441, NULL, 17, 'Pcs', '250.0000'),
(186, 177, 472, NULL, 100, 'pack', '250.0000'),
(187, 177, 473, NULL, 2, 'Pcs', '22000.0000'),
(188, 181, 495, NULL, 1, 'Pcs', '4980000.0000'),
(189, 186, 232, NULL, 1, 'Pcs', '0.0000'),
(190, 188, 160, NULL, 4, 'Pcs', '0.0000'),
(191, 193, 98, NULL, 2, 'roll', '0.0000'),
(192, 193, 151, NULL, 5, 'realm', '0.0000'),
(193, 194, 504, NULL, 1, 'kg', '1000.0000'),
(194, 194, 503, NULL, 3, 'Pcs', '50.0000'),
(195, 194, 505, NULL, 1, 'Pcs', '200.0000'),
(196, 194, 506, NULL, 4, 'PORTION', '200.0000'),
(197, 196, 143, NULL, 3, 'Pcs', '0.0000'),
(198, 196, 126, NULL, 4, 'Pcs', '0.0000'),
(199, 196, 289, NULL, 3, 'Pcs', '0.0000'),
(200, 197, 314, NULL, 5, 'bag', '5900.0000'),
(201, 197, 315, NULL, 5, 'Pcs', '4200.0000'),
(204, 200, 127, NULL, 9, 'Pcs', '0.0000'),
(206, 201, 526, NULL, 2, 'Pcs', '28500.0000'),
(207, 202, 527, NULL, 3, 'Pcs', '5000.0000'),
(209, 210, 536, NULL, 2, 'pack', '2500.0000'),
(210, 210, 538, NULL, 1, 'PORTION', '500.0000'),
(211, 210, 537, NULL, 2, 'pack', '300.0000'),
(212, 211, 538, NULL, 1, 'PORTION', '500.0000'),
(213, 212, 497, NULL, 1, 'Pcs', '68750.0000'),
(214, 213, 497, NULL, 1, 'Pcs', '500000.0000'),
(216, 182, 318, NULL, 1, 'Pcs', '0.0000'),
(217, 214, 143, NULL, 2, 'Pcs', '0.0000'),
(218, 214, 151, NULL, 1, 'realm', '0.0000'),
(219, 214, 231, NULL, 2, 'Pcs', '0.0000'),
(220, 214, 211, NULL, 20, 'Pcs', '0.0000'),
(221, 214, 240, NULL, 2, 'Pcs', '0.0000'),
(222, 214, 318, NULL, 50, 'Pcs', '0.0000'),
(223, 214, 539, NULL, 1, 'keg', '0.0000'),
(224, 218, 540, NULL, 15, 'gallon', '23000.0000'),
(225, 218, 541, NULL, 10, 'gallon', '23000.0000'),
(226, 218, 542, NULL, 10, 'gallon', '23000.0000'),
(227, 218, 543, NULL, 2, 'gallon', '7500.0000'),
(228, 218, 544, NULL, 4, 'bundle', '3500.0000'),
(229, 218, 545, NULL, 10, 'gallon', '8000.0000'),
(230, 218, 546, NULL, 5, 'gallon', '8000.0000'),
(231, 218, 547, NULL, 5, 'gallon', '8000.0000'),
(232, 218, 548, NULL, 4, 'gallon', '8000.0000'),
(233, 218, 549, NULL, 1, 'carton', '4000.0000'),
(234, 218, 550, NULL, 5, 'keg', '2500.0000'),
(235, 218, 551, NULL, 20, 'yards', '250.0000'),
(236, 220, 277, NULL, 600, 'Pcs', '180.0000'),
(237, 220, 278, NULL, 600, 'Pcs', '40.0000'),
(238, 223, 535, NULL, 300, 'Pcs', '0.0000'),
(239, 223, 510, NULL, 3, 'Pcs', '0.0000'),
(240, 223, 215, NULL, 3, 'Pcs', '0.0000'),
(241, 223, 143, NULL, 3, 'Pcs', '0.0000'),
(242, 226, 98, NULL, 3, 'roll', '0.0000'),
(243, 226, 107, NULL, 1, 'pack', '0.0000'),
(244, 226, 101, NULL, 3, 'roll', '0.0000'),
(245, 226, 103, NULL, 3, 'Pcs', '0.0000'),
(246, 227, 683, NULL, 3, 'pack', '0.0000'),
(247, 228, 497, NULL, 6, 'Pcs', '330000.0000'),
(251, 230, 683, NULL, 4, 'pack', '0.0000'),
(252, 232, 498, NULL, 200, 'Pcs', '4000.0000'),
(253, 233, 310, NULL, 5000, 'liters', '0.0000'),
(254, 235, 98, NULL, 3, 'roll', '0.0000'),
(255, 235, 101, NULL, 3, 'roll', '0.0000'),
(256, 235, 231, NULL, 2, 'Pcs', '0.0000'),
(257, 235, 107, NULL, 1, 'pack', '0.0000'),
(258, 236, 229, NULL, 4, 'Pcs', '0.0000'),
(259, 237, 351, NULL, 5, 'pack', '0.0000'),
(260, 237, 344, NULL, 1, 'pack', '0.0000'),
(261, 237, 362, NULL, 4, 'pack', '0.0000'),
(262, 238, 151, NULL, 1, 'realm', '0.0000'),
(263, 238, 380, NULL, 2, 'pack', '0.0000'),
(264, 238, 231, NULL, 4, 'Pcs', '0.0000'),
(265, 238, 106, NULL, 2, 'Pcs', '0.0000'),
(266, 238, 114, NULL, 3, 'Pcs', '0.0000'),
(267, 239, 526, NULL, 4, 'Pcs', '6500.0000'),
(268, 240, 431, NULL, 1, 'carton', '0.0000'),
(270, 240, 339, NULL, 30, 'pack', '0.0000'),
(271, 240, 436, NULL, 5, 'roll', '0.0000'),
(272, 241, 261, NULL, 1, 'Pcs', '0.0000'),
(273, 243, 351, NULL, 5, 'pack', '0.0000'),
(274, 243, 362, NULL, 4, 'pack', '0.0000'),
(275, 242, 211, NULL, 50, 'Pcs', '0.0000'),
(276, 242, 318, NULL, 50, 'Pcs', '0.0000'),
(277, 244, 221, NULL, 1, 'Pcs', '0.0000'),
(279, 244, 285, NULL, 24, 'Pcs', '0.0000'),
(280, 244, 209, NULL, 50, 'Pcs', '0.0000'),
(281, 246, 344, NULL, 1, 'pack', '0.0000'),
(284, 248, 506, NULL, 4, 'PORTION', '0.0000'),
(285, 248, 684, NULL, 500, 'other', '0.0000'),
(286, 248, 685, NULL, 500, 'other', '0.0000'),
(287, 249, 412, NULL, 1, 'carton', '0.0000'),
(288, 249, 124, NULL, 4, 'Pcs', '0.0000'),
(289, 250, 103, NULL, 6, 'Pcs', '0.0000'),
(290, 250, 106, NULL, 2, 'Pcs', '0.0000'),
(291, 252, 318, NULL, 1, 'Pcs', '0.0000'),
(292, 253, 318, NULL, 50, 'Pcs', '0.0000'),
(293, 257, 98, NULL, 2, 'roll', '0.0000'),
(294, 257, 151, NULL, 5, 'realm', '0.0000'),
(295, 257, 110, NULL, 1, 'Pcs', '0.0000'),
(296, 257, 231, NULL, 2, 'Pcs', '0.0000'),
(297, 258, 412, NULL, 1, 'carton', '0.0000'),
(298, 258, 337, NULL, 1, 'carton', '0.0000'),
(299, 258, 338, NULL, 1, 'carton', '0.0000'),
(300, 258, 429, NULL, 2, 'carton', '0.0000'),
(301, 258, 436, NULL, 10, 'roll', '0.0000'),
(302, 258, 423, NULL, 4, 'Pcs', '0.0000'),
(303, 258, 426, NULL, 4, 'pack', '0.0000'),
(304, 258, 413, NULL, 2, 'bottle', '0.0000'),
(305, 258, 351, NULL, 3, 'pack', '0.0000'),
(306, 258, 414, NULL, 2, 'bottle', '0.0000'),
(307, 258, 362, NULL, 4, 'pack', '0.0000'),
(308, 258, 343, NULL, 2, 'pack', '0.0000'),
(309, 258, 392, NULL, 3, 'pack', '0.0000'),
(310, 258, 399, NULL, 3, 'pack', '0.0000'),
(311, 258, 344, NULL, 3, 'pack', '0.0000'),
(312, 259, 325, NULL, 1, 'bottle', '0.0000'),
(313, 260, 122, NULL, 48, 'Pcs', '0.0000'),
(314, 260, 125, NULL, 48, 'Pcs', '0.0000'),
(315, 260, 111, NULL, 48, 'pack', '0.0000'),
(316, 260, 108, NULL, 48, 'pack', '0.0000'),
(317, 260, 123, NULL, 48, 'Pcs', '0.0000'),
(318, 260, 149, NULL, 2, 'bag', '0.0000'),
(319, 260, 119, NULL, 6, 'Pcs', '0.0000'),
(320, 260, 690, NULL, 2, 'Pcs', '0.0000'),
(321, 260, 128, NULL, 1, 'bag', '0.0000'),
(322, 260, 145, NULL, 2, 'Pcs', '0.0000'),
(323, 260, 691, NULL, 48, 'Pcs', '0.0000'),
(324, 264, 295, NULL, 3, 'Pcs', '0.0000'),
(325, 264, 267, NULL, 3, 'roll', '0.0000'),
(326, 266, 692, NULL, 1, 'Pcs', '0.0000'),
(327, 272, 352, NULL, 1, 'pack', '0.0000'),
(328, 272, 351, NULL, 5, 'pack', '0.0000'),
(329, 273, 127, NULL, 1, 'Pcs', '0.0000'),
(330, 272, 402, NULL, 1, 'pack', '0.0000'),
(331, 272, 423, NULL, 10, 'pack', '0.0000'),
(332, 272, 431, NULL, 1, 'carton', '0.0000'),
(333, 272, 340, NULL, 2, 'carton ', '0.0000'),
(334, 272, 337, NULL, 1, 'carton', '0.0000'),
(335, 274, 344, NULL, 2, 'pack', '0.0000'),
(336, 274, 336, NULL, 4, 'pack', '0.0000'),
(337, 275, 151, NULL, 2, 'realm', '0.0000'),
(338, 275, 120, NULL, 2, 'Pcs', '0.0000'),
(339, 275, 231, NULL, 2, 'Pcs', '0.0000'),
(340, 276, 423, NULL, 10, 'pack', '0.0000'),
(341, 276, 402, NULL, 1, 'pack', '0.0000'),
(342, 276, 344, NULL, 2, 'pack', '0.0000'),
(343, 276, 336, NULL, 4, 'pack', '0.0000'),
(344, 276, 362, NULL, 2, 'pack', '0.0000'),
(345, 276, 340, NULL, 2, 'pack', '0.0000'),
(346, 276, 431, NULL, 1, 'carton', '0.0000'),
(347, 276, 337, NULL, 1, 'carton', '0.0000'),
(348, 277, 151, NULL, 5, 'realm', '0.0000'),
(349, 277, 231, NULL, 2, 'Pcs', '0.0000'),
(350, 278, 98, NULL, 5, 'roll', '0.0000'),
(351, 279, 223, NULL, 1, 'Pcs', '0.0000'),
(352, 281, 685, NULL, 500, 'other', '0.0000'),
(353, 282, 685, NULL, 500, 'other', '0.0000'),
(354, 283, 685, NULL, 500, 'other', '500.0000'),
(355, 283, 438, NULL, 1, 'loaf', '500.0000'),
(356, 283, 506, NULL, 2, 'PORTION', '400.0000'),
(357, 288, 151, NULL, 3, 'realm', '0.0000'),
(358, 288, 231, NULL, 2, 'Pcs', '0.0000'),
(359, 290, 250, NULL, 2, 'realm', '0.0000'),
(360, 290, 261, NULL, 2, 'Pcs', '0.0000'),
(361, 290, 265, NULL, 6, 'Pcs', '0.0000'),
(362, 290, 266, NULL, 1, 'Pcs', '0.0000'),
(363, 294, 693, NULL, 10, 'Pcs', '85000.0000'),
(364, 295, 499, NULL, 4, 'Pcs', '152000.0000'),
(365, 298, 106, NULL, 4, 'Pcs', '0.0000'),
(366, 298, 151, NULL, 25, 'realm', '0.0000'),
(367, 298, 241, NULL, 1, 'pack', '0.0000'),
(368, 298, 231, NULL, 16, 'Pcs', '0.0000'),
(369, 302, 340, NULL, 1, 'carton ', '0.0000'),
(370, 302, 436, NULL, 4, 'roll', '0.0000'),
(371, 302, 344, NULL, 2, 'pack', '0.0000'),
(372, 302, 402, NULL, 1, 'pack', '0.0000'),
(373, 302, 124, NULL, 4, 'Pcs', '0.0000'),
(374, 302, 231, NULL, 5, 'Pcs', '0.0000'),
(375, 302, 151, NULL, 2, 'realm', '0.0000'),
(376, 302, 412, NULL, 1, 'carton', '0.0000'),
(377, 303, 691, NULL, 48, 'Pcs', '0.0000'),
(378, 303, 125, NULL, 48, 'Pcs', '0.0000'),
(379, 303, 111, NULL, 48, 'pack', '0.0000'),
(380, 303, 108, NULL, 48, 'pack', '0.0000'),
(381, 303, 122, NULL, 48, 'Pcs', '0.0000'),
(382, 303, 123, NULL, 48, 'Pcs', '0.0000'),
(383, 303, 149, NULL, 1, 'bag', '0.0000'),
(384, 303, 119, NULL, 6, 'Pcs', '0.0000'),
(385, 304, 142, NULL, 4, 'roll', '0.0000'),
(386, 305, 683, NULL, 10, 'pack', '0.0000'),
(387, 306, 110, NULL, 1, 'Pcs', '0.0000'),
(388, 306, 683, NULL, 4, 'pack', '0.0000'),
(389, 307, 318, NULL, 2, 'Pcs', '0.0000'),
(390, 307, 510, NULL, 10, 'Pcs', '0.0000'),
(391, 311, 318, NULL, 100, 'Pcs', '0.0000'),
(392, 311, 214, NULL, 15, 'Pcs', '0.0000'),
(393, 311, 215, NULL, 15, 'Pcs', '0.0000'),
(394, 311, 210, NULL, 20, 'Pcs', '0.0000'),
(396, 313, 499, NULL, 4, 'Pcs', '0.0000'),
(397, 315, 337, NULL, 1, 'carton', '0.0000'),
(398, 315, 402, NULL, 2, 'pack', '0.0000'),
(399, 315, 355, NULL, 2, 'pack', '0.0000'),
(400, 315, 399, NULL, 2, 'pack', '0.0000'),
(401, 315, 420, NULL, 2, 'pack', '0.0000'),
(402, 315, 143, NULL, 1, 'Pcs', '0.0000'),
(403, 315, 380, NULL, 1, 'pack', '0.0000'),
(404, 316, 499, NULL, 4, 'Pcs', '38000.0000'),
(405, 318, 113, NULL, 20, 'Pcs', '0.0000'),
(406, 321, 695, NULL, 3, 'Pcs', '0.0000'),
(407, 322, 499, NULL, 4, 'Pcs', '0.0000'),
(408, 323, 499, NULL, 4, 'Pcs', '0.0000'),
(409, 325, 139, NULL, 1, 'carton ', '0.0000'),
(410, 326, 693, NULL, 1, 'Pcs', '0.0000'),
(411, 327, 693, NULL, 1, 'Pcs', '0.0000'),
(412, 328, 151, NULL, 5, 'realm', '0.0000'),
(413, 329, 151, NULL, 5, 'realm', '0.0000'),
(414, 331, 696, NULL, 1, 'Pcs', '500.0000'),
(415, 332, 113, NULL, 25, 'Pcs', '0.0000'),
(416, 333, 553, NULL, -1, 'Pcs', '0.0000'),
(417, 333, 126, NULL, 2, 'Pcs', '0.0000'),
(418, 333, 552, NULL, 1, 'Pcs', '0.0000'),
(419, 333, 555, NULL, -1, 'Pcs', '0.0000'),
(420, 333, 558, NULL, -1, 'Pcs', '0.0000'),
(421, 334, 290, NULL, 1, 'Pcs', '0.0000'),
(422, 335, 151, NULL, 1, 'realm', '0.0000'),
(423, 336, 160, NULL, -1, 'Pcs', '0.0000'),
(424, 337, 268, NULL, 3, 'roll', '0.0000'),
(425, 336, 556, NULL, 1, 'Pcs', '0.0000'),
(426, 337, 266, NULL, 1, 'Pcs', '0.0000'),
(427, 340, 339, NULL, 15, 'pack', '0.0000'),
(429, 340, 436, NULL, 5, 'roll', '0.0000'),
(430, 340, 351, NULL, 10, 'pack', '0.0000'),
(431, 340, 431, NULL, 1, 'carton', '0.0000'),
(432, 340, 414, NULL, 3, 'bottle', '0.0000'),
(433, 340, 402, NULL, 2, 'bottle', '0.0000'),
(434, 340, 350, NULL, 1, 'pack', '0.0000'),
(435, 340, 400, NULL, 1, 'pack', '0.0000'),
(436, 340, 355, NULL, 2, 'pack', '0.0000'),
(437, 341, 335, NULL, 3, 'pack', '0.0000'),
(438, 342, 129, NULL, 6, 'Pcs', '0.0000'),
(439, 342, 131, NULL, 10, 'Pcs', '0.0000'),
(440, 342, 708, NULL, 6, 'Pcs', '0.0000'),
(441, 342, 149, NULL, 2, 'bag', '0.0000'),
(442, 342, 691, NULL, 48, 'Pcs', '0.0000'),
(443, 342, 108, NULL, 48, 'pack', '0.0000'),
(444, 342, 122, NULL, 48, 'Pcs', '0.0000'),
(445, 342, 125, NULL, 48, 'Pcs', '0.0000'),
(446, 342, 111, NULL, 48, 'pack', '0.0000'),
(447, 342, 123, NULL, 48, 'Pcs', '0.0000'),
(448, 342, 119, NULL, 6, 'Pcs', '0.0000'),
(449, 342, 133, NULL, 6, 'Pcs', '0.0000'),
(450, 342, 145, NULL, 2, 'Pcs', '0.0000'),
(451, 342, 703, NULL, 6, 'Pcs', '0.0000'),
(452, 344, 103, NULL, 1, 'Pcs', '0.0000'),
(453, 345, 267, NULL, 3, 'roll', '0.0000'),
(454, 348, 438, NULL, 2, 'loaf', '0.0000'),
(455, 348, 538, NULL, 1, 'PORTION', '0.0000'),
(456, 348, 710, NULL, 1, 'PORTION', '0.0000'),
(458, 350, 285, NULL, 20, 'Pcs', '0.0000'),
(459, 350, 258, NULL, 2, 'pack', '0.0000'),
(460, 350, 266, NULL, 2, 'Pcs', '0.0000'),
(461, 350, 221, NULL, 1, 'Pcs', '0.0000'),
(462, 350, 259, NULL, 3, 'Pcs', '0.0000'),
(463, 350, 250, NULL, 1, 'realm', '0.0000'),
(464, 351, 107, NULL, 1, 'pack', '0.0000'),
(465, 351, 151, NULL, 1, 'realm', '0.0000'),
(466, 354, 191, NULL, 1, 'Pcs', '340000.0000'),
(467, 356, 223, NULL, 1, 'Pcs', '230000.0000');

-- --------------------------------------------------------

--
-- Table structure for table `requisition_header`
--

CREATE TABLE `requisition_header` (
  `reqnumber` int(11) NOT NULL,
  `reqby` varchar(36) NOT NULL,
  `reqdate` datetime NOT NULL,
  `coment` varchar(255) NOT NULL,
  `approved` tinyint(1) NOT NULL DEFAULT 0,
  `audited` tinyint(1) NOT NULL DEFAULT 0,
  `auditedby` varchar(36) NOT NULL,
  `approvedby` varchar(36) DEFAULT NULL,
  `approvalRequest` int(11) NOT NULL DEFAULT 0,
  `voided` tinyint(1) NOT NULL DEFAULT 0,
  `req_description` varchar(255) DEFAULT NULL,
  `return` int(11) DEFAULT NULL,
  `returnedby` int(11) DEFAULT NULL,
  `description` varchar(255) DEFAULT NULL,
  `departmentid` int(11) NOT NULL,
  `returned` int(11) DEFAULT 0,
  `awaiting_price` int(11) NOT NULL DEFAULT 1,
  `requisitiontype` int(11) NOT NULL,
  `payment_status` tinyint(1) NOT NULL DEFAULT 0,
  `payment_date` datetime DEFAULT NULL,
  `auditeddate` datetime DEFAULT NULL,
  `approveddate` datetime DEFAULT NULL,
  `procapproveddate` datetime DEFAULT NULL,
  `returneddate` datetime DEFAULT NULL,
  `paidby` int(11) DEFAULT NULL,
  `payment_process_status` int(11) DEFAULT 0
) ENGINE=InnoDB DEFAULT CHARSET=latin1;

--
-- Dumping data for table `requisition_header`
--

INSERT INTO `requisition_header` (`reqnumber`, `reqby`, `reqdate`, `coment`, `approved`, `audited`, `auditedby`, `approvedby`, `approvalRequest`, `voided`, `req_description`, `return`, `returnedby`, `description`, `departmentid`, `returned`, `awaiting_price`, `requisitiontype`, `payment_status`, `payment_date`, `auditeddate`, `approveddate`, `procapproveddate`, `returneddate`, `paidby`, `payment_process_status`) VALUES
(69, 'procurement@isaluhospitals.com', '2022-05-10 11:27:55', 'Price Calculation is wrong', 0, 0, '19', NULL, 1, 0, NULL, NULL, NULL, 'STATIONERY', 1, 1, 1, 1, 0, '0000-00-00 00:00:00', NULL, NULL, NULL, NULL, NULL, 0),
(70, 'account@isaluhospitals.com', '2022-05-10 12:05:05', '', 1, 1, '19', '19', 1, 0, NULL, NULL, NULL, '2 RIMS OF PAPER\n6 BLACK PEN \n1 BLACK PEN \n6 OFFICE FILE \n3 RED PEN', 6, 0, 0, 1, 0, '0000-00-00 00:00:00', '2022-05-10 12:05:05', '2022-05-10 12:05:05', NULL, NULL, NULL, 0),
(72, 'clientservice@isaluhospitals.com', '2022-05-11 10:16:21', '', 1, 1, '19', '19', 1, 0, NULL, NULL, NULL, 'stationary', 3, 0, 0, 1, 0, '0000-00-00 00:00:00', '2022-05-11 10:16:21', '2022-05-11 10:16:21', NULL, NULL, NULL, 0),
(85, 'procurement@isaluhospitals.com', '2022-05-12 10:00:02', 'KIV', 0, 0, '19', NULL, 1, 0, NULL, NULL, NULL, '6pcs of Midea Air-condition (2HP) for Site Annex', 1, 1, 1, 2, 0, '0000-00-00 00:00:00', NULL, NULL, NULL, NULL, NULL, 0),
(88, 'procurement2@isaluhospitals.com', '2022-05-12 10:56:42', 'Wrong Amount', 1, 1, '19', '19', 1, 0, NULL, NULL, NULL, 'STATIONERIES FOR THE MONTH OF MAY,2022', 1, 0, 0, 2, 0, '0000-00-00 00:00:00', '2022-05-12 10:56:42', '2022-05-12 10:56:42', NULL, NULL, NULL, 0),
(89, 'it@isalu.com', '2022-05-12 11:02:15', '', 1, 1, '19', '22', 1, 0, NULL, NULL, NULL, 'POE POWER PACK FOR RADIO TRANSMITTER', 2, 0, 0, 2, 0, '0000-00-00 00:00:00', '2022-05-12 11:02:15', '2022-05-12 11:02:15', NULL, NULL, NULL, 0),
(91, 'procurement@isaluhospitals.com', '2022-05-12 11:19:47', 'Price Calculation is wrong', 1, 1, '19', '22', 1, 0, NULL, NULL, NULL, 'HOUSE KEEPING ITEMS FOR THE MONTH OF MAY 2022', 1, 0, 0, 2, 0, '0000-00-00 00:00:00', '2022-05-12 11:19:47', '2022-05-12 11:19:47', NULL, NULL, NULL, 0),
(95, 'procurement@isaluhospitals.com', '2022-05-12 12:13:56', 'Price Calculation is wrong', 0, 0, '19', NULL, 1, 0, NULL, NULL, NULL, 'PURCHASE OF 6PCS OF AIR CONDITION @ SITE ANNEX OFFICES FOR ADMIT STAFF @ 235,000=#1,410,000', 1, 1, 1, 2, 0, '0000-00-00 00:00:00', NULL, NULL, NULL, NULL, NULL, 0),
(96, 'procurement@isaluhospitals.com', '2022-05-12 12:42:30', 'put on hold', 0, 0, '19', '22', 1, 0, NULL, NULL, NULL, 'PURCHASE OF 6PCS OF AIR CONDITIONER @ 235,000 @ SITE ANNEX FOR ADMIN STAFFS OFFICE', 1, 1, 1, 2, 0, '0000-00-00 00:00:00', NULL, NULL, NULL, NULL, NULL, 0),
(98, 'procurement@isaluhospitals.com', '2022-05-12 12:47:28', 'Price Calculation is wrong', 0, 0, '19', NULL, 1, 0, NULL, NULL, NULL, '6PCS OF AIR CONDITONER @ 235,000 @ SITE ANNEX', 1, 1, 1, 2, 0, '0000-00-00 00:00:00', NULL, NULL, NULL, NULL, NULL, 0),
(105, 'clientservice@isaluhospitals.com', '2022-05-12 04:13:07', '', 1, 1, '19', '19', 1, 0, NULL, NULL, NULL, 'A4 paper, Staple pin and 2 pens For HMO desk usage.', 3, 0, 0, 1, 0, '0000-00-00 00:00:00', '2022-05-12 04:13:07', '2022-05-12 04:13:07', NULL, NULL, NULL, 0),
(120, 'it@isalu.com', '2022-05-13 06:56:03', 'Not Properly filled', 0, 0, '19', NULL, 1, 0, NULL, NULL, NULL, 'CARTRIDGE FOR PRINTER', 2, 0, 0, 2, 0, '0000-00-00 00:00:00', NULL, NULL, '2022-05-13 06:56:03', NULL, NULL, 0),
(122, 'it@isalu.com', '2022-05-13 07:11:03', '', 1, 1, '19', '19', 1, 0, NULL, NULL, NULL, 'BIXOLON PRINTER FOR CASH DESK ', 2, 0, 0, 2, 0, '0000-00-00 00:00:00', '2022-05-13 07:11:03', '2022-05-13 07:11:03', NULL, NULL, NULL, 0),
(125, 'procurement@isaluhospitals.com', '2022-05-13 09:57:54', '', 1, 1, '19', '19', 1, 0, NULL, NULL, NULL, 'Payment for outstanding tile milling works @site main building', 1, 0, 0, 2, 0, '0000-00-00 00:00:00', '2022-05-13 09:57:54', '2022-05-13 09:57:54', NULL, NULL, NULL, 0),
(127, 'it@isalu.com', '2022-05-13 10:44:46', 'Claim had been used', 0, 0, '19', NULL, 1, 0, NULL, NULL, NULL, 'Google mail subscription for the month of April', 2, 0, 0, 2, 0, '0000-00-00 00:00:00', NULL, NULL, '2022-05-23 05:46:20', NULL, NULL, 0),
(128, 'it@isalu.com', '2022-05-13 11:19:32', 'Claim had been used', 0, 0, '19', NULL, 1, 0, NULL, NULL, NULL, 'subcription for Amazon web services', 2, 0, 0, 2, 0, '0000-00-00 00:00:00', NULL, NULL, '2022-05-23 05:46:12', NULL, NULL, 0),
(129, 'audit@isaluhospitals.com', '2022-05-13 12:28:25', '', 1, 1, '19', '19', 1, 0, NULL, NULL, NULL, '1 ream of A4 paper, 1 piece of green pen', 7, 0, 0, 1, 0, '0000-00-00 00:00:00', '2022-05-13 12:28:25', '2022-05-13 12:28:25', NULL, NULL, NULL, 0),
(130, 'procurement@isaluhospitals.com', '2022-05-13 12:36:06', '', 1, 1, '19', '22', 1, 0, NULL, NULL, NULL, 'SUPPLY OF 7000LITRES OF DIESEL @635 FOR ISALU AND SITE', 1, 0, 0, 2, 0, '0000-00-00 00:00:00', '2022-05-13 12:36:06', '2022-05-13 12:36:06', NULL, NULL, NULL, 0),
(132, 'mainstore@isaluhospitals.com', '2022-05-13 01:17:10', '', 1, 1, '19', '19', 1, 0, NULL, NULL, NULL, 'cellotape, A4 paper,staple pin for main store usage.', 14, 0, 0, 1, 0, '0000-00-00 00:00:00', '2022-05-13 01:17:10', '2022-05-13 01:17:10', NULL, NULL, NULL, 0),
(133, 'procurement@isaluhospitals.com', '2022-05-13 03:34:35', '', 0, 0, '19', NULL, 1, 0, NULL, NULL, NULL, 'SANKAZ  Gate repair @ Site ', 1, 0, 0, 2, 0, '0000-00-00 00:00:00', NULL, NULL, '2022-05-23 05:45:29', NULL, NULL, 0),
(135, 'bcc@isaluhospitals.com', '2022-05-13 04:40:32', 'Claim is to be used for this.', 0, 0, '19', NULL, 1, 0, NULL, NULL, NULL, 'CUG SUBSCRIPTION (4,000.00)\nWARDROUND DOCTOR	9095994080	\nNEW CALL DOCTOR	8096938058	\nMAINTENANCE AY	8093930762	\nPHARMACY GENERAL (OFFICE)	8172001529	', 16, 0, 0, 2, 0, '0000-00-00 00:00:00', NULL, NULL, '2022-05-13 04:40:32', NULL, NULL, 0),
(136, 'procurement@isaluhospitals.com', '2022-05-13 04:44:59', '', 1, 1, '19', '19', 1, 0, NULL, NULL, NULL, 'Purchase of 5 bag of pop cement\nPurchase of 5pcs of glover paint for Site Annex', 1, 0, 0, 2, 1, '2022-05-24 12:01:20', '2022-05-13 04:44:59', '2022-05-13 04:44:59', NULL, NULL, 47, 1),
(138, 'bcc@isaluhospitals.com', '2022-05-13 06:13:12', '', 1, 1, '19', '19', 1, 0, NULL, NULL, NULL, 'Outstanding requisition(previously approved), A4 paper, For BCC usage.', 16, 0, 0, 1, 0, '0000-00-00 00:00:00', '2022-05-13 06:13:12', '2022-05-13 06:13:12', NULL, NULL, NULL, 0),
(139, 'procurement@isaluhospitals.com', '2022-05-13 06:55:12', '', 1, 1, '19', '19', 1, 0, NULL, NULL, NULL, 'Old ambulance repair', 1, 0, 0, 2, 0, '0000-00-00 00:00:00', '2022-05-13 06:55:12', '2022-05-13 06:55:12', NULL, NULL, NULL, 0),
(143, 'procurement@isaluhospitals.com', '2022-05-16 10:12:55', '', 1, 1, '19', '22', 1, 0, NULL, NULL, NULL, 'Balance payment for installation of suspended ceiling at site annex BQ. 15%', 1, 0, 0, 2, 0, '0000-00-00 00:00:00', '2022-05-16 10:12:55', '2022-05-16 10:12:55', NULL, NULL, NULL, 0),
(145, 'maintenance@isaluhospitals.com', '2022-05-16 10:29:55', '', 1, 1, '19', '19', 1, 0, NULL, NULL, NULL, 'Duracell battery are needed for Vital Station in OPD', 19, 0, 0, 1, 0, '0000-00-00 00:00:00', '2022-05-16 10:29:55', '2022-05-16 10:29:55', NULL, NULL, NULL, 0),
(146, 'procurement2@isaluhospitals.com', '2022-05-16 10:45:34', '', 1, 1, '19', '19', 1, 0, NULL, NULL, NULL, 'Supply of granite 5tonnes to site annex', 1, 0, 0, 2, 0, '0000-00-00 00:00:00', '2022-05-16 10:45:34', '2022-05-16 10:45:34', NULL, NULL, NULL, 0),
(147, 'procurement2@isaluhospitals.com', '2022-05-16 10:54:19', '', 1, 1, '19', '22', 1, 0, NULL, NULL, NULL, 'Payment on account for external ventilated facade installation. N300,000', 1, 0, 0, 2, 0, '0000-00-00 00:00:00', '2022-05-16 10:54:19', '2022-05-16 10:54:19', NULL, NULL, NULL, 0),
(148, 'procurement@isaluhospitals.com', '2022-05-16 11:54:18', '', 1, 1, '19', '19', 1, 0, NULL, NULL, NULL, 'Payment for installation of AC at site annex. N100,000. to balance N120,000.', 1, 0, 0, 2, 0, '0000-00-00 00:00:00', '2022-05-16 11:54:18', '2022-05-16 11:54:18', NULL, NULL, NULL, 0),
(150, 'laboratory@isaluhospitals.com', '2022-05-16 12:45:07', '', 1, 1, '19', '19', 1, 0, NULL, NULL, NULL, 'A4 PAPER,PAPER TAPE NEEDED FOR LAB.USE', 5, 0, 0, 1, 0, '0000-00-00 00:00:00', '2022-05-16 12:45:07', '2022-05-16 12:45:07', NULL, NULL, NULL, 0),
(154, 'procurement@isaluhospitals.com', '2022-05-16 04:12:04', '', 1, 1, '19', '19', 1, 0, NULL, NULL, NULL, 'STATIONARY', 1, 0, 0, 1, 0, '0000-00-00 00:00:00', '2022-05-16 04:12:04', '2022-05-16 04:12:04', NULL, NULL, NULL, 0),
(155, 'pharmacy@isaluhospitals.com', '2022-05-16 04:15:23', '', 1, 1, '19', '19', 1, 0, NULL, NULL, NULL, 'tablet  and syrup stickers', 10, 0, 0, 1, 0, '0000-00-00 00:00:00', '2022-05-16 04:15:23', '2022-05-16 04:15:23', NULL, NULL, NULL, 0),
(156, 'kitchen@isaluhospitals.com', '2022-05-16 04:26:45', 'Not Properly Described', 0, 0, '19', NULL, 1, 0, NULL, NULL, NULL, 'New blended is needed for kitchen use.', 12, 0, 0, 2, 0, '0000-00-00 00:00:00', NULL, NULL, '2022-05-23 05:45:17', NULL, NULL, 0),
(158, 'bcc@isaluhospitals.com', '2022-05-16 05:51:38', 'Not well defended', 0, 0, '19', NULL, 1, 0, NULL, NULL, NULL, 'A PACK OF CALCULATOR BATTERY FOR BCC USE. ', 16, 0, 0, 1, 0, '0000-00-00 00:00:00', NULL, NULL, '2022-05-16 05:51:38', NULL, NULL, 0),
(161, 'procurement@isaluhospitals.com', '2022-05-17 09:47:01', 'Price Calculation is wrong', 1, 1, '19', '22', 1, 0, NULL, NULL, NULL, 'PURCHASE OF 7000LITRES OF DIESEL @ 635 TO ISALU AND SITE', 1, 0, 0, 2, 0, '0000-00-00 00:00:00', '2022-05-17 09:47:01', '2022-05-17 09:47:01', NULL, NULL, NULL, 0),
(163, 'procurement@isaluhospitals.com', '2022-05-17 10:01:37', '', 0, 0, '19', NULL, 0, 0, NULL, NULL, NULL, 'PURCHASE OF 7000LITRES OF DIESEL @ ISALU AND SITE', 1, 0, 0, 2, 0, '0000-00-00 00:00:00', NULL, NULL, '2022-05-17 10:01:37', NULL, NULL, 0),
(164, 'procurement@isaluhospitals.com', '2022-05-17 10:05:42', 'Duplicated', 0, 0, '19', NULL, 1, 0, NULL, NULL, NULL, 'PURCHASE OF 7000LITRES DIESEL @ ISALU AND SITE', 1, 0, 0, 2, 0, '0000-00-00 00:00:00', NULL, NULL, '2022-05-17 10:05:42', NULL, NULL, 0),
(165, 'procurement@isaluhospitals.com', '2022-05-17 10:25:30', '', 1, 1, '19', '22', 1, 0, NULL, NULL, NULL, 'PRINTING ON TOWELS AND BAGS AT ISALU FOR PATIENT PACK', 1, 0, 0, 2, 0, '0000-00-00 00:00:00', '2022-05-17 10:25:30', '2022-05-17 10:25:30', NULL, NULL, NULL, 1),
(166, 'procurement@isaluhospitals.com', '2022-05-17 10:57:22', '', 1, 1, '19', '19', 1, 0, NULL, NULL, NULL, 'PURCHASE OF 5PCAKS OF RITCHER MALARIA ITEMS FOR LABORATORY IN ISALU', 1, 0, 0, 2, 0, '0000-00-00 00:00:00', '2022-05-17 10:57:22', '2022-05-17 10:57:22', NULL, NULL, NULL, 0),
(168, 'procurement@isaluhospitals.com', '2022-05-17 11:00:23', 'Wrong Description - IOU Purchase', 0, 0, '19', NULL, 1, 0, NULL, NULL, NULL, 'Purchase of bolts, nuts and antirust watcher for stampede concrete chamber at site annex', 1, 0, 0, 2, 0, '0000-00-00 00:00:00', NULL, NULL, '2022-05-17 11:00:23', NULL, NULL, 0),
(169, 'procurement@isaluhospitals.com', '2022-05-17 11:09:03', 'Not Properly Described', 0, 0, '19', NULL, 1, 0, NULL, NULL, NULL, 'PURCHASE OF BLENDER FOR KITCHEN (IOU) 50000', 1, 0, 0, 2, 0, '0000-00-00 00:00:00', NULL, NULL, '2022-05-17 11:09:03', NULL, NULL, 0),
(170, 'procurement@isaluhospitals.com', '2022-05-17 11:18:11', '', 1, 1, '19', '19', 1, 0, NULL, NULL, NULL, 'Purchase of damarcating driveway Keb2 for site annex.', 1, 0, 0, 2, 0, '0000-00-00 00:00:00', '2022-05-17 11:18:11', '2022-05-17 11:18:11', NULL, NULL, NULL, 0),
(173, 'kitchen@isaluhospitals.com', '2022-05-17 11:40:28', '', 1, 1, '19', '19', 1, 0, NULL, NULL, NULL, 'Need extra breads for breakfast\nNeed rat poison to rodents\n', 12, 0, 0, 2, 0, '0000-00-00 00:00:00', '2022-05-17 11:40:28', '2022-05-17 11:40:28', NULL, NULL, NULL, 0),
(174, 'procurement@isaluhospitals.com', '2022-05-17 11:58:03', '', 1, 1, '19', '19', 1, 0, NULL, NULL, NULL, 'PURCHASE OF 1PCS OF BLENDER FOR KITCHEN USE AS IOU', 1, 0, 0, 2, 0, '0000-00-00 00:00:00', '2022-05-17 11:58:03', '2022-05-17 11:58:03', NULL, NULL, NULL, 0),
(176, 'procurement@isaluhospitals.com', '2022-05-17 12:15:25', '', 1, 1, '19', '19', 1, 0, NULL, NULL, NULL, '1 PCS OF HARD COVER NOTE AND 1 PCS OF STAMP PAD FOR SITE SECURITY FOR RECORD KEEPING AND DOCUMENTATION ', 1, 0, 0, 2, 0, '0000-00-00 00:00:00', '2022-05-17 12:15:25', '2022-05-17 12:15:25', NULL, NULL, NULL, 0),
(177, 'procurement@isaluhospitals.com', '2022-05-17 12:18:39', 'ITEMS NOT FULLY SUPPLIED', 0, 0, '19', NULL, 1, 0, NULL, NULL, NULL, 'PRINTING OF MATERIALS USE  IN ISALU', 1, 0, 0, 2, 0, '0000-00-00 00:00:00', NULL, NULL, '2022-05-23 05:45:06', NULL, NULL, 0),
(181, 'procurement@isaluhospitals.com', '2022-05-17 03:54:39', '', 1, 1, '19', '22', 1, 0, NULL, NULL, NULL, 'PURCHASE OF GENERATOR @ ISALU IN AY', 1, 0, 0, 2, 0, '0000-00-00 00:00:00', '2022-05-17 03:54:39', '2022-05-17 03:54:39', NULL, NULL, NULL, 0),
(182, 'nursing@isaluhospitals.com', '2022-05-17 04:32:32', '', 0, 0, '19', NULL, 1, 0, NULL, NULL, NULL, '10 REDVAC DRAIN FOR PATIENT USE \n20 ADULT NASAL PROMP FOR THEATER USE\n10 PAPER TAPE FOR THEATER USE\n1 PACK OF BLACK SUCTION  CATHETER FOR THEATER USE\n10 CONNECTING TUBES FOR THEATER USE\n2 BOTTLES OS ISOFLORANE FOR ANESTHETIC MACHINE\n1 PACK OF FACE MASK FO', 4, 0, 0, 1, 0, '0000-00-00 00:00:00', NULL, NULL, '2022-05-23 05:44:52', NULL, NULL, 0),
(186, 'yosanusi@isaluhospitals.com', '2022-05-17 06:55:47', '', 1, 1, '19', '19', 1, 0, NULL, NULL, NULL, 'RED BIRO', 17, 0, 0, 1, 0, '0000-00-00 00:00:00', '2022-05-17 06:55:47', '2022-05-17 06:55:47', NULL, NULL, NULL, 0),
(188, 'bcc@isaluhospitals.com', '2022-05-18 08:27:00', '', 1, 1, '19', '19', 1, 0, NULL, NULL, NULL, '1 PACK OF CALCULATOR BATTERY FOR BCC USE.', 16, 0, 0, 1, 0, '0000-00-00 00:00:00', '2022-05-18 08:27:00', '2022-05-18 08:27:00', NULL, NULL, NULL, 0),
(193, 'clientservice@isaluhospitals.com', '2022-05-18 09:40:44', '', 1, 1, '19', '19', 1, 0, NULL, NULL, NULL, '2 ROLLS OF BIXOLLON PAPER, 5 PACKS OF A4 PAPER, 2 OFFICE CHAIRS', 3, 0, 0, 1, 0, '0000-00-00 00:00:00', '2022-05-18 09:40:44', '2022-05-18 09:40:44', NULL, NULL, NULL, 0),
(194, 'kitchen@isaluhospitals.com', '2022-05-18 10:17:31', '', 1, 1, '19', '19', 1, 0, NULL, NULL, NULL, 'Patient in annex 1 order for catfish peppersoup and agidi for today\"s dinner.\nPatients in  ay order for akara 4 potions for breakfast\n', 12, 0, 0, 2, 0, '0000-00-00 00:00:00', '2022-05-18 10:17:31', '2022-05-18 10:17:31', NULL, NULL, NULL, 0),
(196, 'nursing@isaluhospitals.com', '2022-05-18 10:57:16', '', 1, 1, '19', '19', 1, 0, NULL, NULL, NULL, '', 4, 0, 0, 1, 0, '0000-00-00 00:00:00', '2022-05-18 10:57:16', '2022-05-18 10:57:16', NULL, NULL, NULL, 0),
(197, 'procurement@isaluhospitals.com', '2022-05-18 12:35:54', 'Duplication', 0, 0, '19', NULL, 1, 0, NULL, NULL, NULL, 'PURCHASE OF BUILDING MATERIALS @ SITE', 1, 0, 0, 2, 0, '0000-00-00 00:00:00', NULL, NULL, '2022-05-18 12:35:54', NULL, NULL, 0),
(200, 'nursing@isaluhospitals.com', '2022-05-18 01:06:48', '', 1, 1, '19', '19', 1, 0, NULL, NULL, NULL, '2 flits for anx1 dw, 1 for a1, 1 for a2, 1 for a3, 1 for g/ward, 1 for recovery, 2 for anx 1up', 4, 0, 0, 1, 0, '0000-00-00 00:00:00', '2022-05-18 01:06:48', '2022-05-18 01:06:48', NULL, NULL, NULL, 0),
(201, 'procurement@isaluhospitals.com', '2022-05-18 02:37:08', 'Claim had been used', 0, 0, '19', NULL, 1, 0, NULL, NULL, NULL, 'Payment for tplink 24ports switch for site annex, 2pcs @N28,500 each', 1, 0, 0, 2, 0, '0000-00-00 00:00:00', NULL, NULL, '2022-05-18 02:37:08', NULL, NULL, 0),
(202, 'procurement@isaluhospitals.com', '2022-05-18 03:54:09', '', 1, 1, '19', '19', 1, 0, NULL, NULL, NULL, 'Purchase of AC external unit wall for site annex. 3pcs', 1, 0, 0, 2, 0, '0000-00-00 00:00:00', '2022-05-18 03:54:09', '2022-05-18 03:54:09', NULL, NULL, NULL, 0),
(210, 'kitchen@isaluhospitals.com', '2022-05-19 10:19:04', 'UNRIPE PLANTAIN TO BE REMOVED ', 0, 0, '19', NULL, 1, 0, NULL, NULL, NULL, 'We need to buy serviette and matches \nwhich was not purchase at the general market\nPatient in annex 2 request for unripe plantain for lunch ', 12, 0, 0, 2, 0, '0000-00-00 00:00:00', NULL, NULL, '2022-05-19 10:19:04', NULL, NULL, 0),
(211, 'kitchen@isaluhospitals.com', '2022-05-19 10:38:54', '', 1, 1, '19', '19', 1, 0, NULL, NULL, NULL, 'Additional portion of unripe plantain is needed at AY', 12, 0, 0, 2, 0, '0000-00-00 00:00:00', '2022-05-19 10:38:54', '2022-05-19 10:38:54', NULL, NULL, NULL, 0),
(212, 'procurement@isaluhospitals.com', '2022-05-19 11:08:28', '', 1, 1, '19', '19', 1, 0, NULL, NULL, NULL, 'Balance payment for painting works at site annex bq. N68750', 1, 0, 0, 2, 0, '0000-00-00 00:00:00', '2022-05-19 11:08:28', '2022-05-19 11:08:28', NULL, NULL, NULL, 1),
(213, 'procurement@isaluhospitals.com', '2022-05-19 11:58:19', 'Claim had been used', 0, 0, '19', NULL, 1, 0, NULL, NULL, NULL, 'Payment on account for civil works at site mainbuilding. N500,000', 1, 0, 0, 2, 0, '0000-00-00 00:00:00', NULL, NULL, '2022-05-19 11:58:19', NULL, NULL, 0),
(214, 'radiology@isaluhospitals.com', '2022-05-19 03:38:36', '', 0, 0, '19', NULL, 1, 0, NULL, NULL, NULL, 'sterilizing tape\npaper tape\nultrasound scan gel\npen\nA4 printing paper\n', 11, 0, 0, 1, 0, '0000-00-00 00:00:00', NULL, NULL, '2022-05-19 03:38:36', NULL, NULL, 0),
(218, 'procurement2@isaluhospitals.com', '2022-05-19 06:14:33', '', 1, 1, '19', '22', 1, 0, NULL, 0, 0, 'QUOTATION FOR PAINTING OF A.Y BUILDING BOTH INSIDE AND OUTSIDE AND WE ARE TO BUY THE MATERIALS BY OURSELF', 1, 0, 0, 2, 0, '0000-00-00 00:00:00', '2022-05-19 06:14:33', '2022-05-24 09:05:35', NULL, NULL, NULL, 0),
(220, 'procurement@isaluhospitals.com', '2022-05-20 10:33:22', '', 0, 0, '19', NULL, 1, 0, NULL, NULL, NULL, '600PCS OF BRANDING OF TOWELS @ 180', 1, 0, 0, 2, 0, '0000-00-00 00:00:00', NULL, NULL, '2022-05-20 10:33:22', NULL, NULL, 0),
(223, 'nursing@isaluhospitals.com', '2022-05-20 03:57:35', '', 0, 0, '19', NULL, 1, 0, NULL, NULL, NULL, 'injection card, nasal plung adult, nasal plung paediatric, paper tape needed for Emergency unit.', 4, 0, 0, 1, 0, '0000-00-00 00:00:00', NULL, NULL, '2022-05-23 05:44:31', NULL, NULL, 0),
(225, 'clientservice@isaluhospitals.com', '2022-05-23 08:58:25', '', 0, 0, '19', NULL, 0, 0, NULL, NULL, NULL, '3 ROLLS OF BIXOLON PAPER\n3 ROLLS OF POS PAPER\n3 PENS\n1 STAPLE PIN', 3, 0, 1, 1, 0, NULL, NULL, NULL, NULL, NULL, NULL, 0),
(226, 'clientservice@isaluhospitals.com', '2022-05-23 08:59:34', '', 0, 0, '19', NULL, 1, 0, NULL, 0, 0, 'CASHDESK UNIT', 3, 0, 0, 1, 0, NULL, NULL, NULL, '2022-05-23 05:43:12', NULL, NULL, 0),
(227, 'pharmacy@isaluhospitals.com', '2022-05-23 09:06:36', '', 0, 0, '19', NULL, 1, 0, NULL, 0, 0, 'prescription sheet 4 packs', 10, 0, 0, 1, 0, NULL, NULL, NULL, '2022-05-23 05:40:02', NULL, NULL, 0),
(228, 'procurement2@isaluhospitals.com', '2022-05-23 09:11:16', '', 0, 0, '19', NULL, 1, 0, NULL, 0, 0, 'PURCHASE OF 6PCS OF AC @ SITE', 1, 0, 0, 2, 0, NULL, NULL, NULL, '2022-05-23 05:43:00', NULL, NULL, 0),
(230, 'pharmacy@isaluhospitals.com', '2022-05-23 09:31:22', '', 1, 1, '19', '19', 1, 0, NULL, 0, 0, 'prescription', 10, 0, 0, 1, 0, NULL, '2022-05-23 09:58:59', '2022-05-23 09:58:59', '2022-05-23 09:57:13', NULL, NULL, 0),
(231, 'pharmacy@isaluhospitals.com', '2022-05-23 09:53:09', '', 0, 0, '19', NULL, 0, 0, NULL, NULL, NULL, 'PRESCRIPTION sheet', 10, 0, 1, 1, 0, NULL, NULL, NULL, NULL, NULL, NULL, 0),
(232, 'procurement2@isaluhospitals.com', '2022-05-23 09:54:56', '', 0, 0, '19', NULL, 1, 0, NULL, 0, 0, 'PURCHASE OF 200BAGS OF CEMENT @4000 @SITE', 1, 0, 0, 2, 0, NULL, NULL, NULL, '2022-05-23 05:38:40', NULL, NULL, 0),
(233, 'procurement2@isaluhospitals.com', '2022-05-23 10:15:19', '', 0, 0, '19', NULL, 1, 0, NULL, 0, 0, 'SUPPLY OF 5000LITRES OF  DIESEL @ 635', 1, 0, 0, 2, 0, NULL, NULL, NULL, '2022-05-23 10:49:55', NULL, NULL, 0),
(234, 'procurement2@isaluhospitals.com', '2022-05-23 10:51:50', '', 0, 0, '19', NULL, 0, 0, NULL, NULL, NULL, 'PURCHASE OF LABORATORY ITEMS FOR THE MONTH OF APRIL 2022', 1, 0, 0, 2, 0, NULL, NULL, NULL, NULL, NULL, NULL, 0),
(235, 'clientservice2@isaluhospitals.com', '2022-05-23 10:56:32', '', 0, 0, '19', NULL, 1, 0, NULL, 0, 0, '3 ROLLS OF BIXOLON PAPER\n3 ROLLS OF POS PAPER\n1 PACK OF STAPLE PIN\n2 BIROS', 3, 0, 0, 1, 0, NULL, NULL, NULL, '2022-05-23 05:39:23', NULL, NULL, 0),
(236, 'it@isalu.com', '2022-05-23 12:49:40', '', 0, 0, '19', NULL, 1, 0, NULL, 0, 0, 'Laptop battery\nModel: HQ-TRE 71025 (JCO3)', 2, 0, 0, 2, 0, NULL, NULL, NULL, '2022-05-23 05:40:49', NULL, NULL, 0),
(237, 'laboratory@isaluhospitals.com', '2022-05-24 10:26:54', 'items not available in store', 0, 0, '19', NULL, 1, 0, NULL, 0, 19, '', 5, 0, 0, 1, 0, NULL, NULL, NULL, '2022-05-24 05:34:08', '2022-05-24 12:32:08', NULL, 0),
(238, 'laboratory@isaluhospitals.com', '2022-05-24 10:32:08', '', 1, 1, '19', '19', 1, 0, NULL, 0, 0, '', 5, 0, 0, 1, 0, NULL, '2022-05-24 12:19:43', '2022-05-24 12:19:43', '2022-05-24 12:11:21', NULL, NULL, 0),
(239, 'it@isalu.com', '2022-05-24 10:43:32', '', 0, 0, '19', NULL, 1, 0, NULL, 0, 0, '8 port switch', 2, 0, 0, 2, 0, NULL, NULL, NULL, '2022-05-24 12:12:03', NULL, NULL, 0),
(240, 'laboratory@isaluhospitals.com', '2022-05-24 10:36:11', '', 1, 1, '19', '19', 1, 0, NULL, 0, 0, '', 5, 0, 0, 1, 0, NULL, '2022-05-24 12:17:13', '2022-05-24 12:17:13', '2022-05-24 12:11:07', NULL, NULL, 0),
(241, 'clientservice2@isaluhospitals.com', '2022-05-24 11:37:51', '', 1, 1, '19', '19', 1, 0, NULL, 0, 0, '1 STAPLER FOR CASHDESL USE', 3, 0, 0, 2, 0, NULL, '2022-05-24 12:21:02', '2022-05-24 12:21:02', '2022-05-24 12:12:16', NULL, NULL, 0),
(242, 'radiology@isaluhospitals.com', '2022-05-24 12:45:52', '', 0, 0, '19', NULL, 1, 0, NULL, 0, 0, 'wipes', 11, 0, 0, 1, 0, NULL, NULL, NULL, '2022-05-24 05:33:24', NULL, NULL, 0),
(243, 'laboratory@isaluhospitals.com', '2022-05-24 11:09:53', '', 0, 0, '19', NULL, 1, 0, NULL, 0, 0, '', 5, 0, 0, 1, 0, NULL, NULL, NULL, '2022-05-24 05:33:05', NULL, NULL, 0),
(244, 'radiology@isaluhospitals.com', '2022-05-24 01:59:00', '', 0, 0, '19', NULL, 1, 0, NULL, 0, 0, 'wipes, facemask and cap', 11, 0, 0, 2, 0, NULL, NULL, NULL, '2022-05-24 05:32:41', NULL, NULL, 0),
(245, 'radiology@isaluhospitals.com', '2022-05-24 02:05:12', '', 0, 0, '19', NULL, 0, 0, NULL, NULL, NULL, 'auto tape', 11, 0, 1, 1, 0, NULL, NULL, NULL, NULL, NULL, NULL, 0),
(246, 'laboratory@isaluhospitals.com', '2022-05-24 01:39:50', '', 0, 0, '19', NULL, 1, 0, NULL, 0, 0, '', 5, 0, 0, 1, 0, NULL, NULL, NULL, '2022-05-24 05:25:52', NULL, NULL, 0),
(247, 'radiology@isaluhospitals.com', '2022-05-25 08:54:19', '', 0, 0, '19', NULL, 0, 0, NULL, NULL, NULL, 'biro, wipes', 11, 0, 1, 1, 0, NULL, NULL, NULL, NULL, NULL, NULL, 0),
(248, 'kitchen@isaluhospitals.com', '2022-05-25 09:45:09', '', 0, 0, '19', NULL, 1, 0, NULL, 0, 0, '4 potion of Akara was served at A.Y and Annex1 this morning.\nSpring Onions was purchased for today\'s breakfast.\nMD want to eat Fried plantain for breakfast.', 12, 0, 0, 2, 0, NULL, NULL, NULL, '2022-05-27 03:19:21', NULL, NULL, 0),
(249, 'laboratory@isaluhospitals.com', '2022-05-25 10:43:04', '', 1, 1, '19', '19', 1, 0, NULL, 0, 0, '', 5, 0, 0, 1, 0, NULL, '2022-05-25 11:58:27', '2022-05-25 11:58:27', '2022-05-25 11:55:59', NULL, NULL, 0),
(250, 'clientservice2@isaluhospitals.com', '2022-05-25 10:45:21', '', 0, 0, '19', NULL, 1, 0, NULL, 0, 0, 'BLACK STANDING PENS ', 3, 0, 0, 1, 0, NULL, NULL, NULL, '2022-05-27 03:19:06', NULL, NULL, 0),
(251, 'clientservice2@isaluhospitals.com', '2022-05-25 10:48:37', '', 0, 0, '19', NULL, 0, 0, NULL, NULL, NULL, 'FAMILY PLANNING FLIERS', 3, 0, 0, 2, 0, NULL, NULL, NULL, NULL, NULL, NULL, 0),
(252, 'nursing@isaluhospitals.com', '2022-05-25 11:11:03', '', 0, 0, '19', NULL, 1, 0, NULL, 0, 0, 'mask for theatre use', 4, 0, 0, 1, 0, NULL, NULL, NULL, '2022-05-27 03:18:51', NULL, NULL, 0),
(253, 'nursing@isaluhospitals.com', '2022-05-25 11:19:42', '', 0, 0, '19', NULL, 0, 0, NULL, NULL, NULL, '1box of face mask for theatre use', 4, 0, 1, 1, 0, NULL, NULL, NULL, NULL, NULL, NULL, 0),
(254, 'procurement@isaluhospitals.com', '2022-05-25 01:45:42', '', 0, 0, '19', NULL, 0, 0, NULL, NULL, NULL, 'ELECTRICAL MATERIALS  NEEDED IN NEW ROOM 112 & 11\n3', 1, 0, 0, 2, 0, NULL, NULL, NULL, NULL, NULL, NULL, 0),
(255, 'procurement@isaluhospitals.com', '2022-05-25 01:49:27', '', 0, 0, '19', NULL, 0, 0, NULL, NULL, NULL, 'ELECTRICAL MATERIALS NEEDED  FOR NEW ROOM 112 & 113', 1, 0, 1, 1, 0, NULL, NULL, NULL, NULL, NULL, NULL, 0),
(256, 'hr@isaluhospitals.com', '2022-05-26 02:06:53', '', 0, 0, '19', NULL, 0, 0, NULL, NULL, NULL, 'Being payment for the requisition of the two new Sienna registration number', 13, 0, 0, 2, 0, NULL, NULL, NULL, NULL, NULL, NULL, 0),
(257, 'clientservice2@isaluhospitals.com', '2022-05-27 09:06:14', '', 0, 0, '19', NULL, 1, 0, NULL, 0, 0, '', 3, 0, 0, 1, 0, NULL, NULL, NULL, '2022-05-27 02:33:48', NULL, NULL, 0),
(258, 'laboratory@isaluhospitals.com', '2022-05-27 09:51:49', '', 0, 0, '19', NULL, 1, 0, NULL, 0, 0, '', 5, 0, 0, 1, 0, NULL, NULL, NULL, '2022-05-27 03:18:40', NULL, NULL, 0),
(259, 'laboratory@isaluhospitals.com', '2022-05-27 10:11:08', '', 0, 0, '19', NULL, 1, 0, NULL, 0, 0, '', 5, 0, 0, 1, 0, NULL, NULL, NULL, '2022-05-27 03:18:16', NULL, NULL, 0),
(260, 'housekeeping@isaluhospitals.com', '2022-05-27 10:57:51', '', 1, 1, '19', '19', 1, 0, NULL, 0, 0, 'The following Items are needed for house keeping use.', 20, 0, 0, 1, 0, NULL, '2022-05-30 04:29:39', '2022-05-30 04:29:39', '2022-05-27 03:18:07', NULL, NULL, 0),
(261, 'orioye@isaluhospitals.com', '2022-05-27 12:04:05', '', 0, 0, '19', NULL, 0, 0, NULL, NULL, NULL, 'purchase of 2 pints of O negative blood', 5, 0, 0, 2, 0, NULL, NULL, NULL, NULL, NULL, NULL, 0),
(262, 'procurement2@isaluhospitals.com', '2022-05-27 04:53:34', '', 0, 0, '19', NULL, 0, 0, NULL, NULL, NULL, '', 1, 0, 0, 2, 0, NULL, NULL, NULL, NULL, NULL, NULL, 0),
(264, 'clientservice2@isaluhospitals.com', '2022-05-30 08:12:11', '', 1, 1, '19', '19', 1, 0, NULL, 0, 0, 'BIXOLON PAPER, POS PAPER', 3, 0, 0, 2, 0, NULL, '2022-05-30 04:27:45', '2022-05-30 04:27:45', '2022-05-30 12:03:49', NULL, NULL, 0),
(266, 'it@isalu.com', '2022-05-31 07:08:16', '', 0, 0, '19', NULL, 1, 0, NULL, 0, 0, 'CLOCK IN MACHINE FOR SITE ANNEX', 2, 0, 0, 2, 0, NULL, NULL, NULL, '2022-05-31 06:51:13', NULL, NULL, 0),
(268, 'laboratory@isaluhospitals.com', '2022-05-31 09:15:05', '', 0, 0, '19', NULL, 0, 0, NULL, NULL, NULL, 'SERUM H-PYLORI', 5, 0, 1, 1, 0, NULL, NULL, NULL, NULL, NULL, NULL, 0),
(271, 'procurement2@isaluhospitals.com', '2022-05-31 11:48:23', '', 0, 0, '19', NULL, 0, 0, NULL, NULL, NULL, 'EXTENSION BOX', 1, 0, 1, 1, 0, NULL, NULL, NULL, NULL, NULL, NULL, 0),
(272, 'laboratory@isaluhospitals.com', '2022-05-31 12:01:22', '', 0, 0, '19', NULL, 1, 0, NULL, 0, 0, '', 5, 0, 0, 1, 0, NULL, NULL, NULL, '2022-05-31 06:51:04', NULL, NULL, 0),
(273, 'procurement2@isaluhospitals.com', '2022-05-31 12:05:23', '', 0, 0, '19', NULL, 1, 0, NULL, 0, 0, 'PROCUREMENT REQUEST ', 1, 0, 0, 1, 0, NULL, NULL, NULL, '2022-05-31 06:50:51', NULL, NULL, 0),
(274, 'laboratory@isaluhospitals.com', '2022-05-31 12:27:24', '', 0, 0, '19', NULL, 1, 0, NULL, 0, 0, 'Requisition', 5, 0, 0, 1, 0, NULL, NULL, NULL, '2022-05-31 12:51:17', NULL, NULL, 0),
(275, 'clientservice2@isaluhospitals.com', '2022-05-31 01:09:26', '', 0, 0, '19', NULL, 1, 0, NULL, 0, 0, 'IN-PATIENT BILLING REQUISITION', 3, 0, 0, 1, 0, NULL, NULL, NULL, '2022-05-31 06:50:41', NULL, NULL, 0),
(276, 'laboratory@isaluhospitals.com', '2022-05-31 01:34:15', '', 0, 0, '19', NULL, 0, 0, NULL, NULL, NULL, 'Requisition', 5, 0, 1, 1, 0, NULL, NULL, NULL, NULL, NULL, NULL, 0),
(277, 'clientservice2@isaluhospitals.com', '2022-05-31 04:40:33', '', 0, 0, '19', NULL, 1, 0, NULL, 0, 0, '', 3, 0, 0, 1, 0, NULL, NULL, NULL, '2022-05-31 06:50:28', NULL, NULL, 0),
(278, 'clientservice2@isaluhospitals.com', '2022-05-31 05:31:42', '', 0, 0, '19', NULL, 0, 0, NULL, NULL, NULL, '', 3, 0, 1, 1, 0, NULL, NULL, NULL, NULL, NULL, NULL, 0),
(279, 'it@isalu.com', '2022-06-01 06:37:09', '', 0, 0, '19', NULL, 1, 0, NULL, 0, 0, 'HP ELITEBOOK 256G SSD (GEN2 AND ABOVE) 8GIG MINIMUM RAM', 2, 0, 0, 2, 0, NULL, NULL, NULL, '2022-06-01 03:51:14', NULL, NULL, 0),
(280, 'kitchen@isaluhospitals.com', '2022-06-01 08:49:47', '', 0, 0, '19', NULL, 0, 0, NULL, NULL, NULL, 'Bought Akara, plantain and bread for patient this morning', 12, 0, 0, 2, 0, NULL, NULL, NULL, NULL, NULL, NULL, 0),
(281, 'kitchen@isaluhospitals.com', '2022-06-01 08:49:47', '', 0, 0, '19', NULL, 0, 0, NULL, NULL, NULL, 'Bought Akara, plantain and bread for patient this morning', 12, 0, 0, 2, 0, NULL, NULL, NULL, NULL, NULL, NULL, 0),
(282, 'kitchen@isaluhospitals.com', '2022-06-01 10:31:43', '', 0, 0, '19', NULL, 0, 0, NULL, NULL, NULL, 'Bought Akara, Plantain and bread for patient this morning', 12, 0, 0, 2, 0, NULL, NULL, NULL, NULL, NULL, NULL, 0),
(283, 'kitchen@isaluhospitals.com', '2022-06-01 10:44:44', '', 0, 0, '19', NULL, 1, 0, NULL, 0, 0, 'Bought Akara, Plantain and Bread for patient this morning', 12, 0, 0, 2, 0, NULL, NULL, NULL, '2022-06-02 06:27:27', NULL, NULL, 0),
(284, 'nursing@isaluhospitals.com', '2022-06-01 01:13:09', '', 0, 0, '19', NULL, 0, 0, NULL, NULL, NULL, 'extension wire,', 4, 0, 1, 1, 0, NULL, NULL, NULL, NULL, NULL, NULL, 0),
(285, 'nursing@isaluhospitals.com', '2022-06-01 01:20:26', '', 0, 0, '19', NULL, 0, 0, NULL, NULL, NULL, 'emergency unity, extension wire', 4, 0, 1, 1, 0, NULL, NULL, NULL, NULL, NULL, NULL, 0),
(286, 'procurement2@isaluhospitals.com', '2022-06-01 12:59:30', '', 0, 0, '19', NULL, 0, 0, NULL, NULL, NULL, 'TO REPAIR OF TV (PANASONIC 24INCHES)', 1, 0, 0, 2, 0, NULL, NULL, NULL, NULL, NULL, NULL, 0),
(287, 'procurement@isaluhospitals.com', '2022-06-01 02:03:48', '', 0, 0, '19', NULL, 0, 0, NULL, NULL, NULL, 'REPAIR OF PANASONIC TV 24INCHES', 1, 0, 0, 2, 0, NULL, NULL, NULL, NULL, NULL, NULL, 0),
(288, 'clientservice2@isaluhospitals.com', '2022-06-01 02:41:11', '', 0, 0, '19', NULL, 1, 0, NULL, 0, 0, '5 A4 PAPER, 2 PENS. REQUEST MADE BY HMO DESK', 3, 0, 0, 1, 0, NULL, NULL, NULL, '2022-06-01 03:49:47', NULL, NULL, 0),
(289, 'nathaniel@isaluhospitals.com', '2022-06-01 02:49:22', '', 0, 0, '19', NULL, 0, 0, NULL, NULL, NULL, '', 6, 0, 1, 1, 0, NULL, NULL, NULL, NULL, NULL, NULL, 0),
(290, 'nathaniel@isaluhospitals.com', '2022-06-01 02:53:01', 'OUT OF STOCK ITEM', 0, 0, '19', NULL, 1, 0, NULL, 0, 19, '', 6, 0, 0, 2, 0, NULL, NULL, NULL, '2022-06-06 03:09:28', '2022-06-01 05:19:25', NULL, 0),
(291, 'hr@isaluhospitals.com', '2022-06-01 03:41:17', '', 0, 0, '19', NULL, 0, 0, NULL, NULL, NULL, 'Being purchase of CUG Nokia 105 phones for organizational use', 13, 0, 0, 2, 0, NULL, NULL, NULL, NULL, NULL, NULL, 0),
(292, 'hr@isaluhospitals.com', '2022-06-01 03:44:44', '', 0, 0, '19', NULL, 0, 0, NULL, NULL, NULL, 'Being purchase of CUG Nokia 105 phones for organizational use', 13, 0, 1, 1, 0, NULL, NULL, NULL, NULL, NULL, NULL, 0),
(293, 'hr@isaluhospitals.com', '2022-06-01 03:45:16', '', 0, 0, '19', NULL, 0, 0, NULL, NULL, NULL, 'Being purchase of CUG Nokia 105 phones for organizational use', 13, 0, 0, 2, 0, NULL, NULL, NULL, NULL, NULL, NULL, 0),
(294, 'hr@isaluhospitals.com', '2022-06-01 03:51:30', '', 1, 1, '19', '19', 1, 0, NULL, 0, 0, 'Being purchase of 10 Nokia 105 CUG Phones for organisational use', 13, 0, 0, 2, 0, NULL, '2022-06-06 12:30:45', '2022-06-06 12:30:45', '2022-06-06 09:31:16', NULL, NULL, 0),
(295, 'procurement2@isaluhospitals.com', '2022-06-01 04:56:49', 'Wrong Description', 0, 0, '19', NULL, 1, 0, NULL, 0, 19, 'PROCUREMENT', 1, 0, 0, 2, 0, NULL, NULL, NULL, '2022-06-06 03:09:07', '2022-06-06 12:28:54', NULL, 0),
(296, 'clientservice2@isaluhospitals.com', '2022-06-01 06:08:50', '', 0, 0, '19', NULL, 0, 0, NULL, NULL, NULL, 'immunization flier', 3, 0, 1, 1, 0, NULL, NULL, NULL, NULL, NULL, NULL, 0),
(297, 'clientservice2@isaluhospitals.com', '2022-06-01 06:10:11', '', 0, 0, '19', NULL, 0, 0, NULL, NULL, NULL, 'immunization flier blue and pink 25 copies each', 3, 0, 1, 1, 0, NULL, NULL, NULL, NULL, NULL, NULL, 0),
(298, 'bcc@isaluhospitals.com', '2022-06-02 11:09:24', '', 0, 0, '19', NULL, 1, 0, NULL, 0, 0, 'PEN- 16 PCS\nA4 PAPERS - 5 CARTOON\nWHITE ENVELOPE - 4 PACK\nRUBBER BAND - 1 PACK', 16, 0, 0, 1, 0, NULL, NULL, NULL, '2022-06-03 05:14:41', NULL, NULL, 0),
(299, 'kitchen@isaluhospitals.com', '2022-06-02 05:14:11', '', 0, 0, '19', NULL, 0, 0, NULL, NULL, NULL, '', 12, 0, 1, 1, 0, NULL, NULL, NULL, NULL, NULL, NULL, 0),
(300, 'hr@isaluhospitals.com', '2022-06-02 10:20:17', '', 0, 0, '19', NULL, 0, 0, NULL, NULL, NULL, 'Rent', 13, 0, 0, 2, 0, NULL, NULL, NULL, NULL, NULL, NULL, 0),
(301, 'nursing@isaluhospitals.com', '2022-06-03 09:42:16', '', 0, 0, '19', NULL, 0, 0, NULL, NULL, NULL, '', 4, 0, 1, 1, 0, NULL, NULL, NULL, NULL, NULL, NULL, 0),
(302, 'laboratory@isaluhospitals.com', '2022-06-03 09:44:21', '', 1, 1, '19', '19', 1, 0, NULL, 0, 0, '', 5, 0, 0, 1, 0, NULL, '2022-06-03 11:00:22', '2022-06-03 11:00:22', '2022-06-03 10:57:46', NULL, NULL, 0),
(303, 'housekeeping@isaluhospitals.com', '2022-06-03 11:12:59', '', 0, 0, '19', NULL, 1, 0, NULL, 0, 0, 'housekeeping materials', 20, 0, 0, 1, 0, NULL, NULL, NULL, '2022-06-03 11:36:06', NULL, NULL, 0),
(304, 'housekeeping@isaluhospitals.com', '2022-06-03 05:22:52', '', 0, 0, '19', NULL, 1, 0, NULL, 0, 0, 'disposable cup for patient', 20, 0, 0, 1, 0, NULL, NULL, NULL, '2022-06-03 06:27:58', NULL, NULL, 0),
(305, 'pharmacy@isaluhospitals.com', '2022-06-04 03:36:37', '', 0, 0, '19', NULL, 1, 0, NULL, 0, 0, 'prescription sheet is needed at the pharmacy unit.', 10, 0, 0, 1, 0, NULL, NULL, NULL, '2022-06-06 03:08:40', NULL, NULL, 0),
(306, 'pharmacy@isaluhospitals.com', '2022-06-06 06:53:10', '', 0, 0, '19', NULL, 1, 0, NULL, 0, 0, 'PRESCRIPTION SHEET\nHARD COVER', 10, 0, 0, 1, 0, NULL, NULL, NULL, '2022-06-06 03:08:54', NULL, NULL, 0),
(307, 'nursing@isaluhospitals.com', '2022-06-06 10:18:03', '', 0, 0, '19', NULL, 1, 0, NULL, 0, 0, '2 packets facemask for nursery use, 10 nasal prongs [neonates]', 4, 0, 0, 1, 0, NULL, NULL, NULL, '2022-06-06 03:08:17', NULL, NULL, 0),
(308, 'nursing@isaluhospitals.com', '2022-06-06 10:36:34', '', 0, 0, '19', NULL, 0, 0, NULL, NULL, NULL, ' 2bottles hand sanitizer', 4, 0, 1, 1, 0, NULL, NULL, NULL, NULL, NULL, NULL, 0),
(309, 'nursing@isaluhospitals.com', '2022-06-06 11:18:18', '', 0, 0, '19', NULL, 0, 0, NULL, NULL, NULL, ' nasal prong [child, paediatrics, adult, neonate, 10 each, 20 connecting tube, face mask all for theatre use,', 4, 0, 1, 1, 0, NULL, NULL, NULL, NULL, NULL, NULL, 0),
(310, 'nursing@isaluhospitals.com', '2022-06-06 01:07:39', '', 0, 0, '19', NULL, 0, 0, NULL, NULL, NULL, 'nasal prong for adult, child, neonate, paediatics 15 each. 20  connecting tube, 2box of face mask', 4, 0, 1, 1, 0, NULL, NULL, NULL, NULL, NULL, NULL, 0),
(311, 'nursing@isaluhospitals.com', '2022-06-06 01:10:55', '', 0, 0, '19', NULL, 1, 0, NULL, 0, 0, 'nasal prong for adult, child, neonate, paediatics 15 each. 20 connecting tube, 2box of face mask for theatre use.', 4, 0, 0, 1, 0, NULL, NULL, NULL, '2022-06-06 03:08:07', NULL, NULL, 0),
(312, 'procurement@isaluhospitals.com', '2022-06-06 01:47:27', '', 0, 0, '19', NULL, 0, 0, NULL, NULL, NULL, '8pcs of foam for staff new apartment and 8pcs of pillow fro staff for new apartment', 1, 0, 0, 2, 0, NULL, NULL, NULL, NULL, NULL, NULL, 0),
(313, 'procurement@isaluhospitals.com', '2022-06-06 01:53:05', '', 0, 0, '19', NULL, 0, 0, NULL, NULL, NULL, 'PURCHASE OF OFFICE CHAIR ', 1, 0, 0, 2, 0, NULL, NULL, NULL, NULL, NULL, NULL, 0),
(314, 'procurement@isaluhospitals.com', '2022-06-06 01:56:54', '', 0, 0, '19', NULL, 0, 0, NULL, NULL, NULL, ' PURCHASE OF 4 OFFICE CHAIR  (3CHAIRS FOR PROCUREMENT AND 1 CHAIR FOR HR DEPARTMENT', 1, 0, 0, 2, 0, NULL, NULL, NULL, NULL, NULL, NULL, 0),
(315, 'laboratory@isaluhospitals.com', '2022-06-06 02:39:02', '', 0, 0, '19', NULL, 0, 0, NULL, NULL, NULL, 'STOCK ITEMS', 5, 0, 1, 1, 0, NULL, NULL, NULL, NULL, NULL, NULL, 0),
(316, 'procurement@isaluhospitals.com', '2022-06-06 02:57:52', '', 0, 1, '19', '22', 1, 0, NULL, 0, 0, 'PURCHASE OF 4 OFFICE CHAIRS (3CHAIR FOR PROCUREMENT AND 1 CHAIR FOR HR DEPARTMENT', 1, 0, 0, 2, 0, NULL, '2022-06-06 06:14:59', NULL, '2022-06-06 03:07:55', NULL, NULL, 0),
(318, 'hr@isaluhospitals.com', '2022-06-06 04:59:09', '', 0, 0, '19', NULL, 1, 0, NULL, 0, 0, 'Paper file for filing of documents', 13, 0, 0, 1, 0, NULL, NULL, NULL, '2022-06-06 08:21:58', NULL, NULL, 0),
(319, 'bcc@isaluhospitals.com', '2022-06-06 05:44:52', '', 0, 0, '19', NULL, 0, 0, NULL, NULL, NULL, '3 WALL FANS FOR BCC USE.', 16, 0, 0, 2, 0, NULL, NULL, NULL, NULL, NULL, NULL, 0),
(320, 'bcc@isaluhospitals.com', '2022-06-06 05:53:03', '', 0, 0, '19', NULL, 0, 0, NULL, NULL, NULL, '3 WALL FANS FOR BCC USE', 16, 0, 1, 1, 0, NULL, NULL, NULL, NULL, NULL, NULL, 0),
(321, 'bcc@isaluhospitals.com', '2022-06-06 06:06:42', '', 0, 0, '19', NULL, 1, 0, NULL, 0, 0, '3 WALL FANS FOR BCC USE', 16, 0, 0, 2, 0, NULL, NULL, NULL, '2022-06-06 08:21:50', NULL, NULL, 0),
(322, 'clientservice@isaluhospitals.com', '2022-06-06 06:12:20', '', 0, 0, '19', NULL, 0, 0, NULL, NULL, NULL, 'managerial office chair', 3, 0, 0, 2, 0, NULL, NULL, NULL, NULL, NULL, NULL, 0),
(323, 'clientservice@isaluhospitals.com', '2022-06-06 06:14:37', '', 0, 0, '19', NULL, 1, 0, NULL, 0, 0, 'requesting for office for doctors offices in consulting room 3,4,5&7', 3, 0, 0, 2, 0, NULL, NULL, NULL, '2022-06-06 08:21:38', NULL, NULL, 0),
(324, 'procurement@isaluhospitals.com', '2022-06-06 06:54:24', '', 0, 0, '19', NULL, 0, 0, NULL, NULL, NULL, 'CHANGING OF MIXER TAP IN ROOM 103 ', 1, 0, 1, 1, 0, NULL, NULL, NULL, NULL, NULL, NULL, 0),
(325, 'housekeeping@isaluhospitals.com', '2022-06-07 08:42:14', '', 0, 0, '19', NULL, 1, 0, NULL, 0, 0, 'harpic ,nylon,soaps', 20, 0, 0, 1, 0, NULL, NULL, NULL, '2022-06-07 10:40:53', NULL, NULL, 0),
(326, 'hr@isaluhospitals.com', '2022-06-07 08:47:50', '', 0, 0, '19', NULL, 1, 0, NULL, 0, 0, 'CUG for Mr. Lasisi David (Driver)', 13, 0, 0, 2, 0, NULL, NULL, NULL, '2022-06-09 11:11:39', NULL, NULL, 0),
(327, 'hr@isaluhospitals.com', '2022-06-07 08:53:14', '', 0, 0, '19', NULL, 1, 0, NULL, 0, 0, 'CUG Sim for Mr. Lasisi David (Driver)', 13, 0, 0, 2, 0, NULL, NULL, NULL, '2022-06-07 10:40:13', NULL, NULL, 0),
(328, 'clientservice2@isaluhospitals.com', '2022-06-07 09:05:44', '', 0, 0, '19', NULL, 0, 0, NULL, NULL, NULL, '5  A4 PAPER  ', 3, 0, 1, 1, 0, NULL, NULL, NULL, NULL, NULL, NULL, 0),
(329, 'clientservice2@isaluhospitals.com', '2022-06-07 09:08:45', '', 0, 0, '19', NULL, 1, 0, NULL, 0, 0, '5 A4 PAPER , REQUESTED BY HMO UNIT', 3, 0, 0, 1, 0, NULL, NULL, NULL, '2022-06-08 10:37:27', NULL, NULL, 0),
(330, 'labode@isaluhospitals.com', '2022-06-07 11:48:54', '', 0, 0, '19', NULL, 0, 0, NULL, NULL, NULL, 'Being CUG Sim purchase for Mr. Lasisi David (Driver) ', 13, 0, 0, 2, 0, NULL, NULL, NULL, NULL, NULL, NULL, 0),
(331, 'hr@isaluhospitals.com', '2022-06-07 12:28:30', '', 0, 0, '19', NULL, 1, 0, NULL, 0, 0, 'Being purchase of CUG Sim for Mr. Lasisi David (Driver)', 13, 0, 0, 2, 0, NULL, NULL, NULL, '2022-06-07 01:17:52', NULL, NULL, 0),
(332, 'hr@isaluhospitals.com', '2022-06-07 12:30:06', '', 0, 0, '19', NULL, 1, 0, NULL, 0, 0, 'Paper file for filing.', 13, 0, 0, 1, 0, NULL, NULL, NULL, '2022-06-07 01:16:29', NULL, NULL, 0),
(333, 'nursing@isaluhospitals.com', '2022-06-07 04:44:18', '', 0, 0, '19', NULL, 0, 0, NULL, NULL, NULL, '', 4, 0, 1, 1, 0, NULL, NULL, NULL, NULL, NULL, NULL, 0),
(334, 'pharmacy@isaluhospitals.com', '2022-06-08 07:18:04', '', 1, 1, '19', '19', 1, 0, NULL, 0, 0, '', 10, 0, 0, 1, 0, NULL, '2022-06-08 10:30:07', '2022-06-08 10:30:07', '2022-06-08 10:26:59', NULL, NULL, 0),
(335, 'kitchen@isaluhospitals.com', '2022-06-08 09:32:11', '', 0, 0, '19', NULL, 1, 0, NULL, 0, 0, 'NEED ONE PACK OF A4 PAPER FOR FEEDING CHART PHOTOCOPY', 12, 0, 0, 1, 0, NULL, NULL, NULL, '2022-06-09 11:11:04', NULL, NULL, 0),
(336, 'nursing@isaluhospitals.com', '2022-06-08 10:13:42', '', 0, 0, '19', NULL, 1, 0, NULL, 0, 0, '', 4, 0, 0, 1, 0, NULL, NULL, NULL, '2022-06-09 11:10:36', NULL, NULL, 0),
(337, 'clientservice2@isaluhospitals.com', '2022-06-08 10:14:27', '', 0, 0, '19', NULL, 1, 0, NULL, 0, 0, 'BIXOLON PAPER  3 ROLL CASHDESK MASKING TAPE 1 ', 3, 0, 0, 2, 0, NULL, NULL, NULL, '2022-06-09 11:09:29', NULL, NULL, 0),
(338, 'radiology@isaluhospitals.com', '2022-06-08 10:54:36', '', 0, 0, '19', NULL, 0, 0, NULL, NULL, NULL, '', 11, 0, 1, 1, 0, NULL, NULL, NULL, NULL, NULL, NULL, 0),
(339, 'radiology@isaluhospitals.com', '2022-06-08 10:57:54', '', 0, 0, '19', NULL, 0, 0, NULL, NULL, NULL, 'wipes, urografin, sterile tape and paper tape, scan gel, sanitary pad, A4 paper and envelope.', 11, 0, 0, 2, 0, NULL, NULL, NULL, NULL, NULL, NULL, 0),
(340, 'laboratory@isaluhospitals.com', '2022-06-08 11:49:47', '', 0, 0, '19', NULL, 1, 0, NULL, 0, 0, 'STOCK ITEM', 5, 0, 0, 1, 0, NULL, NULL, NULL, '2022-06-09 11:08:31', NULL, NULL, 0),
(341, 'laboratory@isaluhospitals.com', '2022-06-08 12:34:30', '', 0, 0, '19', NULL, 1, 0, NULL, 0, 0, '', 5, 0, 0, 1, 0, NULL, NULL, NULL, '2022-06-09 11:08:19', NULL, NULL, 0),
(342, 'housekeeping@isaluhospitals.com', '2022-06-08 03:12:44', '', 0, 0, '19', NULL, 1, 0, NULL, 0, 0, 'THE FOLLOWING ITEMS ARE NEEDED FOR HOUSE KEEPING USE.', 20, 0, 0, 1, 0, NULL, NULL, NULL, '2022-06-09 10:58:00', NULL, NULL, 0),
(343, 'nursing@isaluhospitals.com', '2022-06-08 03:45:01', '', 0, 0, '19', NULL, 0, 0, NULL, NULL, NULL, '5 white board maker for theatre use', 4, 0, 1, 1, 0, NULL, NULL, NULL, NULL, NULL, NULL, 0),
(344, 'nursing@isaluhospitals.com', '2022-06-08 05:51:42', '', 0, 0, '19', NULL, 0, 0, NULL, NULL, NULL, '', 4, 0, 1, 1, 0, NULL, NULL, NULL, NULL, NULL, NULL, 0),
(345, 'clientservice2@isaluhospitals.com', '2022-06-08 06:04:51', '', 0, 0, '19', NULL, 1, 0, NULL, 0, 0, 'POS PAPER', 3, 0, 0, 2, 0, NULL, NULL, NULL, '2022-06-08 06:06:20', NULL, NULL, 0),
(347, 'procurement@isaluhospitals.com', '2022-06-09 08:47:20', '', 0, 0, '19', NULL, 0, 0, NULL, NULL, NULL, '', 1, 0, 0, 2, 0, NULL, NULL, NULL, NULL, NULL, NULL, 0),
(348, 'kitchen@isaluhospitals.com', '2022-06-09 09:11:02', '', 0, 0, '19', NULL, 1, 0, NULL, 0, 0, 'EXTRA BREAD PURCHASE LAST WEEK SUNDAY AND FRIDAY 1000\nUGU BOUGHT ON SUNDAY     200\nUNRIPE PLANTAIN BOUGHT ON THURSDAY FOR PATIENT AT AY  500', 12, 0, 0, 2, 0, NULL, NULL, NULL, '2022-06-09 10:54:57', NULL, NULL, 0),
(349, 'radiology@isaluhospitals.com', '2022-06-09 09:56:40', '', 0, 0, '19', NULL, 0, 0, NULL, NULL, NULL, 'wipes, urografin, A4 paper. PAPER TAPE ,STERILE TAPE, WHITE ENVELOPE,  AND MOUSE', 11, 0, 1, 1, 0, NULL, NULL, NULL, NULL, NULL, NULL, 0),
(350, 'radiology@isaluhospitals.com', '2022-06-09 10:01:00', '', 0, 0, '19', NULL, 1, 0, NULL, 0, 0, 'wipes, white envelope, sterile tape, paper tape, marker, urografin,Xray jacket, Mouse, ', 11, 0, 0, 2, 0, NULL, NULL, NULL, '2022-06-09 11:07:51', NULL, NULL, 0),
(351, 'audit@isaluhospitals.com', '2022-06-09 10:33:16', '', 0, 0, '19', NULL, 1, 0, NULL, 0, 0, 'A4 paper and staple pin', 7, 0, 0, 1, 0, NULL, NULL, NULL, '2022-06-09 10:46:48', NULL, NULL, 0),
(352, 'it@isalu.com', '2022-06-13 08:04:10', '', 0, 0, '19', NULL, 0, 0, NULL, NULL, NULL, 'eeee', 2, 0, 1, 1, 0, NULL, NULL, NULL, NULL, NULL, NULL, 0),
(353, 'it@isalu.com', '2022-06-13 08:04:37', '', 0, 0, '19', NULL, 0, 0, NULL, NULL, NULL, 'eeee', 2, 0, 1, 1, 0, NULL, NULL, NULL, NULL, NULL, NULL, 0),
(354, 'yosanusi@isaluhospitals.com', '2022-06-23 08:55:51', '', 1, 1, '19', '22', 1, 0, NULL, 0, 0, 'needed', 17, 0, 0, 2, 0, NULL, '2022-06-23 09:00:26', '2022-06-23 09:01:13', '2022-06-23 08:59:49', NULL, NULL, 0),
(356, 'it@isalu.com', '2022-07-03 10:10:44', 'put on hold', 0, 0, '19', NULL, 1, 0, NULL, 0, 19, 'Computer needed', 2, 1, 1, 2, 0, NULL, NULL, NULL, '2022-07-03 10:13:38', '2022-07-03 11:00:33', NULL, 0);

-- --------------------------------------------------------

--
-- Table structure for table `uom`
--

CREATE TABLE `uom` (
  `id` int(11) NOT NULL,
  `uomname` varchar(20) NOT NULL
) ENGINE=InnoDB DEFAULT CHARSET=latin1;

--
-- Dumping data for table `uom`
--

INSERT INTO `uom` (`id`, `uomname`) VALUES
(10, 'Pcs'),
(11, 'pack'),
(12, 'dozen'),
(13, 'liters'),
(14, 'carton'),
(15, 'realm'),
(16, 'roll'),
(17, 'bag'),
(18, 'carton '),
(19, 'keg'),
(20, 'installation'),
(21, 'bottle'),
(22, 'monthly'),
(23, 'yearly'),
(24, 'galon'),
(25, 'gallon'),
(26, '1CAR'),
(27, 'tonnes'),
(28, 'sachet'),
(29, 'loaf'),
(30, 'kg'),
(31, 'PORTION'),
(32, 'bundle'),
(33, 'yards'),
(34, 'bundle '),
(35, 'other'),
(36, 'paint'),
(37, 'crate'),
(38, 'cylinder');

-- --------------------------------------------------------

--
-- Table structure for table `uploads`
--

CREATE TABLE `uploads` (
  `id` int(11) NOT NULL,
  `actionid` varchar(36) NOT NULL,
  `actiontype` int(11) NOT NULL,
  `title` varchar(255) NOT NULL,
  `url` varchar(255) NOT NULL,
  `created_date` timestamp NOT NULL DEFAULT current_timestamp() ON UPDATE current_timestamp(),
  `createdby` varchar(50) NOT NULL
) ENGINE=InnoDB DEFAULT CHARSET=utf8mb4;

--
-- Dumping data for table `uploads`
--

INSERT INTO `uploads` (`id`, `actionid`, `actiontype`, `title`, `url`, `created_date`, `createdby`) VALUES
(3, '356', 1, 'computer invoice3', 'Uploads/requisition/IMG_20220522_152419.jpg1656836389', '2022-07-03 08:19:49', '20'),
(4, '356', 1, 'computer invoice4', 'Uploads/requisition/ad2.jpg1656836601', '2022-07-03 08:23:21', '20'),
(5, '356', 1, 'computer invoice5', 'Uploads/requisition/Test Result.pdf1656837380', '2022-07-03 08:36:20', '20'),
(6, '556', 3, 'details1', 'Uploads/claim/ZIMTECH INVOICE.pdf1656849591', '2022-07-03 13:33:39', '1'),
(9, '578', 3, 'details2', 'Uploads/requisition/ZIMTECH INVOICE.pdf1656850424', '2022-07-03 12:13:44', '1'),
(10, '578', 3, 'details2', 'Uploads/requisition/ZIMTECH INVOICE.pdf1656850424', '2022-07-03 12:13:44', '1'),
(11, '578', 3, 'details3', 'Uploads/requisition/ZIMTECH INVOICE.pdf1656850509', '2022-07-03 12:15:09', '1'),
(15, '27', 3, 'details1', 'Uploads/claim/ZIMTECH INVOICE.pdf1656857493', '2022-07-03 14:11:33', '1'),
(16, '351', 1, 'computer invoice', 'Uploads/requisition/ZIMTECH INVOICE.pdf1656857769', '2022-07-03 14:16:09', '1'),
(17, '104', 2, 'computer invoice', 'Uploads/refund/ZIMTECH INVOICE.pdf1656857797', '2022-07-03 14:16:37', '1'),
(18, '104', 2, 'computer invoice2', 'Uploads/refund/ZIMTECH INVOICE.pdf1656857810', '2022-07-03 14:16:50', '1'),
(19, '579', 3, 'details1', 'Uploads/claim/ZIMTECH INVOICE.pdf1656858574', '2022-07-03 14:29:34', '1'),
(20, '579', 3, 'details2', 'Uploads/claim/ZIMTECH INVOICE.pdf1656861889', '2022-07-03 15:24:49', '19');

-- --------------------------------------------------------

--
-- Table structure for table `users`
--

CREATE TABLE `users` (
  `id` int(11) NOT NULL,
  `name` varchar(36) NOT NULL,
  `email` varchar(36) NOT NULL,
  `password` varchar(36) NOT NULL,
  `user_roleid` int(11) NOT NULL,
  `login_attempt` int(11) NOT NULL DEFAULT 0,
  `departmentid` int(11) NOT NULL
) ENGINE=InnoDB DEFAULT CHARSET=latin1;

--
-- Dumping data for table `users`
--

INSERT INTO `users` (`id`, `name`, `email`, `password`, `user_roleid`, `login_attempt`, `departmentid`) VALUES
(1, 'IT', 'it@isalu.com', 'cd583446b7cac435a84920a7d524ae8b', -1, 1, 2),
(19, 'Audit', 'audit@isaluhospitals.com', '5f4dcc3b5aa765d61d8327deb882cf99', 1, 1, 7),
(20, 'GU (Procurement)', 'procurement@isaluhospitals.com', '5f4dcc3b5aa765d61d8327deb882cf99', 3, 1, 1),
(21, 'Account', 'account@isaluhospitals.com', '5f4dcc3b5aa765d61d8327deb882cf99', 4, 1, 6),
(22, 'MD/CEO', 'yosanusi@isaluhospitals.com', '5f4dcc3b5aa765d61d8327deb882cf99', 2, 1, 17),
(23, 'GU (HR)', 'hr@isaluhospitals.com', '5f4dcc3b5aa765d61d8327deb882cf99', 5, 1, 13),
(24, 'BCC HOD', 'bcc@isaluhospitals.com', 'e47429a2e15df3ded842178ff6d837ef', 7, 1, 16),
(25, 'Client Service HOD', 'clientservice@isaluhospitals.com', '5f4dcc3b5aa765d61d8327deb882cf99', 8, 1, 3),
(26, 'GU (Radiology) ', 'radiology@isaluhospitals.com', 'a3cf66963cec3d59abb731b6ce910c6e', 0, 1, 11),
(27, 'GU (Laboratory)', 'laboratory@isaluhospitals.com', '5f4dcc3b5aa765d61d8327deb882cf99', 0, 1, 5),
(28, 'GU (Nursing) ', 'nursing@isaluhospitals.com', '5f4dcc3b5aa765d61d8327deb882cf99', 0, 1, 4),
(29, 'GU (Quickbook)', 'quickbook@isaluhospitals.com', '5f4dcc3b5aa765d61d8327deb882cf99', 0, 0, 9),
(30, 'Test', 'test@isaluhospitals.com', '5f4dcc3b5aa765d61d8327deb882cf99', 0, 1, 18),
(31, 'Quality Control', 'qualitycontrol@isaluhospitals.com', '5f4dcc3b5aa765d61d8327deb882cf99', 0, 0, 15),
(32, 'GU (Pharmacy)', 'pharmacy@isaluhospitals.com', '5f4dcc3b5aa765d61d8327deb882cf99', 0, 1, 10),
(33, 'GU (Medical)', 'medical@isaluhospitals.com', '7cbdd4e997c3b8e759f8d579bb30f6f1', 0, 1, 17),
(34, 'GU (Kitchen)', 'kitchen@isaluhospitals.com', '09228dac155633b13780552bc01dc2e0', 0, 1, 12),
(35, 'procurement2', 'procurement2@isaluhospitals.com', '7c6a180b36896a0a8c02787eeafb0e4c', 0, 1, 1),
(36, 'Security Department', 'security@isalu.com', 'e91e6348157868de9dd8b25c81aebfb9', 0, 1, 13),
(37, 'Main Store', 'mainstore@isaluhospitals.com', 'a8ad4435da7ab3752bb89bec163ec709', 0, 1, 14),
(38, 'Kazeem', 'ayindekazeem99@gmail.com', '767e955464233667bfd855686a55b352', -1, 1, 2),
(39, 'Maintenance', 'maintenance@isaluhospitals.com', '5f4dcc3b5aa765d61d8327deb882cf99', 0, 1, 19),
(40, 'HOD ( I T )', 'ibidun@isaluhospitals.com', '5f4dcc3b5aa765d61d8327deb882cf99', 8, 1, 2),
(41, 'HOD (Audit)', 'odusanya@isaluhospitals.com', 'fbad4b6f1e710ddf1a3d37106d096688', 8, 1, 7),
(42, 'GU (Audit)', 'audt2@isaluhospitals.com', '5f4dcc3b5aa765d61d8327deb882cf99', 0, 0, 7),
(43, 'HOD (Procurement)', 'biyi@isaluhospitals.com', '7c6a180b36896a0a8c02787eeafb0e4c', 8, 1, 1),
(44, 'HOD (Account)', 'raji@isaluhospitals.co', '1584b95bbcb528cf74d627ecb149f48b', 8, 1, 6),
(45, 'Ayandokun', 'ayandokun@isaluhospitals.com', '05519a7f2f34838626950862cae4f520', 4, 1, 6),
(46, 'Aminat', 'aminat@isaluhospitals.com', '69422252036ff9f0e9838439f3a7926e', 4, 1, 6),
(47, 'Olamide', 'olamide@isaluhospitals.com', '89cc1e22bda64e9dcd890344e567322c', 4, 1, 6),
(48, 'Rita', 'rita@isaluhospitals.com', '8a75e8fa9a693b6eb10e7a648f6f6dbf', 4, 1, 6),
(49, 'Nathaniel', 'nathaniel@isaluhospitals.com', '2ea5de4ae2586ec0b9a2e7d321f12670', 4, 1, 6),
(50, 'HOD (HR)', 'labode@isaluhospitals.com', '5f4dcc3b5aa765d61d8327deb882cf99', 8, 1, 13),
(51, 'GU (Client service)', 'clientservice2@isaluhospitals.com', '5f4dcc3b5aa765d61d8327deb882cf99', 0, 1, 3),
(52, 'HOD (Pharmacy)', 'oriyomi@isaluhospitals.com', '5f4dcc3b5aa765d61d8327deb882cf99', 8, 1, 10),
(53, 'HOD (Laboratory)', 'orioye@isaluhospitals.com', 'c1fcb5942054a3a04a7c19af9446383e', 8, 1, 5),
(54, 'HOD (Radiology)', 'obajimi@isaluhospitals.com', '5f4dcc3b5aa765d61d8327deb882cf99', 8, 0, 11),
(55, 'HOD (Medical)', 'drofoegbu@isaluhospitals.com', '5f4dcc3b5aa765d61d8327deb882cf99', 8, 1, 17),
(56, 'HOD (Nursing)', 'oshoiribhor@isaluhospitals.com', '5f4dcc3b5aa765d61d8327deb882cf99', 8, 1, 4),
(57, 'HOD (Kitchen)', 'amadi@isaluhospitals.com', '5f4dcc3b5aa765d61d8327deb882cf99', 8, 1, 12),
(58, 'House keeping', 'housekeeping@isaluhospitals.com', '5f4dcc3b5aa765d61d8327deb882cf99', 0, 1, 20);

-- --------------------------------------------------------

--
-- Table structure for table `user_type`
--

CREATE TABLE `user_type` (
  `id` int(11) NOT NULL,
  `role_id` int(11) NOT NULL,
  `role_name` varchar(10) NOT NULL
) ENGINE=InnoDB DEFAULT CHARSET=latin1;

--
-- Indexes for dumped tables
--

--
-- Indexes for table `claims_category`
--
ALTER TABLE `claims_category`
  ADD PRIMARY KEY (`id`);

--
-- Indexes for table `claims_detail`
--
ALTER TABLE `claims_detail`
  ADD PRIMARY KEY (`id`);

--
-- Indexes for table `claims_header`
--
ALTER TABLE `claims_header`
  ADD PRIMARY KEY (`id`);

--
-- Indexes for table `departments`
--
ALTER TABLE `departments`
  ADD PRIMARY KEY (`id`);

--
-- Indexes for table `items`
--
ALTER TABLE `items`
  ADD PRIMARY KEY (`itemid`),
  ADD UNIQUE KEY `itemid` (`itemid`);

--
-- Indexes for table `item_movement`
--
ALTER TABLE `item_movement`
  ADD PRIMARY KEY (`id`),
  ADD UNIQUE KEY `id` (`id`);

--
-- Indexes for table `refunds_detail`
--
ALTER TABLE `refunds_detail`
  ADD PRIMARY KEY (`id`);

--
-- Indexes for table `refunds_header`
--
ALTER TABLE `refunds_header`
  ADD PRIMARY KEY (`id`);

--
-- Indexes for table `requisition_detail`
--
ALTER TABLE `requisition_detail`
  ADD PRIMARY KEY (`reqdetailid`);

--
-- Indexes for table `requisition_header`
--
ALTER TABLE `requisition_header`
  ADD PRIMARY KEY (`reqnumber`);

--
-- Indexes for table `uom`
--
ALTER TABLE `uom`
  ADD PRIMARY KEY (`id`);

--
-- Indexes for table `uploads`
--
ALTER TABLE `uploads`
  ADD PRIMARY KEY (`id`);

--
-- Indexes for table `users`
--
ALTER TABLE `users`
  ADD PRIMARY KEY (`id`);

--
-- Indexes for table `user_type`
--
ALTER TABLE `user_type`
  ADD PRIMARY KEY (`id`);

--
-- AUTO_INCREMENT for dumped tables
--

--
-- AUTO_INCREMENT for table `claims_category`
--
ALTER TABLE `claims_category`
  MODIFY `id` int(11) NOT NULL AUTO_INCREMENT, AUTO_INCREMENT=129;

--
-- AUTO_INCREMENT for table `claims_detail`
--
ALTER TABLE `claims_detail`
  MODIFY `id` int(11) NOT NULL AUTO_INCREMENT, AUTO_INCREMENT=1377;

--
-- AUTO_INCREMENT for table `claims_header`
--
ALTER TABLE `claims_header`
  MODIFY `id` int(11) NOT NULL AUTO_INCREMENT, AUTO_INCREMENT=580;

--
-- AUTO_INCREMENT for table `departments`
--
ALTER TABLE `departments`
  MODIFY `id` int(11) NOT NULL AUTO_INCREMENT, AUTO_INCREMENT=21;

--
-- AUTO_INCREMENT for table `items`
--
ALTER TABLE `items`
  MODIFY `itemid` int(11) NOT NULL AUTO_INCREMENT, AUTO_INCREMENT=711;

--
-- AUTO_INCREMENT for table `item_movement`
--
ALTER TABLE `item_movement`
  MODIFY `id` int(11) NOT NULL AUTO_INCREMENT, AUTO_INCREMENT=340;

--
-- AUTO_INCREMENT for table `refunds_detail`
--
ALTER TABLE `refunds_detail`
  MODIFY `id` int(11) NOT NULL AUTO_INCREMENT, AUTO_INCREMENT=116;

--
-- AUTO_INCREMENT for table `refunds_header`
--
ALTER TABLE `refunds_header`
  MODIFY `id` int(11) NOT NULL AUTO_INCREMENT, AUTO_INCREMENT=114;

--
-- AUTO_INCREMENT for table `requisition_detail`
--
ALTER TABLE `requisition_detail`
  MODIFY `reqdetailid` int(11) NOT NULL AUTO_INCREMENT, AUTO_INCREMENT=468;

--
-- AUTO_INCREMENT for table `requisition_header`
--
ALTER TABLE `requisition_header`
  MODIFY `reqnumber` int(11) NOT NULL AUTO_INCREMENT, AUTO_INCREMENT=357;

--
-- AUTO_INCREMENT for table `uom`
--
ALTER TABLE `uom`
  MODIFY `id` int(11) NOT NULL AUTO_INCREMENT, AUTO_INCREMENT=39;

--
-- AUTO_INCREMENT for table `uploads`
--
ALTER TABLE `uploads`
  MODIFY `id` int(11) NOT NULL AUTO_INCREMENT, AUTO_INCREMENT=21;

--
-- AUTO_INCREMENT for table `users`
--
ALTER TABLE `users`
  MODIFY `id` int(11) NOT NULL AUTO_INCREMENT, AUTO_INCREMENT=59;

--
-- AUTO_INCREMENT for table `user_type`
--
ALTER TABLE `user_type`
  MODIFY `id` int(11) NOT NULL AUTO_INCREMENT;
COMMIT;

/*!40101 SET CHARACTER_SET_CLIENT=@OLD_CHARACTER_SET_CLIENT */;
/*!40101 SET CHARACTER_SET_RESULTS=@OLD_CHARACTER_SET_RESULTS */;
/*!40101 SET COLLATION_CONNECTION=@OLD_COLLATION_CONNECTION */;
